Date,Adj Close,Close,High,Low,Open,Volume
1980-12-12,0.09883447,0.128347993,0.128905997,0.128347993,0.128347993,469033600
1980-12-15,0.093678214,0.121652,0.122210003,0.121652,0.122210003,175884800
1980-12-16,0.086802408,0.112723,0.113280997,0.112723,0.113280997,105728000
1980-12-17,0.088950872,0.115512997,0.116071001,0.115512997,0.115512997,86441600
1980-12-18,0.091529764,0.118862003,0.119419999,0.118862003,0.118862003,73449600
1980-12-19,0.097115695,0.126115993,0.126673996,0.126115993,0.126115993,48630400
1980-12-22,0.101842329,0.132254004,0.132813007,0.132254004,0.132254004,37363200
1980-12-23,0.10613998,0.137834996,0.138393,0.137834996,0.137834996,46950400
1980-12-24,0.111725859,0.145089,0.145647004,0.145089,0.145089,48003200
1980-12-26,0.122039191,0.158482,0.159040004,0.158482,0.158482,55574400
1980-12-29,0.123757936,0.160714,0.161272004,0.160714,0.160714,93161600
1980-12-30,0.120750137,0.156808004,0.157365993,0.156808004,0.157365993,68880000
1980-12-31,0.117312618,0.152344003,0.152902007,0.152344003,0.152902007,35750400
1981-01-02,0.118601672,0.154018,0.155134007,0.154018,0.154018,21660800
1981-01-05,0.11602354,0.150670007,0.151227996,0.150670007,0.151227996,35728000
1981-01-06,0.110866457,0.143972993,0.144530997,0.143972993,0.144530997,45158400
1981-01-07,0.10613998,0.137834996,0.138393,0.137834996,0.138393,55686400
1981-01-08,0.103991516,0.135045007,0.135602996,0.135045007,0.135602996,39827200
1981-01-09,0.109577484,0.142298996,0.142857,0.142298996,0.142298996,21504000
1981-01-12,0.108718075,0.141183004,0.142298996,0.141183004,0.142298996,23699200
1981-01-13,0.104850866,0.136161,0.136719003,0.136161,0.136719003,23049600
1981-01-14,0.105280563,0.136719003,0.137277007,0.136719003,0.136719003,14291200
1981-01-15,0.107429035,0.139509007,0.140625,0.139509007,0.139509007,14067200
1981-01-16,0.10656964,0.138393,0.138951004,0.138393,0.138951004,13395200
1981-01-19,0.113014929,0.146762997,0.147321001,0.146762997,0.146762997,41574400
1981-01-20,0.109577484,0.142298996,0.142857,0.142298996,0.142857,30083200
1981-01-21,0.111725859,0.145089,0.146204993,0.145089,0.145089,15904000
1981-01-22,0.113014929,0.146762997,0.147879004,0.146762997,0.146762997,35548800
1981-01-23,0.112585276,0.146204993,0.147321001,0.146204993,0.146762997,11222400
1981-01-26,0.110866457,0.143972993,0.144530997,0.143972993,0.144530997,24640000
1981-01-27,0.110007107,0.142857,0.143972993,0.142857,0.143972993,23699200
1981-01-28,0.10656964,0.138393,0.138951004,0.138393,0.138951004,28156800
1981-01-29,0.102702424,0.133370996,0.133928999,0.133370996,0.133928999,43904000
1981-01-30,0.097115695,0.126115993,0.127232,0.126115993,0.127232,46188800
1981-02-02,0.091529764,0.118862003,0.119419999,0.118862003,0.119419999,23766400
1981-02-03,0.094967306,0.123326004,0.123884,0.123326004,0.123326004,19152000
1981-02-04,0.098404787,0.127790004,0.128347993,0.127790004,0.127790004,27865600
1981-02-05,0.098404787,0.127790004,0.128905997,0.127790004,0.127790004,7929600
1981-02-06,0.09883447,0.128347993,0.128905997,0.128347993,0.128347993,13865600
1981-02-09,0.093678214,0.121652,0.122768,0.121652,0.122768,16755200
1981-02-10,0.093678214,0.121652,0.122210003,0.121652,0.121652,18345600
1981-02-11,0.090670392,0.117746003,0.118303999,0.117746003,0.118303999,13843200
1981-02-12,0.08981023,0.116628997,0.117187999,0.116628997,0.117187999,14560000
1981-02-13,0.08766181,0.113839,0.114955001,0.113839,0.114955001,11155200
1981-02-17,0.08981023,0.116628997,0.117187999,0.116628997,0.116628997,12275200
1981-02-18,0.093678214,0.121652,0.122768,0.121652,0.121652,19241600
1981-02-19,0.088091508,0.114396997,0.114955001,0.114396997,0.114955001,22310400
1981-02-20,0.083364911,0.108259,0.108817004,0.108259,0.108817004,24371200
1981-02-23,0.084653996,0.109932996,0.110491,0.109932996,0.109932996,14112000
1981-02-24,0.081646182,0.106027,0.107143,0.106027,0.107143,16979200
1981-02-25,0.086802408,0.112723,0.113280997,0.112723,0.112723,19488000
1981-02-26,0.088091508,0.114396997,0.114955001,0.114396997,0.114396997,10841600
1981-02-27,0.091100067,0.118303999,0.119419999,0.118303999,0.118303999,14761600
1981-03-02,0.091529764,0.118862003,0.119419999,0.118862003,0.118862003,11760000
1981-03-03,0.09024068,0.117187999,0.117746003,0.117187999,0.117746003,16172800
1981-03-04,0.089380607,0.116071001,0.116628997,0.116071001,0.116628997,13708800
1981-03-05,0.088950872,0.115512997,0.116071001,0.115512997,0.116071001,5376000
1981-03-06,0.088091508,0.114396997,0.115512997,0.114396997,0.115512997,11603200
1981-03-09,0.081216462,0.105469003,0.106027,0.105469003,0.106027,15321600
1981-03-10,0.0773485,0.100446001,0.101003997,0.100446001,0.101003997,28380800
1981-03-11,0.074340694,0.096539997,0.097655997,0.096539997,0.097655997,29859200
1981-03-12,0.0773485,0.100446001,0.101003997,0.100446001,0.100446001,59248000
1981-03-13,0.076489128,0.099330001,0.099887997,0.099330001,0.099887997,231302400
1981-03-16,0.07949771,0.103237003,0.104353003,0.103237003,0.103237003,37228800
1981-03-17,0.083364911,0.108259,0.109375,0.108259,0.108259,43747200
1981-03-18,0.08852119,0.114955001,0.116071001,0.114955001,0.114955001,36937600
1981-03-19,0.08766181,0.113839,0.114396997,0.113839,0.114396997,37811200
1981-03-20,0.08852119,0.114955001,0.116071001,0.114955001,0.114955001,14604800
1981-03-23,0.091959454,0.119419999,0.120536,0.119419999,0.119419999,22019200
1981-03-24,0.091529764,0.118862003,0.119419999,0.118862003,0.119419999,28156800
1981-03-25,0.08981023,0.116628997,0.117746003,0.116628997,0.117746003,7056000
1981-03-26,0.088091508,0.114396997,0.114955001,0.114396997,0.114955001,12275200
1981-03-27,0.085083708,0.110491,0.111048996,0.110491,0.111048996,12252800
1981-03-30,0.085083708,0.110491,0.111607,0.110491,0.110491,9900800
1981-03-31,0.084224284,0.109375,0.110491,0.109375,0.110491,15993600
1981-04-01,0.083364911,0.108259,0.108817004,0.108259,0.108817004,34070400
1981-04-02,0.090670392,0.117746003,0.118303999,0.117746003,0.117746003,31404800
1981-04-03,0.091100067,0.118303999,0.118862003,0.118303999,0.118303999,16486400
1981-04-06,0.089380607,0.116071001,0.116628997,0.116071001,0.116628997,22803200
1981-04-07,0.08852119,0.114955001,0.115512997,0.114955001,0.115512997,10684800
1981-04-08,0.092818819,0.120536,0.121652,0.120536,0.120536,21952000
1981-04-09,0.094537601,0.122768,0.123326004,0.122768,0.122768,12499200
1981-04-10,0.095826671,0.124442004,0.125,0.124442004,0.124442004,33465600
1981-04-13,0.095826671,0.124442004,0.125,0.124442004,0.124442004,16060800
1981-04-14,0.095826671,0.124442004,0.125,0.124442004,0.124442004,6652800
1981-04-15,0.091100067,0.118303999,0.118862003,0.118303999,0.118862003,34048000
1981-04-16,0.085943043,0.111607,0.112164997,0.111607,0.112164997,23878400
1981-04-20,0.08852119,0.114955001,0.115512997,0.114955001,0.114955001,35347200
1981-04-21,0.094537601,0.122768,0.123326004,0.122768,0.122768,28537600
1981-04-22,0.097975098,0.127232,0.127790004,0.127232,0.127232,18995200
1981-04-23,0.100553259,0.130579993,0.131137997,0.130579993,0.130579993,58016000
1981-04-24,0.099693879,0.129464,0.130579993,0.129464,0.130579993,35056000
1981-04-27,0.09883447,0.128347993,0.128905997,0.128347993,0.128905997,38528000
1981-04-28,0.097115695,0.126115993,0.126673996,0.126115993,0.126673996,32188800
1981-04-29,0.095826671,0.124442004,0.125,0.124442004,0.125,13641600
1981-04-30,0.097545393,0.126673996,0.127790004,0.126673996,0.126673996,12611200
1981-05-01,0.097545393,0.126673996,0.127790004,0.126673996,0.126673996,16553600
1981-05-04,0.097115695,0.126115993,0.126673996,0.126115993,0.126673996,14448000
1981-05-05,0.09668605,0.125558004,0.126115993,0.125558004,0.126115993,17539200
1981-05-06,0.094107933,0.122210003,0.122768,0.122210003,0.122768,18950400
1981-05-07,0.095396951,0.123884,0.124442004,0.123884,0.123884,9363200
1981-05-08,0.096256346,0.125,0.125558004,0.125,0.125,7907200
1981-05-11,0.094107933,0.122210003,0.122768,0.122210003,0.122768,11939200
1981-05-12,0.094107933,0.122210003,0.123884,0.122210003,0.122210003,4256000
1981-05-13,0.093678214,0.121652,0.123326004,0.121652,0.122210003,4905600
1981-05-14,0.092389166,0.119978003,0.121094003,0.119978003,0.121094003,4928000
1981-05-15,0.094537601,0.122768,0.124442004,0.122768,0.122768,4905600
1981-05-18,0.096256346,0.125,0.126115993,0.125,0.125,4166400
1981-05-19,0.094537601,0.122768,0.123326004,0.122768,0.123326004,25424000
1981-05-20,0.097545393,0.126673996,0.127790004,0.126673996,0.126673996,13283200
1981-05-21,0.103132106,0.133928999,0.134487003,0.133928999,0.133928999,32211200
1981-05-22,0.10785868,0.140066996,0.141183004,0.140066996,0.140066996,31427200
1981-05-26,0.107429035,0.139509007,0.140066996,0.139509007,0.140066996,85344000
1981-05-27,0.113444664,0.147321001,0.147879004,0.147321001,0.147321001,149497600
1981-05-28,0.113444664,0.147321001,0.147879004,0.147321001,0.147321001,73987200
1981-05-29,0.113874331,0.147879004,0.148438007,0.147879004,0.147879004,59382400
1981-06-01,0.113874331,0.147879004,0.148438007,0.147879004,0.147879004,51251200
1981-06-02,0.108288407,0.140625,0.141183004,0.140625,0.141183004,40432000
1981-06-03,0.108288407,0.140625,0.141740993,0.140625,0.140625,39446400
1981-06-04,0.110436834,0.143415004,0.143972993,0.143415004,0.143415004,56067200
1981-06-05,0.108718075,0.141183004,0.141740993,0.141183004,0.141740993,57680000
1981-06-08,0.104850866,0.136161,0.136719003,0.136161,0.136719003,93497600
1981-06-09,0.10699933,0.138951004,0.139509007,0.138951004,0.138951004,119593600
1981-06-10,0.108288407,0.140625,0.142298996,0.140625,0.140625,25222400
1981-06-11,0.113014929,0.146762997,0.147321001,0.146762997,0.146762997,38976000
1981-06-12,0.111725859,0.145089,0.145647004,0.145089,0.145647004,25804800
1981-06-15,0.111296199,0.144530997,0.145089,0.144530997,0.145089,143763200
1981-06-16,0.10914775,0.141740993,0.142298996,0.141740993,0.142298996,37251200
1981-06-17,0.107429035,0.139509007,0.140066996,0.139509007,0.140066996,27574400
1981-06-18,0.10699933,0.138951004,0.140066996,0.138951004,0.139509007,23049600
1981-06-19,0.103991516,0.135045007,0.135602996,0.135045007,0.135602996,27507200
1981-06-22,0.100123547,0.130022004,0.130579993,0.130022004,0.130579993,10841600
1981-06-23,0.101842329,0.132254004,0.133370996,0.132254004,0.132254004,15030400
1981-06-24,0.099264123,0.128905997,0.130022004,0.128905997,0.130022004,23027200
1981-06-25,0.101412602,0.131696001,0.132254004,0.131696001,0.131696001,24259200
1981-06-26,0.100123547,0.130022004,0.131137997,0.130022004,0.131137997,23788800
1981-06-29,0.09668605,0.125558004,0.126673996,0.125558004,0.126673996,10595200
1981-06-30,0.089380607,0.116071001,0.116628997,0.116071001,0.116628997,35907200
1981-07-01,0.08852119,0.114955001,0.115512997,0.114955001,0.115512997,170464000
1981-07-02,0.08852119,0.114955001,0.115512997,0.114955001,0.114955001,30284800
1981-07-06,0.085513346,0.111048996,0.112164997,0.111048996,0.112164997,16531200
1981-07-07,0.086372741,0.112164997,0.113280997,0.112164997,0.112164997,15836800
1981-07-08,0.08981023,0.116628997,0.117187999,0.116628997,0.116628997,16620800
1981-07-09,0.082935259,0.107701004,0.108259,0.107701004,0.108259,32883200
1981-07-10,0.076489128,0.099330001,0.099887997,0.099330001,0.099887997,55171200
1981-07-13,0.07820867,0.101562999,0.102121003,0.101562999,0.101562999,45740800
1981-07-14,0.081646182,0.106027,0.107143,0.106027,0.106027,19779200
1981-07-15,0.083794631,0.108817004,0.109375,0.108817004,0.108817004,10953600
1981-07-16,0.085943043,0.111607,0.112723,0.111607,0.111607,15232000
1981-07-17,0.088950872,0.115512997,0.116071001,0.115512997,0.115512997,19824000
1981-07-20,0.082935259,0.107701004,0.108259,0.107701004,0.108259,23654400
1981-07-21,0.082505554,0.107143,0.107701004,0.107143,0.107701004,31942400
1981-07-22,0.07777819,0.101003997,0.102121003,0.101003997,0.102121003,22668800
1981-07-23,0.07992743,0.103794999,0.104353003,0.103794999,0.103794999,34451200
1981-07-24,0.082505554,0.107143,0.107701004,0.107143,0.107143,28851200
1981-07-27,0.085943043,0.111607,0.112164997,0.111607,0.111607,17337600
1981-07-28,0.082935259,0.107701004,0.108259,0.107701004,0.108259,22848000
1981-07-29,0.081646182,0.106027,0.106585003,0.106027,0.106585003,15500800
1981-07-30,0.084653996,0.109932996,0.111048996,0.109932996,0.109932996,9900800
1981-07-31,0.085943043,0.111607,0.112164997,0.111607,0.111607,10953600
1981-08-03,0.085083708,0.110491,0.111607,0.110491,0.111607,12432000
1981-08-04,0.086372741,0.112164997,0.112723,0.112164997,0.112164997,31673600
1981-08-05,0.088950872,0.115512997,0.116071001,0.115512997,0.115512997,17494400
1981-08-06,0.086802408,0.112723,0.113280997,0.112723,0.113280997,10528000
1981-08-07,0.086802408,0.112723,0.113280997,0.112723,0.112723,9206400
1981-08-10,0.086802408,0.112723,0.112723,0.112723,0.112723,0
1981-08-11,0.084224284,0.109375,0.110491,0.109375,0.110491,71456000
1981-08-12,0.082505554,0.107143,0.107701004,0.107143,0.107701004,26275200
1981-08-13,0.07992743,0.103794999,0.104353003,0.103794999,0.104353003,27484800
1981-08-14,0.078638367,0.102121003,0.103237003,0.102121003,0.103237003,24192000
1981-08-17,0.076059453,0.098771997,0.099887997,0.098771997,0.099887997,18905600
1981-08-18,0.074340694,0.096539997,0.097655997,0.096539997,0.097655997,17001600
1981-08-19,0.073481314,0.095423996,0.096539997,0.095423996,0.096539997,20675200
1981-08-20,0.074340694,0.096539997,0.097098,0.096539997,0.096539997,17113600
1981-08-21,0.069184445,0.089844003,0.090960003,0.089844003,0.090960003,41910400
1981-08-24,0.064886786,0.084262997,0.084821001,0.084262997,0.084821001,23072000
1981-08-25,0.066606328,0.086496003,0.087053999,0.086496003,0.086496003,40700800
1981-08-26,0.065316483,0.084821001,0.085378997,0.084821001,0.085378997,33600000
1981-08-27,0.065746203,0.085378997,0.085937999,0.085378997,0.085378997,25916800
1981-08-28,0.069184445,0.089844003,0.090402,0.089844003,0.089844003,38035200
1981-08-31,0.069184445,0.089844003,0.090402,0.089844003,0.089844003,40947200
1981-09-01,0.073481314,0.095423996,0.095982,0.095423996,0.095423996,37027200
1981-09-02,0.074770376,0.097098,0.097655997,0.097098,0.097098,19376000
1981-09-03,0.070903197,0.092076004,0.093192004,0.092076004,0.093192004,37475200
1981-09-04,0.070043862,0.090960003,0.091518,0.090960003,0.091518,15254400
1981-09-08,0.067895405,0.088169999,0.088728003,0.088169999,0.088728003,25446400
1981-09-09,0.067895405,0.088169999,0.088728003,0.088169999,0.088169999,30531200
1981-09-10,0.068325035,0.088728003,0.089286,0.088728003,0.088728003,34809600
1981-09-11,0.067465685,0.087612003,0.088169999,0.087612003,0.088169999,17539200
1981-09-14,0.065316483,0.084821001,0.085378997,0.084821001,0.085378997,27686400
1981-09-15,0.063597739,0.082589,0.083146997,0.082589,0.083146997,19510400
1981-09-16,0.062308643,0.080914997,0.081473,0.080914997,0.081473,19353600
1981-09-17,0.060589883,0.078682996,0.079241,0.078682996,0.079241,19376000
1981-09-18,0.061019596,0.079241,0.079798996,0.079241,0.079241,26320000
1981-09-21,0.0614493,0.079798996,0.080357,0.079798996,0.079798996,49033600
1981-09-22,0.05801177,0.075335003,0.075893,0.075335003,0.075893,47420800
1981-09-23,0.056722708,0.073661,0.074777,0.073661,0.074777,28201600
1981-09-24,0.056293011,0.073103003,0.073661,0.073103003,0.073661,18300800
1981-09-25,0.048987549,0.063616,0.064732,0.063616,0.064732,34608000
1981-09-28,0.049417235,0.064173996,0.064732,0.064173996,0.064173996,91728000
1981-09-29,0.051995356,0.067521997,0.068080001,0.067521997,0.067521997,94684800
1981-09-30,0.05242506,0.068080001,0.068637997,0.068080001,0.068080001,49996800
1981-10-01,0.05242506,0.068080001,0.068637997,0.068080001,0.068080001,61129600
1981-10-02,0.056722708,0.073661,0.074219003,0.073661,0.073661,45046400
1981-10-05,0.058441475,0.075893,0.077009,0.075893,0.075893,43097600
1981-10-06,0.05801177,0.075335003,0.075893,0.075335003,0.075893,28358400
1981-10-07,0.0614493,0.079798996,0.080914997,0.079798996,0.079798996,38841600
1981-10-08,0.063597739,0.082589,0.083146997,0.082589,0.082589,31091200
1981-10-09,0.064027421,0.083146997,0.084262997,0.083146997,0.083146997,54521600
1981-10-12,0.066176631,0.085937999,0.086496003,0.085937999,0.085937999,27350400
1981-10-13,0.066176631,0.085937999,0.087053999,0.085937999,0.085937999,44195200
1981-10-14,0.062308643,0.080914997,0.081473,0.080914997,0.081473,30979200
1981-10-15,0.063597739,0.082589,0.083146997,0.082589,0.082589,29433600
1981-10-16,0.062738344,0.081473,0.082030997,0.081473,0.082030997,36467200
1981-10-19,0.064027421,0.083146997,0.083705001,0.083146997,0.083146997,20585600
1981-10-20,0.067465685,0.087612003,0.088169999,0.087612003,0.087612003,35728000
1981-10-21,0.067465685,0.087612003,0.088169999,0.087612003,0.087612003,76899200
1981-10-22,0.06703601,0.087053999,0.087612003,0.087053999,0.087612003,32278400
1981-10-23,0.065316483,0.084821001,0.085378997,0.084821001,0.085378997,27910400
1981-10-26,0.065316483,0.084821001,0.085378997,0.084821001,0.084821001,27283200
1981-10-27,0.066606328,0.086496003,0.087612003,0.086496003,0.086496003,85590400
1981-10-28,0.068754785,0.089286,0.089844003,0.089286,0.089286,44172800
1981-10-29,0.067895405,0.088169999,0.088728003,0.088169999,0.088728003,30486400
1981-10-30,0.068754785,0.089286,0.089844003,0.089286,0.089286,52729600
1981-11-02,0.068754785,0.089286,0.089844003,0.089286,0.089286,36915200
1981-11-03,0.067895405,0.088169999,0.088728003,0.088169999,0.088728003,28380800
1981-11-04,0.066176631,0.085937999,0.086496003,0.085937999,0.086496003,23811200
1981-11-05,0.0614493,0.079798996,0.080357,0.079798996,0.080357,23363200
1981-11-06,0.061878968,0.080357,0.080914997,0.080357,0.080357,24595200
1981-11-09,0.062738344,0.081473,0.082030997,0.081473,0.081473,20384000
1981-11-10,0.063168027,0.082030997,0.082589,0.082030997,0.082030997,16755200
1981-11-11,0.064886786,0.084262997,0.084821001,0.084262997,0.084262997,27440000
1981-11-12,0.06703601,0.087053999,0.087612003,0.087053999,0.087053999,39916800
1981-11-13,0.062308643,0.080914997,0.081473,0.080914997,0.081473,21011200
1981-11-16,0.0614493,0.079798996,0.080357,0.079798996,0.080357,22556800
1981-11-17,0.062738344,0.081473,0.082030997,0.081473,0.081473,35414400
1981-11-18,0.064886786,0.084262997,0.084821001,0.084262997,0.084262997,29142400
1981-11-19,0.064886786,0.084262997,0.084821001,0.084262997,0.084262997,40006400
1981-11-20,0.065316483,0.084821001,0.085378997,0.084821001,0.084821001,38102400
1981-11-23,0.062308643,0.080914997,0.082030997,0.080914997,0.082030997,22960000
1981-11-24,0.061878968,0.080357,0.080914997,0.080357,0.080914997,22153600
1981-11-25,0.063168027,0.082030997,0.082589,0.082030997,0.082030997,52550400
1981-11-27,0.064886786,0.084262997,0.084821001,0.084262997,0.084262997,37251200
1981-11-30,0.064027421,0.083146997,0.083705001,0.083146997,0.083705001,23968000
1981-12-01,0.064027421,0.083146997,0.083705001,0.083146997,0.083146997,23385600
1981-12-02,0.064457119,0.083705001,0.084262997,0.083705001,0.083705001,37564800
1981-12-03,0.063597739,0.082589,0.083146997,0.082589,0.083146997,20428800
1981-12-04,0.065316483,0.084821001,0.085378997,0.084821001,0.084821001,137155200
1981-12-07,0.065746203,0.085378997,0.085937999,0.085378997,0.085378997,59292800
1981-12-08,0.064457119,0.083705001,0.084821001,0.083705001,0.084821001,50624000
1981-12-09,0.064886786,0.084262997,0.084821001,0.084262997,0.084262997,34272000
1981-12-10,0.064886786,0.084262997,0.084821001,0.084262997,0.084262997,37408000
1981-12-11,0.064457119,0.083705001,0.084821001,0.083705001,0.084262997,76092800
1981-12-14,0.062308643,0.080914997,0.082030997,0.080914997,0.082030997,25244800
1981-12-15,0.064027421,0.083146997,0.083705001,0.083146997,0.083146997,31315200
1981-12-16,0.06703601,0.087053999,0.087612003,0.087053999,0.087053999,65452800
1981-12-17,0.072621949,0.094307996,0.094866,0.094307996,0.094307996,51452800
1981-12-18,0.078638367,0.102121003,0.102678999,0.102121003,0.102121003,71724800
1981-12-21,0.075200059,0.097655997,0.098214,0.097655997,0.098214,56403200
1981-12-22,0.076489128,0.099330001,0.099887997,0.099330001,0.099330001,53827200
1981-12-23,0.074770376,0.097098,0.097655997,0.097098,0.097655997,28896000
1981-12-24,0.075200059,0.097655997,0.098214,0.097655997,0.097655997,28918400
1981-12-28,0.071762592,0.093192004,0.094307996,0.093192004,0.094307996,36579200
1981-12-29,0.073051631,0.094866,0.095982,0.094866,0.094866,24236800
1981-12-30,0.076059453,0.098771997,0.099330001,0.098771997,0.098771997,32188800
1981-12-31,0.076059453,0.098771997,0.099330001,0.098771997,0.098771997,54656000
1982-01-04,0.075629778,0.098214,0.098771997,0.098214,0.098771997,71254400
1982-01-05,0.071762592,0.093192004,0.094307996,0.093192004,0.094307996,35840000
1982-01-06,0.070903197,0.092076004,0.092634,0.092076004,0.092634,66080000
1982-01-07,0.065316483,0.084821001,0.085937999,0.084821001,0.085937999,70044800
1982-01-08,0.068325035,0.088728003,0.089286,0.088728003,0.088728003,56604800
1982-01-11,0.064027421,0.083146997,0.083705001,0.083146997,0.083705001,33331200
1982-01-12,0.061878968,0.080357,0.080914997,0.080357,0.080914997,59920000
1982-01-13,0.0614493,0.079798996,0.080357,0.079798996,0.080357,41753600
1982-01-14,0.064457119,0.083705001,0.084262997,0.083705001,0.083705001,25715200
1982-01-15,0.068754785,0.089286,0.090402,0.089286,0.089286,46704000
1982-01-18,0.070043862,0.090960003,0.092076004,0.090960003,0.090960003,28000000
1982-01-19,0.068325035,0.088728003,0.089844003,0.088728003,0.089844003,55507200
1982-01-20,0.069614157,0.090402,0.090960003,0.090402,0.090402,25827200
1982-01-21,0.070903197,0.092076004,0.092634,0.092076004,0.092076004,33331200
1982-01-22,0.071332887,0.092634,0.093192004,0.092634,0.092634,24259200
1982-01-25,0.069184445,0.089844003,0.090402,0.089844003,0.090402,44710400
1982-01-26,0.066606328,0.086496003,0.087612003,0.086496003,0.087612003,21212800
1982-01-27,0.06703601,0.087053999,0.088169999,0.087053999,0.087053999,31360000
1982-01-28,0.069184445,0.089844003,0.090402,0.089844003,0.089844003,39603200
1982-01-29,0.070043862,0.090960003,0.091518,0.090960003,0.090960003,53155200
1982-02-01,0.069184445,0.089844003,0.090960003,0.089844003,0.090960003,38528000
1982-02-02,0.069614157,0.090402,0.091518,0.090402,0.090402,54275200
1982-02-03,0.069614157,0.090402,0.090960003,0.090402,0.090402,31472000
1982-02-04,0.067895405,0.088169999,0.088728003,0.088169999,0.088728003,22041600
1982-02-05,0.067895405,0.088169999,0.088728003,0.088169999,0.088169999,40297600
1982-02-08,0.063597739,0.082589,0.083146997,0.082589,0.083146997,31696000
1982-02-09,0.063597739,0.082589,0.083146997,0.082589,0.082589,57904000
1982-02-10,0.064457119,0.083705001,0.084262997,0.083705001,0.083705001,38796800
1982-02-11,0.063597739,0.082589,0.083146997,0.082589,0.083146997,24528000
1982-02-12,0.064457119,0.083705001,0.084262997,0.083705001,0.083705001,19644800
1982-02-16,0.063168027,0.082030997,0.082589,0.082030997,0.082589,34316800
1982-02-17,0.064027421,0.083146997,0.083705001,0.083146997,0.083146997,25580800
1982-02-18,0.064886786,0.084262997,0.084821001,0.084262997,0.084262997,28380800
1982-02-19,0.064457119,0.083705001,0.084262997,0.083705001,0.084262997,13596800
1982-02-22,0.063597739,0.082589,0.083146997,0.082589,0.083146997,26633600
1982-02-23,0.062738344,0.081473,0.082030997,0.081473,0.082030997,34540800
1982-02-24,0.063168027,0.082030997,0.082589,0.082030997,0.082030997,37945600
1982-02-25,0.062738344,0.081473,0.082030997,0.081473,0.082030997,30800000
1982-02-26,0.062738344,0.081473,0.082030997,0.081473,0.081473,17427200
1982-03-01,0.063168027,0.082030997,0.082589,0.082030997,0.082030997,35302400
1982-03-02,0.063168027,0.082030997,0.082589,0.082030997,0.082030997,34809600
1982-03-03,0.063168027,0.082030997,0.082589,0.082030997,0.082030997,23654400
1982-03-04,0.061878968,0.080357,0.080914997,0.080357,0.080914997,38371200
1982-03-05,0.057152409,0.074219003,0.074777,0.074219003,0.074777,45315200
1982-03-08,0.056293011,0.073103003,0.073661,0.073103003,0.073661,35145600
1982-03-09,0.056722708,0.073661,0.074219003,0.073661,0.073661,52505600
1982-03-10,0.055863343,0.072544999,0.073103003,0.072544999,0.073103003,86934400
1982-03-11,0.055863343,0.072544999,0.073661,0.072544999,0.072544999,22579200
1982-03-12,0.05242506,0.068080001,0.068637997,0.068080001,0.068637997,46547200
1982-03-15,0.051995356,0.067521997,0.068080001,0.067521997,0.068080001,51363200
1982-03-16,0.051135983,0.066405997,0.066964,0.066405997,0.066964,47152000
1982-03-17,0.048557848,0.063057996,0.063616,0.063057996,0.063616,50489600
1982-03-18,0.05242506,0.068080001,0.068637997,0.068080001,0.068080001,56336000
1982-03-19,0.057152409,0.074219003,0.074777,0.074219003,0.074219003,65811200
1982-03-22,0.0614493,0.079798996,0.080357,0.079798996,0.079798996,69193600
1982-03-23,0.060589883,0.078682996,0.079241,0.078682996,0.079241,55955200
1982-03-24,0.057152409,0.074219003,0.074777,0.074219003,0.074777,51609600
1982-03-25,0.056722708,0.073661,0.074219003,0.073661,0.074219003,84112000
1982-03-26,0.055863343,0.072544999,0.073103003,0.072544999,0.073103003,50780800
1982-03-29,0.057152409,0.074219003,0.074777,0.074219003,0.074219003,67603200
1982-03-30,0.05801177,0.075335003,0.075893,0.075335003,0.075335003,77952000
1982-03-31,0.05801177,0.075335003,0.075893,0.075335003,0.075335003,50153600
1982-04-01,0.061019596,0.079241,0.079798996,0.079241,0.079241,59136000
1982-04-02,0.061019596,0.079241,0.079798996,0.079241,0.079241,84806400
1982-04-05,0.061019596,0.079241,0.079798996,0.079241,0.079241,86643200
1982-04-06,0.060589883,0.078682996,0.079241,0.078682996,0.079241,71590400
1982-04-07,0.059730541,0.077567004,0.078125,0.077567004,0.078125,29097600
1982-04-08,0.06016022,0.078125,0.078682996,0.078125,0.078125,23990400
1982-04-12,0.059730541,0.077567004,0.078682996,0.077567004,0.078125,44307200
1982-04-13,0.055003956,0.071428999,0.071987003,0.071428999,0.071987003,85299200
1982-04-14,0.055433653,0.071987003,0.072544999,0.071987003,0.071987003,113590400
1982-04-15,0.056293011,0.073103003,0.073661,0.073103003,0.073103003,164281600
1982-04-16,0.05801177,0.075335003,0.075893,0.075335003,0.075335003,104048000
1982-04-19,0.056722708,0.073661,0.074777,0.073661,0.074777,41283200
1982-04-20,0.054144565,0.070312999,0.070871003,0.070312999,0.070871003,80550400
1982-04-21,0.05371413,0.069753997,0.070312999,0.069753997,0.070312999,73024000
1982-04-22,0.052854724,0.068637997,0.069196001,0.068637997,0.069196001,52595200
1982-04-23,0.052854724,0.068637997,0.069196001,0.068637997,0.068637997,48294400
1982-04-26,0.054144565,0.070312999,0.070871003,0.070312999,0.070312999,57926400
1982-04-27,0.05242506,0.068080001,0.068637997,0.068080001,0.068637997,70268800
1982-04-28,0.05027663,0.065289997,0.065848,0.065289997,0.065848,99232000
1982-04-29,0.05027663,0.065289997,0.065848,0.065289997,0.065289997,82230400
1982-04-30,0.050706301,0.065848,0.066405997,0.065848,0.065848,277401600
1982-05-03,0.05242506,0.068080001,0.068637997,0.068080001,0.068080001,82700800
1982-05-04,0.054144565,0.070312999,0.070871003,0.070312999,0.070312999,73987200
1982-05-05,0.053284436,0.069196001,0.070312999,0.069196001,0.070312999,53939200
1982-05-06,0.055003956,0.071428999,0.071987003,0.071428999,0.071428999,75465600
1982-05-07,0.055863343,0.072544999,0.073103003,0.072544999,0.072544999,84716800
1982-05-10,0.055003956,0.071428999,0.071987003,0.071428999,0.071987003,31606400
1982-05-11,0.053284436,0.069196001,0.069753997,0.069196001,0.069753997,103017600
1982-05-12,0.051995356,0.067521997,0.068080001,0.067521997,0.068080001,71008000
1982-05-13,0.05242506,0.068080001,0.068637997,0.068080001,0.068080001,54454400
1982-05-14,0.05027663,0.065289997,0.066405997,0.065289997,0.066405997,95737600
1982-05-17,0.049417235,0.064173996,0.064732,0.064173996,0.064732,76204800
1982-05-18,0.048557848,0.063057996,0.063616,0.063057996,0.063616,122035200
1982-05-19,0.048128173,0.0625,0.063057996,0.0625,0.063057996,75286400
1982-05-20,0.048557848,0.063057996,0.063616,0.063057996,0.063057996,27619200
1982-05-21,0.048987549,0.063616,0.064173996,0.063616,0.063616,38841600
1982-05-24,0.049417235,0.064173996,0.064732,0.064173996,0.064173996,31987200
1982-05-25,0.049417235,0.064173996,0.064732,0.064173996,0.064173996,51564800
1982-05-26,0.048987549,0.063616,0.064173996,0.063616,0.064173996,43276800
1982-05-27,0.048128173,0.0625,0.063057996,0.0625,0.063057996,31248000
1982-05-28,0.048128173,0.0625,0.063057996,0.0625,0.0625,19196800
1982-06-01,0.0472688,0.061384,0.061942,0.061384,0.061942,47600000
1982-06-02,0.048128173,0.0625,0.063057996,0.0625,0.0625,32905600
1982-06-03,0.046409409,0.060268,0.061384,0.060268,0.061384,39760000
1982-06-04,0.04512034,0.058594,0.059152,0.058594,0.059152,37676800
1982-06-07,0.04512034,0.058594,0.059152,0.058594,0.058594,37161600
1982-06-08,0.044690643,0.058036,0.058594,0.058036,0.058594,31404800
1982-06-09,0.043831285,0.056919999,0.057477999,0.056919999,0.057477999,33846400
1982-06-10,0.044260982,0.057477999,0.058036,0.057477999,0.057477999,34406400
1982-06-11,0.045979727,0.05971,0.060268,0.05971,0.05971,54633600
1982-06-14,0.045979727,0.05971,0.060268,0.05971,0.05971,29993600
1982-06-15,0.045979727,0.05971,0.060268,0.05971,0.05971,35212800
1982-06-16,0.045979727,0.05971,0.060268,0.05971,0.05971,41731200
1982-06-17,0.04512034,0.058594,0.059152,0.058594,0.059152,29164800
1982-06-18,0.044260982,0.057477999,0.058594,0.057477999,0.058594,19868800
1982-06-21,0.044260982,0.057477999,0.058036,0.057477999,0.057477999,28537600
1982-06-22,0.045979727,0.05971,0.060826,0.05971,0.05971,17561600
1982-06-23,0.0472688,0.061384,0.0625,0.061384,0.061384,52752000
1982-06-24,0.0472688,0.061384,0.061942,0.061384,0.061384,44150400
1982-06-25,0.045550033,0.059152,0.05971,0.059152,0.05971,26678400
1982-06-28,0.04512034,0.058594,0.059152,0.058594,0.059152,25155200
1982-06-29,0.043831285,0.056919999,0.057477999,0.056919999,0.057477999,35817600
1982-06-30,0.043831285,0.056919999,0.057477999,0.056919999,0.056919999,67625600
1982-07-01,0.043401603,0.056361999,0.056919999,0.056361999,0.056919999,55731200
1982-07-02,0.041252397,0.053571001,0.054129001,0.053571001,0.054129001,58105600
1982-07-06,0.039533649,0.051339,0.051897001,0.051339,0.051897001,87696000
1982-07-07,0.039533649,0.051339,0.051897001,0.051339,0.051339,30374400
1982-07-08,0.037814889,0.049107,0.049665,0.049107,0.049665,164326400
1982-07-09,0.039103951,0.050781,0.051339,0.050781,0.050781,128419200
1982-07-12,0.039963324,0.051897001,0.052455001,0.051897001,0.051897001,63392000
1982-07-13,0.042542242,0.055245999,0.055803999,0.055245999,0.055245999,114374400
1982-07-14,0.042971909,0.055803999,0.056919999,0.055803999,0.055803999,71120000
1982-07-15,0.043831285,0.056919999,0.057477999,0.056919999,0.056919999,65788800
1982-07-16,0.045550033,0.059152,0.05971,0.059152,0.059152,77011200
1982-07-19,0.045979727,0.05971,0.060268,0.05971,0.05971,83776000
1982-07-20,0.048987549,0.063616,0.064173996,0.063616,0.063616,49705600
1982-07-21,0.048987549,0.063616,0.064173996,0.063616,0.063616,71702400
1982-07-22,0.049417235,0.064173996,0.064732,0.064173996,0.064173996,35212800
1982-07-23,0.048557848,0.063057996,0.063616,0.063057996,0.063616,18300800
1982-07-26,0.046409409,0.060268,0.060826,0.060268,0.060826,56851200
1982-07-27,0.046409409,0.060268,0.060826,0.060268,0.060268,32323200
1982-07-28,0.044260982,0.057477999,0.058036,0.057477999,0.058036,53513600
1982-07-29,0.045979727,0.05971,0.060268,0.05971,0.05971,61868800
1982-07-30,0.046409409,0.060268,0.060826,0.060268,0.060268,38617600
1982-08-02,0.047698475,0.061942,0.0625,0.061942,0.061942,94393600
1982-08-03,0.044690643,0.058036,0.058594,0.058036,0.058594,89868800
1982-08-04,0.044260982,0.057477999,0.058036,0.057477999,0.058036,83865600
1982-08-05,0.042542242,0.055245999,0.055803999,0.055245999,0.055803999,69753600
1982-08-06,0.04211254,0.054687999,0.055245999,0.054687999,0.055245999,96835200
1982-08-09,0.042542242,0.055245999,0.055803999,0.055245999,0.055245999,56112000
1982-08-10,0.04512034,0.058594,0.059152,0.058594,0.058594,112246400
1982-08-11,0.045550033,0.059152,0.05971,0.059152,0.059152,69888000
1982-08-12,0.04512034,0.058594,0.059152,0.058594,0.059152,30620800
1982-08-13,0.04512034,0.058594,0.059152,0.058594,0.058594,25961600
1982-08-16,0.045979727,0.05971,0.060268,0.05971,0.05971,38416000
1982-08-17,0.048987549,0.063616,0.064732,0.063616,0.063616,47734400
1982-08-18,0.048987549,0.063616,0.064173996,0.063616,0.063616,125059200
1982-08-19,0.049417235,0.064173996,0.064732,0.064173996,0.064173996,47622400
1982-08-20,0.050706301,0.065848,0.066405997,0.065848,0.065848,54857600
1982-08-23,0.052854724,0.068637997,0.069196001,0.068637997,0.068637997,69686400
1982-08-24,0.055433653,0.071987003,0.072544999,0.071987003,0.071987003,155769600
1982-08-25,0.059300836,0.077009,0.077567004,0.077009,0.077009,357078400
1982-08-26,0.061019596,0.079241,0.079798996,0.079241,0.079241,210582400
1982-08-27,0.05801177,0.075335003,0.075893,0.075335003,0.075893,98649600
1982-08-30,0.058871143,0.076451004,0.077009,0.076451004,0.076451004,80438400
1982-08-31,0.061878968,0.080357,0.080914997,0.080357,0.080357,140560000
1982-09-01,0.06016022,0.078125,0.078682996,0.078125,0.078682996,82566400
1982-09-02,0.062738344,0.081473,0.082030997,0.081473,0.081473,75420800
1982-09-03,0.063168027,0.082030997,0.082589,0.082030997,0.082030997,104540800
1982-09-07,0.059730541,0.077567004,0.078125,0.077567004,0.078125,81379200
1982-09-08,0.061878968,0.080357,0.080914997,0.080357,0.080357,72329600
1982-09-09,0.060589883,0.078682996,0.079241,0.078682996,0.079241,63593600
1982-09-10,0.062308643,0.080914997,0.081473,0.080914997,0.080914997,56067200
1982-09-13,0.062738344,0.081473,0.082030997,0.081473,0.081473,58889600
1982-09-14,0.064886786,0.084262997,0.084821001,0.084262997,0.084262997,101494400
1982-09-15,0.064457119,0.083705001,0.084262997,0.083705001,0.084262997,71747200
1982-09-16,0.062308643,0.080914997,0.082030997,0.080914997,0.082030997,80371200
1982-09-17,0.061019596,0.079241,0.079798996,0.079241,0.079798996,54051200
1982-09-20,0.0614493,0.079798996,0.080357,0.079798996,0.079798996,39132800
1982-09-21,0.062738344,0.081473,0.082030997,0.081473,0.081473,36668800
1982-09-22,0.064457119,0.083705001,0.084262997,0.083705001,0.083705001,103376000
1982-09-23,0.064457119,0.083705001,0.084262997,0.083705001,0.083705001,139820800
1982-09-24,0.062308643,0.080914997,0.081473,0.080914997,0.081473,178192000
1982-09-27,0.062308643,0.080914997,0.082030997,0.080914997,0.080914997,38147200
1982-09-28,0.063168027,0.082030997,0.083146997,0.082030997,0.082030997,85523200
1982-09-29,0.063168027,0.082030997,0.082589,0.082030997,0.082030997,65564800
1982-09-30,0.062738344,0.081473,0.082030997,0.081473,0.082030997,74681600
1982-10-01,0.063597739,0.082589,0.083705001,0.082589,0.082589,46256000
1982-10-04,0.064457119,0.083705001,0.084262997,0.080357,0.082589,69328000
1982-10-05,0.064886786,0.084262997,0.085937999,0.083705001,0.083705001,80236800
1982-10-06,0.069614157,0.090402,0.090402,0.084262997,0.084262997,173532800
1982-10-07,0.075200059,0.097655997,0.098214,0.090960003,0.090960003,311673600
1982-10-08,0.080786787,0.104911,0.105469003,0.097098,0.097655997,275542400
1982-10-11,0.082505554,0.107143,0.110491,0.104911,0.104911,313734400
1982-10-12,0.07992743,0.103794999,0.108817004,0.102678999,0.107143,258944000
1982-10-13,0.080786787,0.104911,0.108259,0.102678999,0.103794999,198844800
1982-10-14,0.081216462,0.105469003,0.106585003,0.103237003,0.104911,178662400
1982-10-15,0.07906805,0.102678999,0.104911,0.101003997,0.104911,144614400
1982-10-18,0.080786787,0.104911,0.105469003,0.102678999,0.102678999,94348800
1982-10-19,0.082505554,0.107143,0.108259,0.104911,0.104911,122841600
1982-10-20,0.087232091,0.113280997,0.114396997,0.106585003,0.107143,242099200
1982-10-21,0.089380607,0.116071001,0.119419999,0.111607,0.113280997,227516800
1982-10-22,0.088950872,0.115512997,0.119419999,0.115512997,0.116071001,161683200
1982-10-25,0.083794631,0.108817004,0.116071001,0.108259,0.115512997,184934400
1982-10-26,0.084224284,0.109375,0.109932996,0.103794999,0.108817004,167753600
1982-10-27,0.086372741,0.112164997,0.112723,0.109375,0.109375,191161600
1982-10-28,0.086372741,0.112164997,0.113280997,0.110491,0.112164997,217683200
1982-10-29,0.087232091,0.113280997,0.113280997,0.110491,0.112164997,118115200
1982-11-01,0.091959454,0.119419999,0.120536,0.112164997,0.113280997,104361600
1982-11-02,0.098404787,0.127790004,0.131696001,0.120536,0.120536,310844800
1982-11-03,0.105710261,0.137277007,0.137277007,0.127790004,0.127790004,235132800
1982-11-04,0.10656964,0.138393,0.142298996,0.136161,0.137277007,329078400
1982-11-05,0.103561848,0.134487003,0.137277007,0.132254004,0.137277007,141500800
1982-11-08,0.099264123,0.128905997,0.135602996,0.128347993,0.134487003,119190400
1982-11-09,0.102702424,0.133370996,0.134487003,0.128347993,0.128905997,179782400
1982-11-10,0.10656964,0.138393,0.140625,0.133928999,0.133928999,202787200
1982-11-11,0.113444664,0.147321001,0.147321001,0.136161,0.138393,123155200
1982-11-12,0.111296199,0.144530997,0.151786,0.144530997,0.147321001,131107200
1982-11-15,0.108718075,0.141183004,0.146204993,0.139509007,0.144530997,124588800
1982-11-16,0.103132106,0.133928999,0.141740993,0.133370996,0.141183004,182022400
1982-11-17,0.10785868,0.140066996,0.140625,0.133928999,0.133928999,144144000
1982-11-18,0.10785868,0.140066996,0.142298996,0.139509007,0.140066996,152678400
1982-11-19,0.10613998,0.137834996,0.141183004,0.137277007,0.140066996,97305600
1982-11-22,0.09668605,0.125558004,0.137834996,0.125558004,0.137834996,101248000
1982-11-23,0.099264123,0.128905997,0.132813007,0.127232,0.127232,88502400
1982-11-24,0.101412602,0.131696001,0.136161,0.128347993,0.128905997,73740800
1982-11-26,0.099693879,0.129464,0.133370996,0.126673996,0.131696001,101987200
1982-11-29,0.099264123,0.128905997,0.131137997,0.125,0.129464,49952000
1982-11-30,0.109577484,0.142298996,0.142857,0.128347993,0.128905997,159196800
1982-12-01,0.111725859,0.145089,0.150670007,0.142298996,0.142298996,206841600
1982-12-02,0.111725859,0.145089,0.147321001,0.142857,0.145089,164729600
1982-12-03,0.10914775,0.141740993,0.143415004,0.140066996,0.143415004,47577600
1982-12-06,0.115164205,0.149553999,0.150670007,0.140625,0.141740993,146585600
1982-12-07,0.116453275,0.151227996,0.154576004,0.146204993,0.149553999,167283200
1982-12-08,0.113874331,0.147879004,0.155691996,0.147321001,0.151227996,112313600
1982-12-09,0.108288407,0.140625,0.145647004,0.138393,0.145647004,194656000
1982-12-10,0.100553259,0.130579993,0.138393,0.128905997,0.138393,167484800
1982-12-13,0.098404787,0.127790004,0.129464,0.127790004,0.129464,95379200
1982-12-14,0.097545393,0.126673996,0.135602996,0.125,0.127790004,270054400
1982-12-15,0.097115695,0.126115993,0.127232,0.123326004,0.126673996,130793600
1982-12-16,0.09883447,0.128347993,0.130579993,0.125,0.126115993,141164800
1982-12-17,0.103561848,0.134487003,0.135602996,0.127790004,0.128347993,80729600
1982-12-20,0.103132106,0.133928999,0.135045007,0.132813007,0.134487003,69776000
1982-12-21,0.103991516,0.135045007,0.135045007,0.131696001,0.133928999,79945600
1982-12-22,0.10699933,0.138951004,0.138951004,0.135602996,0.135602996,101225600
1982-12-23,0.110007107,0.142857,0.142857,0.137834996,0.138951004,86979200
1982-12-27,0.112585276,0.146204993,0.146762997,0.141740993,0.142857,61868800
1982-12-28,0.111725859,0.145089,0.150670007,0.143415004,0.146204993,113366400
1982-12-29,0.10785868,0.140066996,0.145647004,0.138393,0.145089,80707200
1982-12-30,0.103132106,0.133928999,0.141740993,0.132254004,0.140066996,156867200
1982-12-31,0.102702424,0.133370996,0.135602996,0.133370996,0.133928999,49660800
1983-01-03,0.097975098,0.127232,0.135045007,0.126115993,0.133370996,112828800
1983-01-04,0.103561848,0.134487003,0.135045007,0.125,0.127232,223708800
1983-01-05,0.103991516,0.135045007,0.136161,0.132254004,0.134487003,141545600
1983-01-06,0.100123547,0.130022004,0.135602996,0.129464,0.135045007,97798400
1983-01-07,0.094537601,0.122768,0.131696001,0.122768,0.130022004,172054400
1983-01-10,0.09883447,0.128347993,0.129464,0.121652,0.122768,275340800
1983-01-11,0.100123547,0.130022004,0.131696001,0.128347993,0.128347993,1388800
1983-01-12,0.105710261,0.137277007,0.140625,0.131696001,0.131696001,176982400
1983-01-13,0.105710261,0.137277007,0.138393,0.135045007,0.137277007,82275200
1983-01-14,0.113444664,0.147321001,0.147321001,0.137834996,0.137834996,184643200
1983-01-17,0.117312618,0.152344003,0.154576004,0.146204993,0.147321001,234864000
1983-01-18,0.114734478,0.148995996,0.155691996,0.145089,0.152344003,219788800
1983-01-19,0.115593843,0.150112003,0.151786,0.148438007,0.148995996,169657600
1983-01-20,0.128485218,0.166852996,0.166852996,0.150112003,0.150112003,707840000
1983-01-21,0.128485218,0.166852996,0.174107,0.165178999,0.166852996,402595200
1983-01-24,0.121179767,0.157365993,0.166852996,0.154576004,0.166852996,315414400
1983-01-25,0.125906393,0.163504004,0.167411,0.15625,0.157365993,167036800
1983-01-26,0.131063432,0.170201004,0.171875,0.165178999,0.165178999,203212800
1983-01-27,0.140087724,0.181920007,0.183036,0.169643,0.170201004,104316800
1983-01-28,0.140946984,0.183036,0.1875,0.180803999,0.181920007,397734400
1983-01-31,0.14051728,0.182477996,0.185826004,0.179129004,0.183036,188003200
1983-02-01,0.143525183,0.186384007,0.186384007,0.179688007,0.182477996,210963200
1983-02-02,0.147392273,0.191405997,0.195313007,0.183594003,0.186384007,267052800
1983-02-03,0.153408766,0.199219003,0.199777007,0.189732,0.191405997,252537600
1983-02-04,0.151260242,0.196428999,0.202566996,0.195870996,0.199219003,214345600
1983-02-07,0.145243898,0.188615993,0.199219003,0.185268,0.196428999,142912000
1983-02-08,0.143954828,0.186941996,0.191405997,0.184709996,0.188615993,168112000
1983-02-09,0.145243898,0.188615993,0.189732,0.181920007,0.186941996,180812800
1983-02-10,0.154697701,0.200893,0.202009007,0.188615993,0.188615993,236723200
1983-02-11,0.159854114,0.207589,0.210938007,0.202566996,0.202566996,203548800
1983-02-14,0.15899469,0.206472993,0.207589,0.201451004,0.207589,126179200
1983-02-15,0.155986845,0.202566996,0.208147004,0.200334996,0.206472993,115180800
1983-02-16,0.152979076,0.198661,0.202566996,0.197545007,0.202566996,116569600
1983-02-17,0.151260242,0.196428999,0.198661,0.190290004,0.198661,136169600
1983-02-18,0.155986845,0.202566996,0.204798996,0.194196001,0.196428999,114889600
1983-02-22,0.159854114,0.207589,0.213170007,0.203683004,0.203683004,196784000
1983-02-23,0.161143124,0.209262997,0.210379004,0.205915004,0.207589,108035200
1983-02-24,0.165440753,0.214844003,0.215959996,0.210938007,0.210938007,115494400
1983-02-25,0.160713449,0.208704993,0.217076004,0.207589,0.214844003,114688000
1983-02-28,0.156846166,0.203683004,0.209262997,0.203125,0.208704993,132294400
1983-03-01,0.159424379,0.207030997,0.208147004,0.203125,0.203683004,140268800
1983-03-02,0.160713449,0.208704993,0.209821001,0.206472993,0.207030997,105952000
1983-03-03,0.155557185,0.202009007,0.210938007,0.201451004,0.208704993,131532800
1983-03-04,0.153408766,0.199219003,0.202566996,0.193079993,0.202009007,151804800
1983-03-07,0.150400892,0.195313007,0.199777007,0.189732,0.199219003,152678400
1983-03-08,0.145673633,0.189173996,0.194196001,0.186384007,0.194196001,220640000
1983-03-09,0.149970531,0.194754004,0.194754004,0.185826004,0.189173996,199337600
1983-03-10,0.147822022,0.191964,0.196987003,0.190290004,0.194754004,112604800
1983-03-11,0.145673633,0.189173996,0.195313007,0.184709996,0.191964,87763200
1983-03-14,0.142236024,0.184709996,0.188615993,0.180245996,0.188615993,171875200
1983-03-15,0.144384593,0.1875,0.1875,0.179129004,0.184709996,75062400
1983-03-16,0.144384593,0.1875,0.194196001,0.186384007,0.1875,110969600
1983-03-17,0.145673633,0.189173996,0.189173996,0.186941996,0.1875,44150400
1983-03-18,0.147822022,0.191964,0.194196001,0.188615993,0.189173996,86128000
1983-03-21,0.151260242,0.196428999,0.196987003,0.190847993,0.191964,104025600
1983-03-22,0.152979076,0.198661,0.201451004,0.196428999,0.196428999,101001600
1983-03-23,0.145673633,0.189173996,0.199219003,0.188615993,0.198661,140761600
1983-03-24,0.148251697,0.192522004,0.194754004,0.188615993,0.189173996,102457600
1983-03-25,0.148251697,0.192522004,0.195870996,0.191964,0.192522004,58060800
1983-03-28,0.146103263,0.189732,0.191964,0.186384007,0.191964,74569600
1983-03-29,0.150400892,0.195313007,0.196987003,0.190290004,0.190290004,103734400
1983-03-30,0.152119741,0.197545007,0.198102996,0.195313007,0.195313007,87808000
1983-03-31,0.145243898,0.188615993,0.198661,0.188615993,0.197545007,85142400
1983-04-04,0.141376704,0.183594003,0.188615993,0.179129004,0.188615993,127388800
1983-04-05,0.138798624,0.180245996,0.1875,0.180245996,0.183594003,122102400
1983-04-06,0.13750875,0.178571001,0.180803999,0.176339,0.180245996,213987200
1983-04-07,0.136219695,0.176897004,0.179688007,0.175780997,0.178571001,145510400
1983-04-08,0.135360226,0.175780997,0.178012997,0.172433004,0.176897004,150259200
1983-04-11,0.143095389,0.185826004,0.186941996,0.172990993,0.175780997,230473600
1983-04-12,0.146103263,0.189732,0.190290004,0.185826004,0.185826004,174048000
1983-04-13,0.151260242,0.196428999,0.196987003,0.189732,0.189732,189772800
1983-04-14,0.154697701,0.200893,0.201451004,0.194754004,0.196428999,136371200
1983-04-15,0.157275945,0.204240993,0.205915004,0.200893,0.200893,115001600
1983-04-18,0.161572784,0.209821001,0.213727996,0.205357,0.205357,155568000
1983-04-19,0.159854114,0.207589,0.211495996,0.206472993,0.209821001,233878400
1983-04-20,0.174034551,0.226004004,0.227678999,0.207589,0.207589,288332800
1983-04-21,0.178761914,0.232143,0.235490993,0.228795007,0.228795007,230048000
1983-04-22,0.175324395,0.227678999,0.234375,0.226563007,0.232143,127187200
1983-04-25,0.167159513,0.217076004,0.229352996,0.215959996,0.227678999,125708800
1983-04-26,0.171886086,0.223214,0.226004004,0.216518,0.217076004,99433600
1983-04-27,0.170167416,0.220982,0.228237003,0.21875,0.223214,86038400
1983-04-28,0.171886086,0.223214,0.224329993,0.218191996,0.220982,79408000
1983-04-29,0.173604816,0.225446001,0.226563007,0.220423996,0.223214,308313600
1983-05-02,0.168448567,0.21875,0.226563007,0.215959996,0.225446001,97081600
1983-05-03,0.166729823,0.216518,0.219308004,0.212612003,0.21875,105996800
1983-05-04,0.177043065,0.229911,0.229911,0.216518,0.216518,129113600
1983-05-05,0.188645467,0.244977996,0.245536,0.229911,0.229911,140492800
1983-05-06,0.189504921,0.246094003,0.248884007,0.239954993,0.244977996,100150400
1983-05-09,0.186926752,0.242745996,0.246652007,0.240512997,0.246094003,69171200
1983-05-10,0.188215867,0.244420007,0.247209996,0.241629004,0.242745996,51900800
1983-05-11,0.183488488,0.238280997,0.245536,0.236607,0.244420007,55260800
1983-05-12,0.181769773,0.236048996,0.238280997,0.233816996,0.238280997,98425600
1983-05-13,0.182629079,0.237165004,0.239397004,0.236048996,0.236048996,48966400
1983-05-16,0.177902535,0.231027007,0.237165004,0.229911,0.237165004,69193600
1983-05-17,0.178332224,0.231584996,0.232143,0.228237003,0.231027007,154358400
1983-05-18,0.180480644,0.234375,0.236607,0.231584996,0.231584996,157001600
1983-05-19,0.186066583,0.241629004,0.242188007,0.234375,0.234375,70291200
1983-05-20,0.195520476,0.253906012,0.254464,0.238280997,0.241629004,146092800
1983-05-23,0.19766894,0.256695986,0.256695986,0.248884007,0.253906012,121744000
1983-05-24,0.207982287,0.270089,0.270089,0.256695986,0.256695986,107699200
1983-05-25,0.206263453,0.267856985,0.272320986,0.263951004,0.270089,153731200
1983-05-26,0.204115033,0.265067011,0.269531012,0.262834996,0.267856985,105571200
1983-05-27,0.204115033,0.265067011,0.267856985,0.263951004,0.265067011,56627200
1983-05-31,0.19852905,0.257813007,0.264508992,0.252790004,0.264508992,45539200
1983-06-01,0.199818149,0.259487003,0.260044992,0.255580008,0.257813007,98089600
1983-06-02,0.201107234,0.261161,0.261161,0.257813007,0.259487003,79430400
1983-06-03,0.210990846,0.273995996,0.275112003,0.261161,0.261161,64534400
1983-06-06,0.21571736,0.280133992,0.280133992,0.273995996,0.273995996,104092800
1983-06-07,0.208411962,0.270646989,0.282366008,0.270646989,0.280133992,98179200
1983-06-08,0.205833822,0.267298996,0.271762997,0.265067011,0.270646989,84044800
1983-06-09,0.204544708,0.265625,0.270089,0.260603011,0.267298996,54790400
1983-06-10,0.203685343,0.264508992,0.267298996,0.263951004,0.265625,37430400
1983-06-13,0.196809575,0.255580008,0.265067011,0.245536,0.264508992,179267200
1983-06-14,0.192512691,0.25,0.257813007,0.248884007,0.255580008,170531200
1983-06-15,0.186926752,0.242745996,0.249441996,0.237722993,0.249441996,193356800
1983-06-16,0.196809575,0.255580008,0.255580008,0.243862003,0.243862003,122886400
1983-06-17,0.192942336,0.250557989,0.256695986,0.250557989,0.255580008,56044800
1983-06-20,0.183488488,0.238280997,0.252231985,0.236048996,0.250557989,139574400
1983-06-21,0.184777439,0.239954993,0.241071001,0.233816996,0.238280997,125462400
1983-06-22,0.190364286,0.247209996,0.248326004,0.240512997,0.240512997,140963200
1983-06-23,0.184347838,0.239397004,0.246094003,0.238839,0.246094003,133996800
1983-06-24,0.183058739,0.237722993,0.242745996,0.237165004,0.239397004,47644800
1983-06-27,0.173175246,0.224887997,0.237722993,0.224887997,0.237722993,123043200
1983-06-28,0.161143124,0.209262997,0.226004004,0.207589,0.224887997,349171200
1983-06-29,0.168878347,0.219308004,0.221540004,0.204240993,0.209262997,294380800
1983-06-30,0.168018937,0.218191996,0.223214,0.217076004,0.219308004,110566400
1983-07-01,0.169307992,0.219865993,0.222097993,0.217076004,0.218191996,172256000
1983-07-05,0.162432924,0.210938007,0.220423996,0.210379004,0.219865993,82051200
1983-07-06,0.162862629,0.211495996,0.212053999,0.207030997,0.210938007,95916800
1983-07-07,0.160713449,0.208704993,0.212053999,0.207589,0.211495996,89443200
1983-07-08,0.15899469,0.206472993,0.208704993,0.205357,0.208704993,70179200
1983-07-11,0.163292363,0.212053999,0.215402007,0.206472993,0.206472993,112918400
1983-07-12,0.159424379,0.207030997,0.214286,0.205915004,0.212053999,75196800
1983-07-13,0.158565015,0.205915004,0.207589,0.202566996,0.207030997,129001600
1983-07-14,0.158135325,0.205357,0.209262997,0.204240993,0.205915004,74905600
1983-07-15,0.152549401,0.198102996,0.205357,0.196987003,0.205357,67961600
1983-07-18,0.152119741,0.197545007,0.198661,0.193079993,0.198102996,81625600
1983-07-19,0.150400892,0.195313007,0.207030997,0.193637997,0.197545007,171136000
1983-07-20,0.141806394,0.184152007,0.196987003,0.181920007,0.195313007,304886400
1983-07-21,0.149111122,0.193637997,0.198102996,0.183036,0.184152007,317385600
1983-07-22,0.150400892,0.195313007,0.195870996,0.193079993,0.193637997,116435200
1983-07-25,0.148251697,0.192522004,0.195313007,0.189732,0.195313007,76428800
1983-07-26,0.134500951,0.174665004,0.193637997,0.167411,0.192522004,268979200
1983-07-27,0.124617286,0.161829993,0.180245996,0.159597993,0.174665004,300316800
1983-07-28,0.11688295,0.151786,0.164063007,0.151786,0.161829993,270480000
1983-07-29,0.11989069,0.155691996,0.157365993,0.151227996,0.151786,220326400
1983-08-01,0.118601672,0.154018,0.162387997,0.152902007,0.155691996,232444800
1983-08-02,0.11817199,0.153459996,0.15625,0.152902007,0.154018,101651200
1983-08-03,0.11989069,0.155691996,0.159040004,0.151227996,0.153459996,123827200
1983-08-04,0.114304818,0.148438007,0.157365993,0.141740993,0.155691996,292118400
1983-08-05,0.116453275,0.151227996,0.154018,0.147321001,0.148438007,131420800
1983-08-08,0.11688295,0.151786,0.155134007,0.147879004,0.151227996,76809600
1983-08-09,0.11817199,0.153459996,0.155691996,0.150670007,0.151786,150371200
1983-08-10,0.117742285,0.152902007,0.154576004,0.149553999,0.153459996,161974400
1983-08-11,0.11602354,0.150670007,0.155134007,0.148438007,0.152902007,90182400
1983-08-12,0.115164205,0.149553999,0.154018,0.147879004,0.150670007,74636800
1983-08-15,0.11817199,0.153459996,0.153459996,0.148995996,0.149553999,152275200
1983-08-16,0.116453275,0.151227996,0.155134007,0.149553999,0.153459996,91369600
1983-08-17,0.113874331,0.147879004,0.152902007,0.146204993,0.151227996,94438400
1983-08-18,0.115164205,0.149553999,0.151227996,0.147321001,0.147879004,81737600
1983-08-19,0.11602354,0.150670007,0.151786,0.148438007,0.149553999,58598400
1983-08-22,0.115593843,0.150112003,0.152344003,0.148438007,0.150670007,85366400
1983-08-23,0.109577484,0.142298996,0.150112003,0.141183004,0.150112003,93587200
1983-08-24,0.103991516,0.135045007,0.141740993,0.134487003,0.141740993,113299200
1983-08-25,0.104850866,0.136161,0.137277007,0.133928999,0.135045007,189772800
1983-08-26,0.10613998,0.137834996,0.138393,0.135045007,0.136161,93184000
1983-08-29,0.107429035,0.139509007,0.141183004,0.133928999,0.137834996,138297600
1983-08-30,0.113014929,0.146762997,0.149553999,0.139509007,0.139509007,233945600
1983-08-31,0.128055587,0.166295007,0.166295007,0.147879004,0.147879004,200233600
1983-09-01,0.125046998,0.162387997,0.171875,0.158482,0.166295007,218131200
1983-09-02,0.130633742,0.169643,0.169643,0.161829993,0.162387997,129337600
1983-09-06,0.135360226,0.175780997,0.177454993,0.172990993,0.172990993,181686400
1983-09-07,0.119031362,0.154576004,0.175222993,0.151227996,0.175222993,384854400
1983-09-08,0.10914775,0.141740993,0.15625,0.139509007,0.154576004,307059200
1983-09-09,0.105280563,0.136719003,0.142298996,0.136161,0.141740993,212688000
1983-09-12,0.105280563,0.136719003,0.145089,0.135045007,0.136719003,266313600
1983-09-13,0.110007107,0.142857,0.145089,0.135602996,0.136719003,204176000
1983-09-14,0.108718075,0.141183004,0.146204993,0.138393,0.142857,181529600
1983-09-15,0.103561848,0.134487003,0.141740993,0.132813007,0.141183004,158838400
1983-09-16,0.100982934,0.131137997,0.134487003,0.130022004,0.134487003,225747200
1983-09-19,0.110007107,0.142857,0.143972993,0.130579993,0.131137997,201980800
1983-09-20,0.110436834,0.143415004,0.149553999,0.142857,0.142857,226419200
1983-09-21,0.108288407,0.140625,0.145647004,0.140066996,0.143415004,106355200
1983-09-22,0.111725859,0.145089,0.145647004,0.138951004,0.140625,144121600
1983-09-23,0.083364911,0.108259,0.111607,0.099330001,0.111607,2832345600
1983-09-26,0.085513346,0.111048996,0.115512997,0.108817004,0.108817004,768768000
1983-09-27,0.080786787,0.104911,0.111607,0.102678999,0.111048996,417110400
1983-09-28,0.078638367,0.102121003,0.104911,0.098771997,0.104911,373497600
1983-09-29,0.07820867,0.101562999,0.106027,0.101003997,0.102121003,282777600
1983-09-30,0.07949771,0.103237003,0.105469003,0.100446001,0.101562999,117868800
1983-10-03,0.07949771,0.103237003,0.104911,0.101003997,0.103237003,152902400
1983-10-04,0.078638367,0.102121003,0.105469003,0.101562999,0.103237003,169612800
1983-10-05,0.0773485,0.100446001,0.103794999,0.098771997,0.102121003,190668800
1983-10-06,0.076489128,0.099330001,0.102121003,0.097098,0.100446001,232937600
1983-10-07,0.070043862,0.090960003,0.106027,0.089844003,0.099330001,246332800
1983-10-10,0.067895405,0.088169999,0.089844003,0.082030997,0.089844003,517126400
1983-10-11,0.066606328,0.086496003,0.088728003,0.085378997,0.088169999,252761600
1983-10-12,0.072621949,0.094307996,0.094866,0.085937999,0.086496003,472617600
1983-10-13,0.07906805,0.102678999,0.107143,0.097098,0.097098,420515200
1983-10-14,0.07820867,0.101562999,0.106027,0.100446001,0.102678999,279260800
1983-10-17,0.072192296,0.09375,0.101562999,0.093192004,0.101562999,219116800
1983-10-18,0.066606328,0.086496003,0.092634,0.084262997,0.092634,382972800
1983-10-19,0.073911011,0.095982,0.099330001,0.085378997,0.086496003,287392000
1983-10-20,0.070043862,0.090960003,0.098771997,0.088728003,0.095982,131689600
1983-10-21,0.068325035,0.088728003,0.093192004,0.087612003,0.090960003,157001600
1983-10-24,0.072621949,0.094307996,0.094307996,0.079798996,0.088728003,259392000
1983-10-25,0.073051631,0.094866,0.097655997,0.09375,0.094307996,168448000
1983-10-26,0.069184445,0.089844003,0.095982,0.089286,0.094866,128912000
1983-10-27,0.072621949,0.094307996,0.096539997,0.089844003,0.089844003,97843200
1983-10-28,0.071762592,0.093192004,0.095423996,0.090960003,0.094307996,81200000
1983-10-31,0.07777819,0.101003997,0.102678999,0.094307996,0.094307996,173174400
1983-11-01,0.07906805,0.102678999,0.107143,0.096539997,0.101003997,328384000
1983-11-02,0.080786787,0.104911,0.107701004,0.102678999,0.102678999,202473600
1983-11-03,0.075200059,0.097655997,0.105469003,0.09375,0.104911,286003200
1983-11-04,0.072621949,0.094307996,0.098214,0.09375,0.097655997,146742400
1983-11-07,0.072192296,0.09375,0.096539997,0.092634,0.094307996,152118400
1983-11-08,0.0614493,0.079798996,0.087053999,0.077009,0.087053999,1221516800
1983-11-09,0.066176631,0.085937999,0.085937999,0.078125,0.079798996,353472000
1983-11-10,0.067465685,0.087612003,0.089844003,0.085937999,0.085937999,222073600
1983-11-11,0.068754785,0.089286,0.090960003,0.087053999,0.087612003,116032000
1983-11-14,0.067895405,0.088169999,0.090402,0.087612003,0.089286,108281600
1983-11-15,0.067895405,0.088169999,0.088728003,0.084821001,0.088169999,118630400
1983-11-16,0.068754785,0.089286,0.091518,0.087612003,0.088169999,102278400
1983-11-17,0.070473492,0.091518,0.092634,0.089286,0.089286,90384000
1983-11-18,0.070903197,0.092076004,0.093192004,0.090402,0.091518,79900800
1983-11-21,0.073911011,0.095982,0.096539997,0.092076004,0.092076004,105011200
1983-11-22,0.073911011,0.095982,0.097098,0.094866,0.095982,105190400
1983-11-23,0.070043862,0.090960003,0.095982,0.089286,0.095982,114352000
1983-11-25,0.070473492,0.091518,0.092076004,0.090960003,0.090960003,37296000
1983-11-28,0.072192296,0.09375,0.094307996,0.090960003,0.091518,72396800
1983-11-29,0.071332887,0.092634,0.095982,0.091518,0.09375,95289600
1983-11-30,0.070043862,0.090960003,0.09375,0.090960003,0.092634,64332800
1983-12-01,0.069614157,0.090402,0.093192004,0.089286,0.090960003,76675200
1983-12-02,0.068325035,0.088728003,0.090402,0.088169999,0.090402,85366400
1983-12-05,0.070043862,0.090960003,0.091518,0.088169999,0.088728003,45158400
1983-12-06,0.070473492,0.091518,0.092076004,0.090402,0.090960003,51990400
1983-12-07,0.072192296,0.09375,0.095982,0.090402,0.091518,89152000
1983-12-08,0.073911011,0.095982,0.098771997,0.09375,0.09375,137625600
1983-12-09,0.074340694,0.096539997,0.098771997,0.094866,0.095982,82768000
1983-12-12,0.073911011,0.095982,0.097098,0.09375,0.096539997,65139200
1983-12-13,0.0773485,0.100446001,0.101562999,0.095423996,0.095982,197545600
1983-12-14,0.080357105,0.104353003,0.105469003,0.096539997,0.100446001,201891200
1983-12-15,0.083794631,0.108817004,0.110491,0.104353003,0.104353003,316601600
1983-12-16,0.085083708,0.110491,0.111607,0.108259,0.108817004,184867200
1983-12-19,0.082505554,0.107143,0.111607,0.106585003,0.110491,173600000
1983-12-20,0.080357105,0.104353003,0.107143,0.102678999,0.107143,177744000
1983-12-21,0.083364911,0.108259,0.108259,0.103794999,0.104353003,171785600
1983-12-22,0.085083708,0.110491,0.110491,0.107701004,0.108259,130547200
1983-12-23,0.084653996,0.109932996,0.111048996,0.108259,0.110491,48563200
1983-12-27,0.085083708,0.110491,0.111607,0.109932996,0.109932996,96432000
1983-12-28,0.085943043,0.111607,0.112723,0.109375,0.110491,128553600
1983-12-29,0.083794631,0.108817004,0.112723,0.108817004,0.111607,102748800
1983-12-30,0.083794631,0.108817004,0.111607,0.108259,0.108817004,91862400
1984-01-03,0.088091508,0.114396997,0.116628997,0.108817004,0.108817004,150192000
1984-01-04,0.095826671,0.124442004,0.125,0.114955001,0.114955001,292611200
1984-01-05,0.097115695,0.126115993,0.129464,0.123326004,0.124442004,305715200
1984-01-06,0.095396951,0.123884,0.127790004,0.121652,0.126115993,168492800
1984-01-09,0.09024068,0.117187999,0.123884,0.113280997,0.123884,215734400
1984-01-10,0.094967306,0.123326004,0.123326004,0.117187999,0.117187999,172188800
1984-01-11,0.096256346,0.125,0.127232,0.122768,0.123326004,175952000
1984-01-12,0.095826671,0.124442004,0.126673996,0.123326004,0.125,110342400
1984-01-13,0.093678214,0.121652,0.126115993,0.119419999,0.124442004,121744000
1984-01-16,0.095826671,0.124442004,0.126115993,0.121094003,0.121652,137580800
1984-01-17,0.098404787,0.127790004,0.128347993,0.124442004,0.124442004,149072000
1984-01-18,0.09883447,0.128347993,0.130579993,0.125558004,0.127790004,220505600
1984-01-19,0.099693879,0.129464,0.131696001,0.127232,0.128347993,149721600
1984-01-20,0.098404787,0.127790004,0.130022004,0.126115993,0.129464,141344000
1984-01-23,0.099264123,0.128905997,0.130022004,0.126673996,0.127790004,278364800
1984-01-24,0.093678214,0.121652,0.129464,0.118303999,0.128905997,320230400
1984-01-25,0.092818819,0.120536,0.128905997,0.119978003,0.121652,263872000
1984-01-26,0.094967306,0.123326004,0.125,0.120536,0.120536,168492800
1984-01-27,0.08981023,0.116628997,0.123884,0.114396997,0.123326004,194096000
1984-01-30,0.085083708,0.110491,0.118862003,0.107701004,0.116628997,277468800
1984-01-31,0.085083708,0.110491,0.112723,0.103237003,0.110491,345094400
1984-02-01,0.084653996,0.109932996,0.113839,0.109375,0.110491,163116800
1984-02-02,0.085513346,0.111048996,0.111607,0.107701004,0.109932996,134915200
1984-02-03,0.084224284,0.109375,0.113839,0.109375,0.111048996,145488000
1984-02-06,0.07992743,0.103794999,0.109375,0.103237003,0.109375,165558400
1984-02-07,0.082935259,0.107701004,0.108259,0.099887997,0.103794999,217728000
1984-02-08,0.07992743,0.103794999,0.109375,0.103794999,0.107701004,148220800
1984-02-09,0.081216462,0.105469003,0.107701004,0.101003997,0.103794999,234796800
1984-02-10,0.083794631,0.108817004,0.111607,0.105469003,0.105469003,143964800
1984-02-13,0.083364911,0.108259,0.109932996,0.106585003,0.108817004,105728000
1984-02-14,0.088091508,0.114396997,0.114955001,0.108259,0.108259,209059200
1984-02-15,0.086372741,0.112164997,0.119419999,0.111048996,0.114396997,200838400
1984-02-16,0.087232091,0.113280997,0.113839,0.109375,0.112164997,105235200
1984-02-17,0.085943043,0.111607,0.116071001,0.111607,0.113280997,134646400
1984-02-21,0.08981023,0.116628997,0.117187999,0.111048996,0.111607,120288000
1984-02-22,0.094107933,0.122210003,0.123326004,0.117187999,0.117187999,223372800
1984-02-23,0.092389166,0.119978003,0.122210003,0.116071001,0.122210003,155052800
1984-02-24,0.093248546,0.121094003,0.122768,0.119978003,0.119978003,77817600
1984-02-27,0.092818819,0.120536,0.122768,0.117746003,0.121094003,121564800
1984-02-28,0.08766181,0.113839,0.121094003,0.112164997,0.120536,169926400
1984-02-29,0.09024068,0.117187999,0.119978003,0.112723,0.113839,134041600
1984-03-01,0.092818819,0.120536,0.121094003,0.114396997,0.117187999,132361600
1984-03-02,0.093678214,0.121652,0.125,0.119978003,0.120536,191251200
1984-03-05,0.091959454,0.119419999,0.122210003,0.117746003,0.121652,73606400
1984-03-06,0.08852119,0.114955001,0.121652,0.114396997,0.119419999,98985600
1984-03-07,0.091100067,0.118303999,0.118862003,0.112164997,0.114955001,96566400
1984-03-08,0.092389166,0.119978003,0.121094003,0.118303999,0.118303999,129785600
1984-03-09,0.090670392,0.117746003,0.119978003,0.117187999,0.119978003,66057600
1984-03-12,0.094107933,0.122210003,0.122768,0.118303999,0.118303999,125036800
1984-03-13,0.092818819,0.120536,0.123884,0.119419999,0.122210003,152880000
1984-03-14,0.091529764,0.118862003,0.121094003,0.118303999,0.120536,59606400
1984-03-15,0.091959454,0.119419999,0.120536,0.117746003,0.118862003,55283200
1984-03-16,0.091529764,0.118862003,0.123884,0.117746003,0.119419999,124700800
1984-03-19,0.09024068,0.117187999,0.118303999,0.115512997,0.118303999,82588800
1984-03-20,0.089380607,0.116071001,0.119419999,0.112164997,0.117187999,100531200
1984-03-21,0.089380607,0.116071001,0.118862003,0.115512997,0.116071001,47667200
1984-03-22,0.08766181,0.113839,0.116071001,0.112164997,0.116071001,51184000
1984-03-23,0.08766181,0.113839,0.114955001,0.111607,0.113839,61129600
1984-03-26,0.08852119,0.114955001,0.116628997,0.112723,0.113839,56963200
1984-03-27,0.085943043,0.111607,0.115512997,0.111048996,0.114955001,99299200
1984-03-28,0.08766181,0.113839,0.114396997,0.112164997,0.112164997,75488000
1984-03-29,0.087232091,0.113280997,0.114955001,0.112723,0.113839,39177600
1984-03-30,0.085083708,0.110491,0.113839,0.109375,0.113280997,45740800
1984-04-02,0.085513346,0.111048996,0.112723,0.109375,0.110491,54656000
1984-04-03,0.085943043,0.111607,0.112164997,0.109932996,0.111048996,44105600
1984-04-04,0.084224284,0.109375,0.112164997,0.109375,0.111607,107676800
1984-04-05,0.082935259,0.107701004,0.111048996,0.107701004,0.109375,82812800
1984-04-06,0.080786787,0.104911,0.108817004,0.102678999,0.107701004,85590400
1984-04-09,0.080786787,0.104911,0.108259,0.104911,0.104911,54252800
1984-04-10,0.085083708,0.110491,0.110491,0.107143,0.107143,57097600
1984-04-11,0.084224284,0.109375,0.113280997,0.108259,0.110491,70604800
1984-04-12,0.08852119,0.114955001,0.116071001,0.107701004,0.109375,78400000
1984-04-13,0.08852119,0.114955001,0.117746003,0.113839,0.114955001,103398400
1984-04-16,0.09024068,0.117187999,0.117746003,0.112164997,0.114955001,68118400
1984-04-17,0.094537601,0.122768,0.124442004,0.119419999,0.119419999,332953600
1984-04-18,0.096256346,0.125,0.125558004,0.122210003,0.122768,199673600
1984-04-19,0.097115695,0.126115993,0.126673996,0.123884,0.125,123401600
1984-04-23,0.097545393,0.126673996,0.130022004,0.125,0.126115993,293865600
1984-04-24,0.095826671,0.124442004,0.128905997,0.123884,0.126673996,281568000
1984-04-25,0.094967306,0.123326004,0.125558004,0.122210003,0.124442004,194880000
1984-04-26,0.102272727,0.132813007,0.133370996,0.123884,0.123884,318505600
1984-04-27,0.103561848,0.134487003,0.137277007,0.130579993,0.132813007,371996800
1984-04-30,0.10785868,0.140066996,0.140066996,0.133370996,0.134487003,293148800
1984-05-01,0.114304818,0.148438007,0.148438007,0.141740993,0.141740993,406515200
1984-05-02,0.113444664,0.147321001,0.149553999,0.144530997,0.148438007,317318400
1984-05-03,0.108718075,0.141183004,0.147321001,0.138393,0.147321001,327420800
1984-05-04,0.103561848,0.134487003,0.141183004,0.133928999,0.141183004,260444800
1984-05-07,0.10699933,0.138951004,0.140066996,0.133370996,0.134487003,160070400
1984-05-08,0.113014929,0.146762997,0.147879004,0.139509007,0.139509007,255001600
1984-05-09,0.113874331,0.147879004,0.153459996,0.145089,0.146762997,405014400
1984-05-10,0.113874331,0.147879004,0.150112003,0.143972993,0.147879004,238627200
1984-05-11,0.110866457,0.143972993,0.148438007,0.138393,0.147879004,197724800
1984-05-14,0.108718075,0.141183004,0.143415004,0.139509007,0.143415004,89286400
1984-05-15,0.109577484,0.142298996,0.143415004,0.140625,0.141183004,102704000
1984-05-16,0.104850866,0.136161,0.143415004,0.135602996,0.142298996,219721600
1984-05-17,0.100123547,0.130022004,0.136161,0.128347993,0.136161,281948800
1984-05-18,0.102272727,0.132813007,0.133370996,0.128347993,0.130022004,193468800
1984-05-21,0.109577484,0.142298996,0.143972993,0.132254004,0.132813007,435052800
1984-05-22,0.10613998,0.137834996,0.142298996,0.133928999,0.142298996,301257600
1984-05-23,0.103991516,0.135045007,0.138951004,0.135045007,0.137834996,168963200
1984-05-24,0.100982934,0.131137997,0.135045007,0.128905997,0.135045007,193312000
1984-05-25,0.101412602,0.131696001,0.133370996,0.130022004,0.131137997,120108800
1984-05-29,0.100982934,0.131137997,0.132813007,0.128905997,0.131696001,156262400
1984-05-30,0.099693879,0.129464,0.131696001,0.125,0.131137997,318438400
1984-05-31,0.100982934,0.131137997,0.132813007,0.128347993,0.129464,167014400
1984-06-01,0.104421198,0.135602996,0.135602996,0.130579993,0.131137997,242300800
1984-06-04,0.101842329,0.132254004,0.137277007,0.131137997,0.135602996,148288000
1984-06-05,0.095826671,0.124442004,0.130022004,0.123884,0.130022004,328428800
1984-06-06,0.099693879,0.129464,0.130022004,0.123884,0.124442004,161459200
1984-06-07,0.09883447,0.128347993,0.130022004,0.125558004,0.129464,102547200
1984-06-08,0.098404787,0.127790004,0.128905997,0.125,0.128347993,108976000
1984-06-11,0.098404787,0.127790004,0.128905997,0.126115993,0.127790004,84246400
1984-06-12,0.100123547,0.130022004,0.131696001,0.127232,0.127790004,117129600
1984-06-13,0.102272727,0.132813007,0.133370996,0.130579993,0.130579993,115718400
1984-06-14,0.099264123,0.128905997,0.132813007,0.128347993,0.132813007,100956800
1984-06-15,0.099693879,0.129464,0.131137997,0.128905997,0.128905997,89779200
1984-06-18,0.101842329,0.132254004,0.132813007,0.126673996,0.129464,114598400
1984-06-19,0.100982934,0.131137997,0.135602996,0.131137997,0.132254004,160944000
1984-06-20,0.103991516,0.135045007,0.135045007,0.128347993,0.131137997,119526400
1984-06-21,0.099693879,0.129464,0.136719003,0.129464,0.135045007,141904000
1984-06-22,0.098404787,0.127790004,0.131696001,0.127790004,0.129464,84604800
1984-06-25,0.093678214,0.121652,0.128905997,0.120536,0.127790004,167484800
1984-06-26,0.089380607,0.116071001,0.122210003,0.116071001,0.121652,148646400
1984-06-27,0.086802408,0.112723,0.117187999,0.108259,0.116071001,377283200
1984-06-28,0.090670392,0.117746003,0.119419999,0.112723,0.112723,118316800
1984-06-29,0.091100067,0.118303999,0.123884,0.117746003,0.117746003,141993600
1984-07-02,0.088091508,0.114396997,0.118862003,0.112164997,0.118303999,159667200
1984-07-03,0.086802408,0.112723,0.114955001,0.111048996,0.114396997,179065600
1984-07-05,0.085083708,0.110491,0.113839,0.108817004,0.112723,93184000
1984-07-06,0.086372741,0.112164997,0.113839,0.108259,0.110491,95648000
1984-07-09,0.09024068,0.117187999,0.117746003,0.110491,0.112164997,190668800
1984-07-10,0.092389166,0.119978003,0.121094003,0.116628997,0.117187999,172300800
1984-07-11,0.091100067,0.118303999,0.121652,0.116628997,0.119978003,121094400
1984-07-12,0.091529764,0.118862003,0.121094003,0.117746003,0.118303999,168694400
1984-07-13,0.090670392,0.117746003,0.121094003,0.116071001,0.118862003,135945600
1984-07-16,0.08852119,0.114955001,0.117746003,0.111607,0.117746003,202988800
1984-07-17,0.08852119,0.114955001,0.116071001,0.113280997,0.114955001,84851200
1984-07-18,0.087232091,0.113280997,0.115512997,0.112723,0.114955001,104025600
1984-07-19,0.087232091,0.113280997,0.114955001,0.112164997,0.113280997,77907200
1984-07-20,0.087232091,0.113280997,0.114955001,0.112723,0.113280997,33174400
1984-07-23,0.086372741,0.112164997,0.113280997,0.109375,0.113280997,94035200
1984-07-24,0.091529764,0.118862003,0.120536,0.111607,0.112164997,179244800
1984-07-25,0.091959454,0.119419999,0.122210003,0.119419999,0.119419999,200457600
1984-07-26,0.093678214,0.121652,0.123326004,0.118303999,0.119419999,143337600
1984-07-27,0.093248546,0.121094003,0.122768,0.120536,0.121652,73942400
1984-07-30,0.08766181,0.113839,0.121652,0.112723,0.121094003,125036800
1984-07-31,0.08766181,0.113839,0.115512997,0.111048996,0.113839,199628800
1984-08-01,0.085943043,0.111607,0.114955001,0.108259,0.113839,285734400
1984-08-02,0.082935259,0.107701004,0.113280997,0.107701004,0.111607,303676800
1984-08-03,0.094107933,0.122210003,0.122768,0.107143,0.107701004,618060800
1984-08-06,0.100553259,0.130579993,0.136161,0.121652,0.122210003,626796800
1984-08-07,0.101842329,0.132254004,0.133928999,0.124442004,0.130579993,332483200
1984-08-08,0.097975098,0.127232,0.135045007,0.126115993,0.132254004,294403200
1984-08-09,0.102272727,0.132813007,0.133928999,0.124442004,0.127232,257622400
1984-08-10,0.097975098,0.127232,0.137834996,0.126673996,0.132813007,397376000
1984-08-13,0.103132106,0.133928999,0.135045007,0.125558004,0.127232,241449600
1984-08-14,0.099264123,0.128905997,0.135045007,0.127232,0.133928999,174070400
1984-08-15,0.095826671,0.124442004,0.128347993,0.123326004,0.128347993,178886400
1984-08-16,0.09668605,0.125558004,0.126673996,0.122768,0.124442004,144816000
1984-08-17,0.094537601,0.122768,0.126115993,0.121094003,0.125558004,153932800
1984-08-20,0.094107933,0.122210003,0.123326004,0.118862003,0.122768,138454400
1984-08-21,0.097975098,0.127232,0.128347993,0.122210003,0.122210003,179536000
1984-08-22,0.096256346,0.125,0.130579993,0.123884,0.127232,220416000
1984-08-23,0.09668605,0.125558004,0.127790004,0.125,0.125,83417600
1984-08-24,0.09668605,0.125558004,0.127232,0.124442004,0.125558004,70896000
1984-08-27,0.095826671,0.124442004,0.125558004,0.122210003,0.125558004,87673600
1984-08-28,0.097115695,0.126115993,0.126115993,0.123326004,0.124442004,59158400
1984-08-29,0.094537601,0.122768,0.126673996,0.121652,0.126115993,74121600
1984-08-30,0.092818819,0.120536,0.124442004,0.120536,0.122768,50960000
1984-08-31,0.091100067,0.118303999,0.121094003,0.116628997,0.120536,137849600
1984-09-04,0.09024068,0.117187999,0.119419999,0.116071001,0.118303999,119840000
1984-09-05,0.09024068,0.117187999,0.118862003,0.116071001,0.117187999,103756800
1984-09-06,0.091100067,0.118303999,0.119978003,0.117187999,0.117187999,130972800
1984-09-07,0.091100067,0.118303999,0.119978003,0.117187999,0.118303999,83260800
1984-09-10,0.090670392,0.117746003,0.118862003,0.115512997,0.118303999,64624000
1984-09-11,0.092389166,0.119978003,0.122210003,0.118862003,0.118862003,152387200
1984-09-12,0.08981023,0.116628997,0.120536,0.116628997,0.119978003,133123200
1984-09-13,0.094537601,0.122768,0.123326004,0.122768,0.122768,207334400
1984-09-14,0.095826671,0.124442004,0.127232,0.123326004,0.123326004,246870400
1984-09-17,0.098404787,0.127790004,0.129464,0.127790004,0.127790004,192752000
1984-09-18,0.094967306,0.123326004,0.128905997,0.123326004,0.127790004,97305600
1984-09-19,0.092818819,0.120536,0.124442004,0.120536,0.123326004,106288000
1984-09-20,0.093248546,0.121094003,0.122210003,0.121094003,0.121094003,66169600
1984-09-21,0.092389166,0.119978003,0.124442004,0.118303999,0.121094003,99836800
1984-09-24,0.091529764,0.118862003,0.120536,0.118862003,0.119978003,79004800
1984-09-25,0.08981023,0.116628997,0.118303999,0.116628997,0.118303999,166790400
1984-09-26,0.08852119,0.114955001,0.121652,0.114955001,0.116628997,110969600
1984-09-27,0.08852119,0.114955001,0.115512997,0.114955001,0.114955001,105929600
1984-09-28,0.086372741,0.112164997,0.114955001,0.109932996,0.114955001,233408000
1984-10-01,0.084224284,0.109375,0.111607,0.109375,0.111607,97776000
1984-10-02,0.085083708,0.110491,0.114396997,0.110491,0.110491,118249600
1984-10-03,0.086372741,0.112164997,0.113839,0.112164997,0.112164997,120422400
1984-10-04,0.087232091,0.113280997,0.114396997,0.113280997,0.113280997,125484800
1984-10-05,0.085513346,0.111048996,0.113280997,0.110491,0.113280997,97574400
1984-10-08,0.085513346,0.111048996,0.111607,0.111048996,0.111048996,46972800
1984-10-09,0.084653996,0.109932996,0.111607,0.109932996,0.111048996,125260800
1984-10-10,0.082075857,0.106585003,0.109932996,0.106585003,0.109932996,364851200
1984-10-11,0.081646182,0.106027,0.109375,0.106027,0.106585003,182761600
1984-10-12,0.07820867,0.101562999,0.106585003,0.100446001,0.106027,265798400
1984-10-15,0.082505554,0.107143,0.108259,0.107143,0.107143,243264000
1984-10-16,0.082075857,0.106585003,0.107701004,0.106585003,0.107143,118025600
1984-10-17,0.085513346,0.111048996,0.111607,0.111048996,0.111048996,156643200
1984-10-18,0.088091508,0.114396997,0.114955001,0.114396997,0.114396997,247161600
1984-10-19,0.088091508,0.114396997,0.122210003,0.113839,0.114396997,326121600
1984-10-22,0.087232091,0.113280997,0.116071001,0.113280997,0.114396997,114755200
1984-10-23,0.089380607,0.116071001,0.117187999,0.116071001,0.116071001,186435200
1984-10-24,0.09024068,0.117187999,0.118303999,0.117187999,0.117187999,167014400
1984-10-25,0.086802408,0.112723,0.117187999,0.112723,0.117187999,158166400
1984-10-26,0.084653996,0.109932996,0.112723,0.109375,0.112723,114844800
1984-10-29,0.085083708,0.110491,0.111048996,0.110491,0.110491,50646400
1984-10-30,0.085943043,0.111607,0.112723,0.111607,0.111607,74592000
1984-10-31,0.085513346,0.111048996,0.112723,0.111048996,0.111607,60233600
1984-11-01,0.085943043,0.111607,0.112723,0.111607,0.111607,47040000
1984-11-02,0.085513346,0.111048996,0.112164997,0.110491,0.111607,27686400
1984-11-05,0.085083708,0.110491,0.113280997,0.110491,0.111048996,105369600
1984-11-06,0.09024068,0.117187999,0.117746003,0.117187999,0.117187999,225321600
1984-11-07,0.08852119,0.114955001,0.117746003,0.114955001,0.117187999,231548800
1984-11-08,0.085083708,0.110491,0.114955001,0.110491,0.114955001,88121600
1984-11-09,0.07992743,0.103794999,0.111048996,0.102678999,0.110491,294134400
1984-11-12,0.082935259,0.107701004,0.108259,0.107701004,0.107701004,113254400
1984-11-13,0.080786787,0.104911,0.109932996,0.104911,0.107701004,126672000
1984-11-14,0.081646182,0.106027,0.107143,0.106027,0.106027,104339200
1984-11-15,0.081646182,0.106027,0.107143,0.106027,0.106027,106601600
1984-11-16,0.07992743,0.103794999,0.107701004,0.103237003,0.106027,165760000
1984-11-19,0.075200059,0.097655997,0.104353003,0.097655997,0.103794999,232982400
1984-11-20,0.07777819,0.101003997,0.101562999,0.101003997,0.101003997,263244800
1984-11-21,0.07949771,0.103237003,0.103794999,0.103237003,0.103237003,178729600
1984-11-23,0.081646182,0.106027,0.107701004,0.104353003,0.104353003,137088000
1984-11-26,0.082505554,0.107143,0.107143,0.107143,0.107143,100643200
1984-11-27,0.084653996,0.109932996,0.111048996,0.109932996,0.109932996,127411200
1984-11-28,0.088950872,0.115512997,0.118303999,0.115512997,0.115512997,410524800
1984-11-29,0.087232091,0.113280997,0.115512997,0.113280997,0.115512997,174876800
1984-11-30,0.085083708,0.110491,0.114396997,0.109932996,0.113280997,108707200
1984-12-03,0.083794631,0.108817004,0.111048996,0.108817004,0.110491,98000000
1984-12-04,0.085513346,0.111048996,0.113280997,0.111048996,0.111048996,120377600
1984-12-05,0.08981023,0.116628997,0.116628997,0.116628997,0.116628997,262908800
1984-12-06,0.094107933,0.122210003,0.122768,0.122210003,0.122210003,317273600
1984-12-07,0.093678214,0.121652,0.126673996,0.121094003,0.122210003,494524800
1984-12-10,0.091959454,0.119419999,0.121652,0.119419999,0.121652,111484800
1984-12-11,0.090670392,0.117746003,0.121094003,0.117746003,0.119419999,123782400
1984-12-12,0.08766181,0.113839,0.117746003,0.113839,0.117746003,110073600
1984-12-13,0.08852119,0.114955001,0.117187999,0.114955001,0.114955001,66841600
1984-12-14,0.090670392,0.117746003,0.118862003,0.114955001,0.114955001,96140800
1984-12-17,0.092818819,0.120536,0.121652,0.120536,0.120536,125238400
1984-12-18,0.098404787,0.127790004,0.128347993,0.127790004,0.127790004,340569600
1984-12-19,0.094537601,0.122768,0.128347993,0.122768,0.127790004,317497600
1984-12-20,0.094107933,0.122210003,0.125,0.122210003,0.122768,139843200
1984-12-21,0.092818819,0.120536,0.122768,0.119419999,0.122210003,123894400
1984-12-24,0.094537601,0.122768,0.123326004,0.122768,0.122768,67536000
1984-12-26,0.094967306,0.123326004,0.124442004,0.123326004,0.123326004,67177600
1984-12-27,0.095396951,0.123884,0.124442004,0.123884,0.123884,98761600
1984-12-28,0.09883447,0.128347993,0.128905997,0.123326004,0.123884,165334400
1984-12-31,0.100123547,0.130022004,0.130579993,0.130022004,0.130022004,207760000
1985-01-02,0.095826671,0.124442004,0.130022004,0.124442004,0.130022004,175302400
1985-01-03,0.097545393,0.126673996,0.130022004,0.126673996,0.126673996,166611200
1985-01-04,0.097545393,0.126673996,0.127232,0.125,0.126673996,137267200
1985-01-07,0.097115695,0.126115993,0.127232,0.126115993,0.126673996,170912000
1985-01-08,0.096256346,0.125,0.127232,0.125,0.126115993,141120000
1985-01-09,0.09883447,0.128347993,0.130022004,0.128347993,0.128347993,166723200
1985-01-10,0.103132106,0.133928999,0.134487003,0.133928999,0.133928999,277065600
1985-01-11,0.102272727,0.132813007,0.135045007,0.131696001,0.133928999,205049600
1985-01-14,0.105280563,0.136719003,0.137834996,0.136719003,0.136719003,270435200
1985-01-15,0.103132106,0.133928999,0.138951004,0.133928999,0.136719003,264969600
1985-01-16,0.103991516,0.135045007,0.137277007,0.135045007,0.135045007,189884800
1985-01-17,0.09668605,0.125558004,0.137277007,0.125558004,0.135045007,547523200
1985-01-18,0.098404787,0.127790004,0.130579993,0.125,0.125558004,352665600
1985-01-21,0.100553259,0.130579993,0.131696001,0.130579993,0.130579993,325427200
1985-01-22,0.103561848,0.134487003,0.135045007,0.134487003,0.134487003,424838400
1985-01-23,0.101842329,0.132254004,0.135045007,0.132254004,0.134487003,430505600
1985-01-24,0.099693879,0.129464,0.132254004,0.129464,0.132254004,397062400
1985-01-25,0.101842329,0.132254004,0.132254004,0.126673996,0.129464,318460800
1985-01-28,0.103991516,0.135045007,0.136719003,0.135045007,0.135045007,412182400
1985-01-29,0.102702424,0.133370996,0.136161,0.133370996,0.135045007,223731200
1985-01-30,0.102702424,0.133370996,0.136161,0.133370996,0.133370996,492441600
1985-01-31,0.099693879,0.129464,0.133928999,0.129464,0.133370996,276236800
1985-02-01,0.098404787,0.127790004,0.130022004,0.126673996,0.129464,137737600
1985-02-04,0.100553259,0.130579993,0.131137997,0.130579993,0.130579993,218019200
1985-02-05,0.101412602,0.131696001,0.133928999,0.131696001,0.131696001,190041600
1985-02-06,0.103132106,0.133928999,0.133928999,0.133928999,0.133928999,194432000
1985-02-07,0.102702424,0.133370996,0.135602996,0.133370996,0.133928999,245481600
1985-02-08,0.102702424,0.133370996,0.133928999,0.131696001,0.133370996,132025600
1985-02-11,0.104850866,0.136161,0.137277007,0.136161,0.136161,346953600
1985-02-12,0.102272727,0.132813007,0.136719003,0.132813007,0.136161,226508800
1985-02-13,0.097545393,0.126673996,0.132813007,0.126673996,0.132813007,527027200
1985-02-14,0.094967306,0.123326004,0.127790004,0.123326004,0.126673996,426832000
1985-02-15,0.096256346,0.125,0.125558004,0.122210003,0.123326004,173622400
1985-02-19,0.094967306,0.123326004,0.124442004,0.123326004,0.124442004,149833600
1985-02-20,0.090670392,0.117746003,0.123884,0.117746003,0.123326004,219968000
1985-02-21,0.092389166,0.119978003,0.120536,0.119978003,0.119978003,308224000
1985-02-22,0.094967306,0.123326004,0.124442004,0.119978003,0.119978003,226531200
1985-02-25,0.093678214,0.121652,0.123884,0.121652,0.123326004,98537600
1985-02-26,0.091959454,0.119419999,0.122210003,0.119419999,0.121652,188966400
1985-02-27,0.086372741,0.112164997,0.119419999,0.112164997,0.119419999,403580800
1985-02-28,0.085083708,0.110491,0.112164997,0.110491,0.112164997,319065600
1985-03-01,0.085513346,0.111048996,0.111048996,0.107143,0.110491,247430400
1985-03-04,0.086802408,0.112723,0.116071001,0.112723,0.112723,153104000
1985-03-05,0.088950872,0.115512997,0.115512997,0.115512997,0.115512997,130771200
1985-03-06,0.084653996,0.109932996,0.115512997,0.109932996,0.115512997,193603200
1985-03-07,0.076059453,0.098771997,0.110491,0.098771997,0.109932996,733980800
1985-03-08,0.073911011,0.095982,0.098771997,0.092634,0.098771997,473558400
1985-03-11,0.076489128,0.099330001,0.099887997,0.099330001,0.099330001,286003200
1985-03-12,0.07906805,0.102678999,0.103794999,0.102678999,0.102678999,219430400
1985-03-13,0.074770376,0.097098,0.102678999,0.097098,0.102678999,251126400
1985-03-14,0.074770376,0.097098,0.097655997,0.097098,0.097098,241606400
1985-03-15,0.07777819,0.101003997,0.103237003,0.096539997,0.097098,181417600
1985-03-18,0.078638367,0.102121003,0.103237003,0.102121003,0.102121003,124768000
1985-03-19,0.075629778,0.098214,0.103237003,0.098214,0.102121003,171449600
1985-03-20,0.076489128,0.099330001,0.101003997,0.099330001,0.099330001,404969600
1985-03-21,0.07777819,0.101003997,0.102678999,0.101003997,0.101003997,162467200
1985-03-22,0.076489128,0.099330001,0.102678999,0.099330001,0.101003997,80371200
1985-03-25,0.074340694,0.096539997,0.099330001,0.096539997,0.099330001,109961600
1985-03-26,0.0773485,0.100446001,0.100446001,0.100446001,0.100446001,121430400
1985-03-27,0.075200059,0.097655997,0.101562999,0.097655997,0.100446001,111350400
1985-03-28,0.075200059,0.097655997,0.099330001,0.097655997,0.097655997,129606400
1985-03-29,0.076059453,0.098771997,0.099330001,0.097655997,0.097655997,87180800
1985-04-01,0.074340694,0.096539997,0.101003997,0.096539997,0.098771997,114060800
1985-04-02,0.072192296,0.09375,0.097098,0.09375,0.096539997,227427200
1985-04-03,0.072192296,0.09375,0.094307996,0.09375,0.09375,242659200
1985-04-04,0.071762592,0.093192004,0.094307996,0.092076004,0.09375,161862400
1985-04-08,0.067465685,0.087612003,0.09375,0.087612003,0.093192004,198732800
1985-04-09,0.067465685,0.087612003,0.088169999,0.087612003,0.087612003,263894400
1985-04-10,0.072192296,0.09375,0.094866,0.09375,0.09375,226912000
1985-04-11,0.073481314,0.095423996,0.098214,0.095423996,0.095423996,146675200
1985-04-12,0.071762592,0.093192004,0.095423996,0.092634,0.095423996,72531200
1985-04-15,0.073481314,0.095423996,0.096539997,0.095423996,0.095423996,59830400
1985-04-16,0.074340694,0.096539997,0.097098,0.096539997,0.096539997,67648000
1985-04-17,0.07777819,0.101003997,0.102121003,0.101003997,0.101003997,123244800
1985-04-18,0.078638367,0.102121003,0.102678999,0.102121003,0.102121003,202428800
1985-04-19,0.0773485,0.100446001,0.102121003,0.099887997,0.102121003,96028800
1985-04-22,0.074340694,0.096539997,0.100446001,0.096539997,0.100446001,102592000
1985-04-23,0.076059453,0.098771997,0.099330001,0.098771997,0.098771997,118294400
1985-04-24,0.075629778,0.098214,0.100446001,0.098214,0.098771997,78937600
1985-04-25,0.075629778,0.098214,0.098771997,0.098214,0.098214,87628800
1985-04-26,0.075200059,0.097655997,0.101003997,0.097655997,0.098214,119705600
1985-04-29,0.072621949,0.094307996,0.098214,0.094307996,0.097655997,62204800
1985-04-30,0.073051631,0.094866,0.095423996,0.094866,0.094866,94729600
1985-05-01,0.071762592,0.093192004,0.095423996,0.093192004,0.094866,57344000
1985-05-02,0.066176631,0.085937999,0.092076004,0.085937999,0.092076004,329772800
1985-05-03,0.068754785,0.089286,0.089844003,0.085937999,0.085937999,158121600
1985-05-06,0.067895405,0.088169999,0.090402,0.088169999,0.089286,56134400
1985-05-07,0.068754785,0.089286,0.089286,0.089286,0.089286,107609600
1985-05-08,0.068325035,0.088728003,0.088728003,0.088728003,0.088728003,144390400
1985-05-09,0.068754785,0.089286,0.089844003,0.089286,0.089286,127075200
1985-05-10,0.069614157,0.090402,0.091518,0.089286,0.089286,136080000
1985-05-13,0.068754785,0.089286,0.090960003,0.089286,0.090402,87225600
1985-05-14,0.067895405,0.088169999,0.089844003,0.088169999,0.089286,121744000
1985-05-15,0.068754785,0.089286,0.090960003,0.089286,0.089286,130435200
1985-05-16,0.073481314,0.095423996,0.098214,0.095423996,0.095423996,230540800
1985-05-17,0.074770376,0.097098,0.098771997,0.094866,0.095423996,211859200
1985-05-20,0.073481314,0.095423996,0.099330001,0.095423996,0.097098,197187200
1985-05-21,0.071332887,0.092634,0.094866,0.092634,0.094866,152544000
1985-05-22,0.070903197,0.092076004,0.093192004,0.092076004,0.092634,120556800
1985-05-23,0.067895405,0.088169999,0.091518,0.088169999,0.091518,239164800
1985-05-24,0.062308643,0.080914997,0.088169999,0.080914997,0.088169999,589478400
1985-05-28,0.05801177,0.075335003,0.079798996,0.075335003,0.079798996,510966400
1985-05-29,0.058871143,0.076451004,0.077009,0.076451004,0.076451004,246556800
1985-05-30,0.060589883,0.078682996,0.079798996,0.078682996,0.078682996,314921600
1985-05-31,0.059730541,0.077567004,0.080357,0.077567004,0.078682996,369420800
1985-06-03,0.055003956,0.071428999,0.075893,0.071428999,0.075893,576016000
1985-06-04,0.059300836,0.077009,0.077567004,0.077009,0.077009,401923200
1985-06-05,0.05801177,0.075335003,0.079241,0.075335003,0.077009,286406400
1985-06-06,0.058441475,0.075893,0.075893,0.075893,0.075893,271196800
1985-06-07,0.056293011,0.073103003,0.075893,0.073103003,0.075893,475238400
1985-06-10,0.055433653,0.071987003,0.073661,0.071987003,0.073103003,316131200
1985-06-11,0.055433653,0.071987003,0.073661,0.071987003,0.071987003,300720000
1985-06-12,0.054144565,0.070312999,0.072544999,0.070312999,0.071987003,247990400
1985-06-13,0.051135983,0.066405997,0.070871003,0.066405997,0.070312999,379523200
1985-06-14,0.050706301,0.065848,0.070312999,0.065848,0.066405997,565667200
1985-06-17,0.051135983,0.066405997,0.066964,0.066405997,0.066405997,236342400
1985-06-18,0.05242506,0.068080001,0.069196001,0.068080001,0.068080001,265216000
1985-06-19,0.05371413,0.069753997,0.070871003,0.069753997,0.069753997,171987200
1985-06-20,0.054144565,0.070312999,0.070312999,0.070312999,0.070312999,190803200
1985-06-21,0.055433653,0.071987003,0.073661,0.071987003,0.071987003,166140800
1985-06-24,0.059300836,0.077009,0.078125,0.077009,0.077009,205766400
1985-06-25,0.06016022,0.078125,0.079798996,0.078125,0.078125,293910400
1985-06-26,0.062308643,0.080914997,0.080914997,0.080914997,0.080914997,132204800
1985-06-27,0.063168027,0.082030997,0.082589,0.082030997,0.082030997,192460800
1985-06-28,0.061878968,0.080357,0.082589,0.080357,0.082030997,135744000
1985-07-01,0.062308643,0.080914997,0.081473,0.080914997,0.080914997,103443200
1985-07-02,0.059300836,0.077009,0.081473,0.077009,0.080914997,77728000
1985-07-03,0.06016022,0.078125,0.078125,0.078125,0.078125,68499200
1985-07-05,0.060589883,0.078682996,0.079241,0.078682996,0.078682996,36579200
1985-07-08,0.060589883,0.078682996,0.079241,0.078682996,0.078682996,92220800
1985-07-09,0.060589883,0.078682996,0.079241,0.078682996,0.078682996,147907200
1985-07-10,0.061878968,0.080357,0.080357,0.080357,0.080357,106041600
1985-07-11,0.061878968,0.080357,0.080914997,0.080357,0.080357,64892800
1985-07-12,0.0614493,0.079798996,0.080357,0.079798996,0.080357,47040000
1985-07-15,0.061019596,0.079241,0.081473,0.079241,0.079798996,77683200
1985-07-16,0.06016022,0.078125,0.079798996,0.078125,0.079241,143360000
1985-07-17,0.060589883,0.078682996,0.079798996,0.078682996,0.078682996,118182400
1985-07-18,0.059300836,0.077009,0.078682996,0.077009,0.078682996,179065600
1985-07-19,0.059730541,0.077567004,0.077567004,0.077567004,0.077567004,114912000
1985-07-22,0.05801177,0.075335003,0.077567004,0.075335003,0.077567004,192304000
1985-07-23,0.056722708,0.073661,0.076451004,0.073661,0.075335003,168694400
1985-07-24,0.055863343,0.072544999,0.074777,0.072544999,0.073661,168716800
1985-07-25,0.057152409,0.074219003,0.074777,0.074219003,0.074219003,315078400
1985-07-26,0.057152409,0.074219003,0.074777,0.074219003,0.074219003,130524800
1985-07-29,0.055003956,0.071428999,0.074219003,0.071428999,0.074219003,77750400
1985-07-30,0.055863343,0.072544999,0.073103003,0.072544999,0.072544999,89465600
1985-07-31,0.05457427,0.070871003,0.073103003,0.070871003,0.072544999,80505600
1985-08-01,0.05457427,0.070871003,0.071987003,0.070871003,0.070871003,51564800
1985-08-02,0.054144565,0.070312999,0.070871003,0.070312999,0.070871003,97417600
1985-08-05,0.052854724,0.068637997,0.070871003,0.068637997,0.070312999,92332800
1985-08-06,0.05242506,0.068080001,0.070312999,0.068080001,0.068637997,63078400
1985-08-07,0.051135983,0.066405997,0.071428999,0.066405997,0.068080001,151737600
1985-08-08,0.051995356,0.067521997,0.068080001,0.067521997,0.067521997,147772800
1985-08-09,0.05242506,0.068080001,0.068080001,0.068080001,0.068080001,60950400
1985-08-12,0.051565696,0.066964,0.068080001,0.066964,0.068080001,54992000
1985-08-13,0.05242506,0.068080001,0.069196001,0.068080001,0.068080001,42380800
1985-08-14,0.05027663,0.065289997,0.068080001,0.065289997,0.068080001,289900800
1985-08-15,0.04984694,0.064732,0.065848,0.064732,0.065289997,105190400
1985-08-16,0.05027663,0.065289997,0.066405997,0.065289997,0.065289997,83753600
1985-08-19,0.051565696,0.066964,0.068080001,0.066964,0.066964,47868800
1985-08-20,0.05242506,0.068080001,0.068080001,0.068080001,0.068080001,66953600
1985-08-21,0.05242506,0.068080001,0.068080001,0.068080001,0.068080001,77011200
1985-08-22,0.051135983,0.066405997,0.068080001,0.066405997,0.068080001,123312000
1985-08-23,0.050706301,0.065848,0.066964,0.065848,0.066405997,44016000
1985-08-26,0.051995356,0.067521997,0.067521997,0.067521997,0.067521997,35660800
1985-08-27,0.05242506,0.068080001,0.068080001,0.068080001,0.068080001,42918400
1985-08-28,0.05242506,0.068080001,0.068637997,0.068080001,0.068080001,40947200
1985-08-29,0.051135983,0.066405997,0.068080001,0.066405997,0.068080001,56112000
1985-08-30,0.051565696,0.066964,0.066964,0.066964,0.066964,42873600
1985-09-03,0.050706301,0.065848,0.066964,0.065848,0.066964,37452800
1985-09-04,0.051135983,0.066405997,0.067521997,0.066405997,0.066405997,47555200
1985-09-05,0.051135983,0.066405997,0.066964,0.066405997,0.066405997,32816000
1985-09-06,0.051565696,0.066964,0.066964,0.066964,0.066964,92803200
1985-09-09,0.05242506,0.068080001,0.068637997,0.068080001,0.068080001,132316800
1985-09-10,0.052854724,0.068637997,0.069753997,0.068637997,0.068637997,121766400
1985-09-11,0.053284436,0.069196001,0.069753997,0.069196001,0.069196001,87091200
1985-09-12,0.055433653,0.071987003,0.071987003,0.071987003,0.071987003,111171200
1985-09-13,0.054144565,0.070312999,0.071987003,0.070312999,0.071987003,70537600
1985-09-16,0.05242506,0.068080001,0.070312999,0.068080001,0.070312999,36982400
1985-09-17,0.05242506,0.068080001,0.068080001,0.068080001,0.068080001,183747200
1985-09-18,0.055863343,0.072544999,0.072544999,0.072544999,0.072544999,120086400
1985-09-19,0.058441475,0.075893,0.075893,0.075893,0.075893,186323200
1985-09-20,0.057582103,0.074777,0.076451004,0.074777,0.075893,135228800
1985-09-23,0.05801177,0.075335003,0.076451004,0.075335003,0.075335003,118585600
1985-09-24,0.056722708,0.073661,0.077009,0.073661,0.075335003,88099200
1985-09-25,0.05457427,0.070871003,0.073661,0.070871003,0.073661,104496000
1985-09-26,0.05457427,0.070871003,0.071428999,0.070871003,0.070871003,53491200
1985-09-30,0.054144565,0.070312999,0.071428999,0.070312999,0.070871003,36646400
1985-10-01,0.054144565,0.070312999,0.070871003,0.070312999,0.070312999,88345600
1985-10-02,0.05371413,0.069753997,0.070871003,0.069753997,0.070312999,21504000
1985-10-03,0.053284436,0.069196001,0.069753997,0.069196001,0.069753997,48921600
1985-10-04,0.051565696,0.066964,0.069196001,0.066964,0.069196001,69529600
1985-10-07,0.051565696,0.066964,0.068080001,0.066964,0.066964,91929600
1985-10-08,0.051995356,0.067521997,0.067521997,0.067521997,0.067521997,86979200
1985-10-09,0.051565696,0.066964,0.068080001,0.066964,0.067521997,82812800
1985-10-10,0.05457427,0.070871003,0.071428999,0.070871003,0.070871003,261744000
1985-10-11,0.055003956,0.071428999,0.072544999,0.071428999,0.071428999,118294400
1985-10-14,0.057152409,0.074219003,0.074219003,0.074219003,0.074219003,155187200
1985-10-15,0.058441475,0.075893,0.076451004,0.075893,0.075893,293888000
1985-10-16,0.061878968,0.080357,0.080914997,0.080357,0.080357,288444800
1985-10-17,0.062738344,0.081473,0.085378997,0.081473,0.081473,348185600
1985-10-18,0.061019596,0.079241,0.082030997,0.079241,0.081473,230428800
1985-10-21,0.059300836,0.077009,0.079241,0.077009,0.079241,118876800
1985-10-22,0.061878968,0.080357,0.081473,0.080357,0.080357,424547200
1985-10-23,0.061878968,0.080357,0.082589,0.080357,0.080357,148377600
1985-10-24,0.063168027,0.082030997,0.084262997,0.082030997,0.082030997,272630400
1985-10-25,0.061878968,0.080357,0.082030997,0.080357,0.082030997,63280000
1985-10-28,0.061878968,0.080357,0.080914997,0.080357,0.080357,59472000
1985-10-29,0.0614493,0.079798996,0.080357,0.079798996,0.080357,130883200
1985-10-30,0.065316483,0.084821001,0.084821001,0.084821001,0.084821001,226576000
1985-10-31,0.064027421,0.083146997,0.085937999,0.083146997,0.084821001,155075200
1985-11-01,0.064027421,0.083146997,0.084821001,0.083146997,0.083146997,92556800
1985-11-04,0.064457119,0.083705001,0.085378997,0.083705001,0.083705001,155724800
1985-11-05,0.064027421,0.083146997,0.085378997,0.083146997,0.083705001,107542400
1985-11-06,0.066176631,0.085937999,0.086496003,0.085937999,0.085937999,200457600
1985-11-07,0.067465685,0.087612003,0.088728003,0.087612003,0.087612003,317139200
1985-11-08,0.070473492,0.091518,0.092634,0.091518,0.091518,294112000
1985-11-11,0.068754785,0.089286,0.092634,0.089286,0.091518,178774400
1985-11-12,0.068325035,0.088728003,0.090402,0.088728003,0.089286,173644800
1985-11-13,0.066606328,0.086496003,0.088728003,0.086496003,0.088728003,101561600
1985-11-14,0.068754785,0.089286,0.089844003,0.089286,0.089286,139507200
1985-11-15,0.068325035,0.088728003,0.090402,0.088728003,0.089286,81580800
1985-11-18,0.068325035,0.088728003,0.089286,0.088728003,0.088728003,64556800
1985-11-19,0.066176631,0.085937999,0.089286,0.085937999,0.088728003,94326400
1985-11-20,0.065316483,0.084821001,0.086496003,0.084821001,0.085937999,99075200
1985-11-21,0.065316483,0.084821001,0.085937999,0.084821001,0.084821001,102950400
1985-11-22,0.065316483,0.084821001,0.085937999,0.084262997,0.084821001,128755200
1985-11-25,0.065746203,0.085378997,0.085937999,0.084821001,0.084821001,97193600
1985-11-26,0.066606328,0.086496003,0.087053999,0.084821001,0.085378997,164460800
1985-11-27,0.068754785,0.089286,0.089844003,0.085937999,0.086496003,191721600
1985-11-29,0.069184445,0.089844003,0.089844003,0.088728003,0.089286,99030400
1985-12-02,0.069614157,0.090402,0.090402,0.089286,0.089844003,100195200
1985-12-03,0.069184445,0.089844003,0.090960003,0.089286,0.090402,155075200
1985-12-04,0.070473492,0.091518,0.092076004,0.089844003,0.089844003,165110400
1985-12-05,0.069184445,0.089844003,0.092634,0.089286,0.091518,125148800
1985-12-06,0.067895405,0.088169999,0.089844003,0.087612003,0.089844003,65452800
1985-12-09,0.066606328,0.086496003,0.089286,0.085937999,0.088169999,139865600
1985-12-10,0.06703601,0.087053999,0.087612003,0.085937999,0.086496003,200905600
1985-12-11,0.067895405,0.088169999,0.089844003,0.087053999,0.087053999,237619200
1985-12-12,0.068754785,0.089286,0.090402,0.088728003,0.088728003,125260800
1985-12-13,0.068754785,0.089286,0.090402,0.088169999,0.089286,251148800
1985-12-16,0.071762592,0.093192004,0.094866,0.089286,0.089286,288915200
1985-12-17,0.070903197,0.092076004,0.09375,0.090960003,0.093192004,109065600
1985-12-18,0.076489128,0.099330001,0.102121003,0.095423996,0.095423996,559798400
1985-12-19,0.0773485,0.100446001,0.101562999,0.098771997,0.099330001,270121600
1985-12-20,0.076918803,0.099887997,0.101562999,0.099330001,0.100446001,206035200
1985-12-23,0.075200059,0.097655997,0.100446001,0.096539997,0.099887997,143225600
1985-12-24,0.074770376,0.097098,0.098214,0.096539997,0.097655997,64601600
1985-12-26,0.074770376,0.097098,0.098214,0.096539997,0.097098,45852800
1985-12-27,0.076918803,0.099887997,0.101003997,0.097098,0.097098,122886400
1985-12-30,0.076489128,0.099330001,0.101003997,0.098771997,0.099887997,107676800
1985-12-31,0.075629778,0.098214,0.099887997,0.098214,0.099330001,87248000
1986-01-02,0.076489128,0.099330001,0.099330001,0.097098,0.098214,117420800
1986-01-03,0.076918803,0.099887997,0.099887997,0.098771997,0.099330001,242166400
1986-01-06,0.076489128,0.099330001,0.099887997,0.097655997,0.099887997,185046400
1986-01-07,0.07906805,0.102678999,0.102678999,0.098771997,0.099330001,470534400
1986-01-08,0.078638367,0.102121003,0.104911,0.101562999,0.102678999,607600000
1986-01-09,0.07777819,0.101003997,0.102678999,0.097655997,0.102121003,447238400
1986-01-10,0.07820867,0.101562999,0.103237003,0.101003997,0.101003997,153238400
1986-01-13,0.07906805,0.102678999,0.103237003,0.100446001,0.101562999,215420800
1986-01-14,0.07992743,0.103794999,0.106027,0.100446001,0.102678999,272697600
1986-01-15,0.082075857,0.106585003,0.107143,0.103237003,0.103794999,423472000
1986-01-16,0.084224284,0.109375,0.110491,0.106585003,0.106585003,534777600
1986-01-17,0.082505554,0.107143,0.110491,0.106585003,0.109375,345385600
1986-01-20,0.082075857,0.106585003,0.107143,0.104353003,0.107143,127411200
1986-01-21,0.082505554,0.107143,0.107701004,0.106027,0.106585003,151961600
1986-01-22,0.080357105,0.104353003,0.107701004,0.099887997,0.107143,143001600
1986-01-23,0.07906805,0.102678999,0.104911,0.101562999,0.104353003,156419200
1986-01-24,0.07777819,0.101003997,0.104353003,0.101003997,0.102678999,111977600
1986-01-27,0.076059453,0.098771997,0.101562999,0.098214,0.101003997,389580800
1986-01-28,0.076489128,0.099330001,0.099887997,0.098214,0.098771997,222297600
1986-01-29,0.081216462,0.105469003,0.108817004,0.098214,0.099330001,589568000
1986-01-30,0.07906805,0.102678999,0.104911,0.102121003,0.104911,236880000
1986-01-31,0.07949771,0.103237003,0.103794999,0.102121003,0.102678999,147705600
1986-02-03,0.082075857,0.106585003,0.107143,0.102121003,0.103237003,350022400
1986-02-04,0.081646182,0.106027,0.108817004,0.106027,0.106585003,260176000
1986-02-05,0.081646182,0.106027,0.106585003,0.104911,0.106027,197164800
1986-02-06,0.082935259,0.107701004,0.108259,0.105469003,0.106027,134220800
1986-02-07,0.082505554,0.107143,0.107701004,0.104911,0.107701004,129404800
1986-02-10,0.082075857,0.106585003,0.109375,0.106027,0.107143,111843200
1986-02-11,0.082075857,0.106585003,0.107143,0.104911,0.106585003,153462400
1986-02-12,0.082505554,0.107143,0.107143,0.106027,0.106585003,133056000
1986-02-13,0.082075857,0.106585003,0.107143,0.106027,0.107143,109379200
1986-02-14,0.081646182,0.106027,0.107701004,0.106027,0.106585003,137513600
1986-02-18,0.082075857,0.106585003,0.107143,0.103794999,0.106027,148108800
1986-02-19,0.085943043,0.111607,0.113839,0.106585003,0.106585003,359676800
1986-02-20,0.086372741,0.112164997,0.113280997,0.111048996,0.111607,137916800
1986-02-21,0.086802408,0.112723,0.114955001,0.112164997,0.112164997,189078400
1986-02-24,0.08852119,0.114955001,0.114955001,0.111607,0.112723,247116800
1986-02-25,0.090670392,0.117746003,0.117746003,0.112164997,0.114955001,224739200
1986-02-26,0.089380607,0.116071001,0.119419999,0.116071001,0.117746003,164729600
1986-02-27,0.088091508,0.114396997,0.116628997,0.113839,0.116071001,108124800
1986-02-28,0.085943043,0.111607,0.115512997,0.111048996,0.114396997,125126400
1986-03-03,0.084653996,0.109932996,0.112164997,0.109375,0.111607,108819200
1986-03-04,0.084653996,0.109932996,0.111607,0.109375,0.109932996,89107200
1986-03-05,0.086802408,0.112723,0.113839,0.108259,0.109932996,177027200
1986-03-06,0.087232091,0.113280997,0.114955001,0.112164997,0.112723,101337600
1986-03-07,0.085083708,0.110491,0.113280997,0.110491,0.113280997,96185600
1986-03-10,0.084653996,0.109932996,0.111048996,0.109932996,0.110491,75488000
1986-03-11,0.085513346,0.111048996,0.111048996,0.109375,0.109932996,103062400
1986-03-12,0.085083708,0.110491,0.112164997,0.110491,0.111048996,85680000
1986-03-13,0.085083708,0.110491,0.111607,0.108817004,0.110491,115964800
1986-03-14,0.08981023,0.116628997,0.117187999,0.110491,0.110491,384854400
1986-03-17,0.089380607,0.116071001,0.116071001,0.113280997,0.116071001,118720000
1986-03-18,0.092389166,0.119978003,0.121652,0.115512997,0.116071001,249356800
1986-03-19,0.091100067,0.118303999,0.121652,0.117746003,0.119978003,189884800
1986-03-20,0.097115695,0.126115993,0.132254004,0.125,0.125,904131200
1986-03-21,0.094967306,0.123326004,0.128347993,0.122768,0.126115993,260377600
1986-03-24,0.091959454,0.119419999,0.123326004,0.117746003,0.123326004,294313600
1986-03-25,0.095826671,0.124442004,0.124442004,0.119419999,0.119419999,281075200
1986-03-26,0.097115695,0.126115993,0.128347993,0.124442004,0.124442004,222140800
1986-03-27,0.097115695,0.126115993,0.129464,0.126115993,0.126115993,219004800
1986-03-31,0.097115695,0.126115993,0.127232,0.125,0.126115993,187801600
1986-04-01,0.093678214,0.121652,0.126115993,0.120536,0.126115993,222723200
1986-04-02,0.093678214,0.121652,0.122210003,0.117187999,0.121652,325292800
1986-04-03,0.092818819,0.120536,0.123326004,0.119978003,0.121652,211075200
1986-04-04,0.091959454,0.119419999,0.120536,0.118862003,0.120536,125955200
1986-04-07,0.093678214,0.121652,0.122768,0.117187999,0.119419999,120131200
1986-04-08,0.094967306,0.123326004,0.123884,0.121652,0.121652,193222400
1986-04-09,0.093248546,0.121094003,0.123884,0.119978003,0.123326004,135318400
1986-04-10,0.093678214,0.121652,0.122210003,0.119978003,0.121094003,109984000
1986-04-11,0.092818819,0.120536,0.122768,0.120536,0.121652,75667200
1986-04-14,0.092389166,0.119978003,0.121652,0.119419999,0.120536,84963200
1986-04-15,0.094107933,0.122210003,0.122768,0.119978003,0.119978003,131398400
1986-04-16,0.097115695,0.126115993,0.127232,0.122210003,0.122210003,210828800
1986-04-17,0.099693879,0.129464,0.130022004,0.125,0.126115993,270099200
1986-04-18,0.102272727,0.132813007,0.133370996,0.128347993,0.129464,247676800
1986-04-21,0.104421198,0.135602996,0.137277007,0.133370996,0.133370996,273548800
1986-04-22,0.102702424,0.133370996,0.139509007,0.132254004,0.135602996,327868800
1986-04-23,0.101842329,0.132254004,0.135602996,0.131137997,0.133370996,261475200
1986-04-24,0.10785868,0.140066996,0.140625,0.131696001,0.132254004,458371200
1986-04-25,0.110866457,0.143972993,0.145647004,0.140066996,0.140066996,261072000
1986-04-28,0.110007107,0.142857,0.146204993,0.141740993,0.143972993,145532800
1986-04-29,0.107429035,0.139509007,0.143972993,0.119978003,0.142857,132697600
1986-04-30,0.103991516,0.135045007,0.141183004,0.135045007,0.139509007,137782400
1986-05-01,0.103991516,0.135045007,0.135045007,0.132813007,0.135045007,257936000
1986-05-02,0.104850866,0.136161,0.138393,0.134487003,0.135045007,93587200
1986-05-05,0.110436834,0.143415004,0.145089,0.136161,0.136161,149340800
1986-05-06,0.112155594,0.145647004,0.148438007,0.143972993,0.143972993,218534400
1986-05-07,0.108288407,0.140625,0.146762997,0.139509007,0.145647004,198800000
1986-05-08,0.113444664,0.147321001,0.147879004,0.140625,0.140625,233363200
1986-05-09,0.114734478,0.148995996,0.150112003,0.146204993,0.147321001,222499200
1986-05-12,0.125046998,0.162387997,0.163504004,0.148438007,0.148995996,400422400
1986-05-13,0.123757936,0.160714,0.162946001,0.157365993,0.162387997,471766400
1986-05-14,0.126766458,0.164620996,0.166852996,0.160714,0.160714,482988800
1986-05-15,0.123757936,0.160714,0.165178999,0.159040004,0.164620996,222544000
1986-05-16,0.123757936,0.160714,0.161829993,0.156808004,0.160714,319244800
1986-05-19,0.122468889,0.159040004,0.162946001,0.158482,0.160714,209507200
1986-05-20,0.121609479,0.157923996,0.159040004,0.152902007,0.159040004,245795200
1986-05-21,0.127196223,0.165178999,0.166295007,0.15625,0.157923996,346729600
1986-05-22,0.126336843,0.164063007,0.167411,0.159597993,0.165178999,220505600
1986-05-23,0.127196223,0.165178999,0.165737003,0.162387997,0.164063007,139843200
1986-05-27,0.126766458,0.164620996,0.165178999,0.162387997,0.165178999,84649600
1986-05-28,0.128055587,0.166295007,0.167411,0.164063007,0.164620996,207132800
1986-05-29,0.127196223,0.165178999,0.166295007,0.162946001,0.166295007,101427200
1986-05-30,0.127196223,0.165178999,0.166295007,0.162946001,0.165178999,127433600
1986-06-02,0.127625972,0.165737003,0.166852996,0.164063007,0.165178999,199248000
1986-06-03,0.130204082,0.169084996,0.170201004,0.165737003,0.165737003,325897600
1986-06-04,0.133211836,0.172990993,0.173548996,0.168527007,0.169084996,300652800
1986-06-05,0.133641571,0.173548996,0.174665004,0.171875,0.172990993,147884800
1986-06-06,0.129774317,0.168527007,0.173548996,0.167411,0.173548996,177363200
1986-06-09,0.123757936,0.160714,0.169084996,0.160155997,0.168527007,247027200
1986-06-10,0.123757936,0.160714,0.160714,0.156808004,0.160714,246892800
1986-06-11,0.124187641,0.161272004,0.161829993,0.158482,0.160714,186860800
1986-06-12,0.123757936,0.160714,0.162387997,0.160714,0.161272004,129091200
1986-06-13,0.125046998,0.162387997,0.162387997,0.157365993,0.160714,143001600
1986-06-16,0.123328261,0.160155997,0.164620996,0.159040004,0.162387997,173600000
1986-06-17,0.117742285,0.152902007,0.160714,0.151786,0.160155997,222051200
1986-06-18,0.117742285,0.152902007,0.155134007,0.145089,0.152902007,429654400
1986-06-19,0.120320439,0.15625,0.159597993,0.151227996,0.152902007,344646400
1986-06-20,0.123757936,0.160714,0.161272004,0.15625,0.15625,161302400
1986-06-23,0.119461082,0.155134007,0.161829993,0.154576004,0.160714,116323200
1986-06-24,0.11989069,0.155691996,0.156808004,0.153459996,0.155134007,141993600
1986-06-25,0.123328261,0.160155997,0.160714,0.15625,0.15625,131980800
1986-06-26,0.124617286,0.161829993,0.162387997,0.158482,0.160155997,116928000
1986-06-27,0.123328261,0.160155997,0.164063007,0.158482,0.161829993,50198400
1986-06-30,0.123328261,0.160155997,0.161829993,0.159597993,0.160155997,70761600
1986-07-01,0.121609479,0.157923996,0.161272004,0.155134007,0.160155997,87718400
1986-07-02,0.124187641,0.161272004,0.161829993,0.157923996,0.157923996,144838400
1986-07-03,0.129344642,0.167969003,0.168527007,0.159040004,0.161272004,181171200
1986-07-07,0.122468889,0.159040004,0.168527007,0.157923996,0.167969003,181820800
1986-07-08,0.117742285,0.152902007,0.157365993,0.152344003,0.157365993,273683200
1986-07-09,0.119031362,0.154576004,0.155134007,0.151786,0.152902007,365120000
1986-07-10,0.121609479,0.157923996,0.157923996,0.154576004,0.155134007,208566400
1986-07-11,0.127625972,0.165737003,0.168527007,0.157365993,0.157923996,224000000
1986-07-14,0.124617286,0.161829993,0.166852996,0.161829993,0.165737003,237440000
1986-07-15,0.11989069,0.155691996,0.15625,0.152902007,0.15625,297920000
1986-07-16,0.115164205,0.149553999,0.159040004,0.146204993,0.158482,539840000
1986-07-17,0.110866457,0.143972993,0.150670007,0.143415004,0.149553999,250880000
1986-07-18,0.10914775,0.141740993,0.145089,0.139509007,0.143972993,309120000
1986-07-21,0.115164205,0.149553999,0.150670007,0.146204993,0.147321001,228480000
1986-07-22,0.119031362,0.154576004,0.154576004,0.148438007,0.149553999,239680000
1986-07-23,0.117312618,0.152344003,0.154576004,0.152344003,0.154576004,179491200
1986-07-24,0.113874331,0.147879004,0.153459996,0.147321001,0.152902007,144569600
1986-07-25,0.11688295,0.151786,0.151786,0.147321001,0.147879004,217459200
1986-07-28,0.111296199,0.144530997,0.151786,0.143972993,0.151227996,246400000
1986-07-29,0.107429035,0.139509007,0.143972993,0.137277007,0.143972993,595840000
1986-07-30,0.104850866,0.136161,0.140625,0.133928999,0.139509007,255360000
1986-07-31,0.107429035,0.139509007,0.140625,0.136161,0.136161,282240000
1986-08-01,0.10785868,0.140066996,0.141740993,0.138951004,0.138951004,150080000
1986-08-04,0.108288407,0.140625,0.140625,0.136719003,0.140066996,130166400
1986-08-05,0.110436834,0.143415004,0.144530997,0.140625,0.141183004,117891200
1986-08-06,0.10699933,0.138951004,0.143415004,0.138393,0.143415004,185203200
1986-08-07,0.10914775,0.141740993,0.145647004,0.138951004,0.138951004,173398400
1986-08-08,0.108718075,0.141183004,0.144530997,0.141183004,0.142298996,110140800
1986-08-11,0.115164205,0.149553999,0.149553999,0.141740993,0.142298996,183433600
1986-08-12,0.117742285,0.152902007,0.153459996,0.148995996,0.148995996,244160000
1986-08-13,0.123757936,0.160714,0.161829993,0.152902007,0.152902007,454720000
1986-08-14,0.123757936,0.160714,0.165178999,0.160714,0.160714,230720000
1986-08-15,0.122898601,0.159597993,0.162946001,0.159040004,0.161272004,137177600
1986-08-18,0.121609479,0.157923996,0.160155997,0.15625,0.159597993,147347200
1986-08-19,0.121609479,0.157923996,0.158482,0.154576004,0.156808004,137782400
1986-08-20,0.124617286,0.161829993,0.162946001,0.157365993,0.157365993,171315200
1986-08-21,0.122898601,0.159597993,0.162387997,0.159597993,0.161272004,194656000
1986-08-22,0.124617286,0.161829993,0.163504004,0.160155997,0.160155997,115718400
1986-08-25,0.125046998,0.162387997,0.164620996,0.162387997,0.162946001,126403200
1986-08-26,0.125906393,0.163504004,0.164620996,0.162387997,0.162387997,131241600
1986-08-27,0.127196223,0.165178999,0.165178999,0.161829993,0.163504004,147033600
1986-08-28,0.129774317,0.168527007,0.169643,0.164620996,0.165178999,219699200
1986-08-29,0.127196223,0.165178999,0.169643,0.164620996,0.167969003,135228800
1986-09-02,0.119461082,0.155134007,0.165737003,0.155134007,0.165737003,232960000
1986-09-03,0.119461082,0.155134007,0.155691996,0.152344003,0.155134007,117488000
1986-09-04,0.122039191,0.158482,0.158482,0.155134007,0.15625,198800000
1986-09-05,0.120750137,0.156808004,0.160155997,0.15625,0.159040004,98492800
1986-09-08,0.119461082,0.155134007,0.15625,0.150112003,0.15625,126201600
1986-09-09,0.122898601,0.159597993,0.160714,0.154576004,0.154576004,150774400
1986-09-10,0.120320439,0.15625,0.160155997,0.155134007,0.159040004,75667200
1986-09-11,0.112155594,0.145647004,0.155134007,0.145089,0.154576004,134355200
1986-09-12,0.10914775,0.141740993,0.146204993,0.141740993,0.145089,228480000
1986-09-15,0.113874331,0.147879004,0.147879004,0.142857,0.143972993,222723200
1986-09-16,0.11989069,0.155691996,0.156808004,0.145089,0.147879004,246400000
1986-09-17,0.117742285,0.152902007,0.15625,0.152902007,0.155691996,116860800
1986-09-18,0.11688295,0.151786,0.154018,0.150670007,0.152902007,99030400
1986-09-19,0.115593843,0.150112003,0.151227996,0.148438007,0.150670007,127612800
1986-09-22,0.121179767,0.157365993,0.157923996,0.149553999,0.149553999,239680000
1986-09-23,0.124187641,0.161272004,0.161829993,0.156808004,0.157365993,338240000
1986-09-24,0.120750137,0.156808004,0.162387997,0.151786,0.161272004,176870400
1986-09-25,0.118601672,0.154018,0.157365993,0.150112003,0.156808004,187801600
1986-09-26,0.117742285,0.152902007,0.153459996,0.151227996,0.152344003,70022400
1986-09-29,0.111725859,0.145089,0.151227996,0.141183004,0.150112003,208947200
1986-09-30,0.115164205,0.149553999,0.151227996,0.145647004,0.146762997,180790400
1986-10-01,0.117312618,0.152344003,0.154018,0.148995996,0.148995996,138588800
1986-10-02,0.117312618,0.152344003,0.153459996,0.149553999,0.150670007,94819200
1986-10-03,0.11602354,0.150670007,0.155134007,0.148995996,0.153459996,138745600
1986-10-06,0.117312618,0.152344003,0.152902007,0.150112003,0.150670007,94505600
1986-10-07,0.113444664,0.147321001,0.152344003,0.146762997,0.151786,127993600
1986-10-08,0.112585276,0.146204993,0.147321001,0.143972993,0.146762997,111574400
1986-10-09,0.113444664,0.147321001,0.148438007,0.145647004,0.146204993,77952000
1986-10-10,0.114304818,0.148438007,0.148995996,0.144530997,0.146762997,58531200
1986-10-13,0.119031362,0.154576004,0.154576004,0.147321001,0.147879004,99680000
1986-10-14,0.11688295,0.151786,0.157365993,0.150670007,0.154576004,199337600
1986-10-15,0.114734478,0.148995996,0.149553999,0.146204993,0.149553999,205408000
1986-10-16,0.115593843,0.150112003,0.151227996,0.148438007,0.148995996,135766400
1986-10-17,0.115593843,0.150112003,0.151786,0.148995996,0.150670007,151872000
1986-10-20,0.113014929,0.146762997,0.150112003,0.146762997,0.149553999,148982400
1986-10-21,0.112585276,0.146204993,0.147321001,0.145647004,0.147321001,113724800
1986-10-22,0.111725859,0.145089,0.146762997,0.143972993,0.146204993,94483200
1986-10-23,0.113874331,0.147879004,0.147879004,0.145089,0.145089,123132800
1986-10-24,0.113444664,0.147321001,0.148438007,0.146204993,0.147879004,75331200
1986-10-27,0.11688295,0.151786,0.151786,0.148438007,0.149553999,151200000
1986-10-28,0.114734478,0.148995996,0.152344003,0.147321001,0.151786,142240000
1986-10-29,0.114734478,0.148995996,0.149553999,0.147879004,0.149553999,85433600
1986-10-30,0.117742285,0.152902007,0.155134007,0.148995996,0.149553999,293440000
1986-10-31,0.119031362,0.154576004,0.155691996,0.152902007,0.152902007,121296000
1986-11-03,0.120320439,0.15625,0.156808004,0.154576004,0.155134007,151827200
1986-11-04,0.122898601,0.159597993,0.160155997,0.151227996,0.155691996,246400000
1986-11-05,0.127196223,0.165178999,0.165737003,0.158482,0.159597993,624960000
1986-11-06,0.124187641,0.161272004,0.164620996,0.159597993,0.163504004,331520000
1986-11-07,0.122898601,0.159597993,0.161272004,0.155691996,0.160714,143158400
1986-11-10,0.121609479,0.157923996,0.160155997,0.156808004,0.160155997,105884800
1986-11-11,0.122039191,0.158482,0.159597993,0.157365993,0.158482,50176000
1986-11-12,0.125906393,0.163504004,0.163504004,0.159040004,0.159597993,130995200
1986-11-13,0.122039191,0.158482,0.162946001,0.158482,0.162946001,137513600
1986-11-14,0.121179767,0.157365993,0.158482,0.155691996,0.158482,135116800
1986-11-17,0.125046998,0.162387997,0.165178999,0.15625,0.157365993,141680000
1986-11-18,0.121609479,0.157923996,0.164063007,0.156808004,0.162387997,170060800
1986-11-19,0.120320439,0.15625,0.157365993,0.154018,0.156808004,302400000
1986-11-20,0.121179767,0.157365993,0.157923996,0.155691996,0.155691996,295680000
1986-11-21,0.123757936,0.160714,0.161829993,0.156808004,0.157365993,286720000
1986-11-24,0.130633742,0.169643,0.170201004,0.160714,0.161829993,376320000
1986-11-25,0.13836889,0.179688007,0.180245996,0.169643,0.169643,848960000
1986-11-26,0.139228314,0.180803999,0.184152007,0.178571001,0.179129004,506240000
1986-11-28,0.13750875,0.178571001,0.181362003,0.176897004,0.180803999,220550400
1986-12-01,0.13793838,0.179129004,0.179129004,0.174665004,0.178571001,347200000
1986-12-02,0.142665774,0.185268,0.186384007,0.178571001,0.180803999,369600000
1986-12-03,0.146962628,0.190847993,0.191964,0.185268,0.185826004,336000000
1986-12-04,0.146103263,0.189732,0.190847993,0.1875,0.190290004,268800000
1986-12-05,0.150400892,0.195313007,0.195313007,0.189732,0.190290004,262080000
1986-12-08,0.146103263,0.189732,0.195870996,0.189173996,0.194754004,347200000
1986-12-09,0.145673633,0.189173996,0.190290004,0.183594003,0.189173996,302400000
1986-12-10,0.149540752,0.194196001,0.195313007,0.1875,0.189173996,244160000
1986-12-11,0.147392273,0.191405997,0.195870996,0.190290004,0.194754004,226240000
1986-12-12,0.141806394,0.184152007,0.191964,0.184152007,0.191405997,180118400
1986-12-15,0.143525183,0.186384007,0.186384007,0.180245996,0.183036,209059200
1986-12-16,0.146103263,0.189732,0.189732,0.185826004,0.185826004,151939200
1986-12-17,0.141806394,0.184152007,0.189732,0.182477996,0.189173996,151110400
1986-12-18,0.142236024,0.184709996,0.186941996,0.181920007,0.183594003,175056000
1986-12-19,0.144814223,0.188058004,0.189732,0.184709996,0.184709996,199091200
1986-12-22,0.144814223,0.188058004,0.189732,0.186384007,0.1875,164371200
1986-12-23,0.144814223,0.188058004,0.189173996,0.186941996,0.188615993,244160000
1986-12-24,0.143954828,0.186941996,0.188058004,0.185826004,0.1875,95760000
1986-12-26,0.140946984,0.183036,0.186941996,0.183036,0.186941996,89868800
1986-12-29,0.139228314,0.180803999,0.183594003,0.179688007,0.183036,117644800
1986-12-30,0.140946984,0.183036,0.185268,0.180245996,0.180803999,148153600
1986-12-31,0.139228314,0.180803999,0.184709996,0.180245996,0.183036,132563200
1987-01-02,0.14051728,0.182477996,0.183594003,0.179129004,0.180245996,120870400
1987-01-05,0.147822022,0.191964,0.193079993,0.183036,0.184152007,239680000
1987-01-06,0.150400892,0.195313007,0.196428999,0.190290004,0.192522004,324800000
1987-01-07,0.153838426,0.199777007,0.200334996,0.194754004,0.195870996,434560000
1987-01-08,0.153838426,0.199777007,0.201451004,0.198661,0.199777007,291200000
1987-01-09,0.155986845,0.202566996,0.204240993,0.198102996,0.199777007,239680000
1987-01-12,0.15641661,0.203125,0.204240993,0.199777007,0.203125,232960000
1987-01-13,0.153408766,0.199219003,0.202566996,0.199219003,0.201451004,211724800
1987-01-14,0.165440753,0.214844003,0.215402007,0.198661,0.199219003,504000000
1987-01-15,0.171456456,0.222655997,0.229352996,0.214286,0.215402007,546560000
1987-01-16,0.167589262,0.217634007,0.223214,0.213170007,0.223214,407680000
1987-01-19,0.182629079,0.237165004,0.237165004,0.213727996,0.217634007,362880000
1987-01-20,0.177472815,0.230469003,0.248884007,0.229911,0.245536,775040000
1987-01-21,0.168448567,0.21875,0.228237003,0.21875,0.227120996,533120000
1987-01-22,0.180480644,0.234375,0.234933004,0.216518,0.218191996,472640000
1987-01-23,0.172745481,0.224329993,0.236607,0.224329993,0.234375,459200000
1987-01-26,0.171026692,0.222097993,0.225446001,0.220982,0.223214,351680000
1987-01-27,0.181340069,0.235490993,0.237165004,0.222655997,0.223214,378560000
1987-01-28,0.190364286,0.247209996,0.248884007,0.232701004,0.236607,414400000
1987-01-29,0.186066583,0.241629004,0.255580008,0.238280997,0.249441996,557760000
1987-01-30,0.190793902,0.247768,0.249441996,0.234933004,0.241071001,409920000
1987-02-02,0.192082927,0.249441996,0.25,0.242188007,0.247768,246400000
1987-02-03,0.190793902,0.247768,0.250557989,0.244420007,0.25,178617600
1987-02-04,0.189075202,0.245536,0.247768,0.242745996,0.247768,217840000
1987-02-05,0.185207218,0.240512997,0.246094003,0.237165004,0.245536,340480000
1987-02-06,0.185636953,0.241071001,0.241071001,0.236048996,0.241071001,293440000
1987-02-09,0.180910364,0.234933004,0.238280997,0.233259007,0.236048996,157001600
1987-02-10,0.181340069,0.235490993,0.235490993,0.230469003,0.234375,166790400
1987-02-11,0.194231391,0.252231985,0.253347993,0.235490993,0.236607,342720000
1987-02-12,0.201536879,0.261718988,0.267298996,0.254464,0.254464,710080000
1987-02-13,0.21356903,0.277343988,0.279018015,0.258929014,0.261718988,510720000
1987-02-17,0.228179067,0.296317011,0.296875,0.276228011,0.277343988,409920000
1987-02-18,0.2182955,0.283481985,0.300781012,0.282923996,0.297432989,470400000
1987-02-19,0.214428261,0.278459996,0.283481985,0.275669992,0.283481985,313600000
1987-02-20,0.210561126,0.273438007,0.279018015,0.270646989,0.278459996,190646400
1987-02-23,0.217006519,0.281807989,0.286830008,0.266182989,0.271762997,351680000
1987-02-24,0.225171283,0.292411,0.294643015,0.281807989,0.282366008,356160000
1987-02-25,0.237633124,0.308593988,0.310268015,0.288504004,0.292411,454720000
1987-02-26,0.237633124,0.308593988,0.318637997,0.303570986,0.310268015,499520000
1987-02-27,0.240640879,0.3125,0.316964,0.302455008,0.308593988,405440000
1987-03-02,0.232046336,0.301339,0.314731985,0.299106985,0.313616008,396480000
1987-03-03,0.223452523,0.290179014,0.304129004,0.289063007,0.301339,436800000
1987-03-04,0.232475981,0.301896989,0.304688007,0.291853011,0.293527007,448000000
1987-03-05,0.23548457,0.305804014,0.308036,0.300222993,0.301339,338240000
1987-03-06,0.231186911,0.300222993,0.305245996,0.297991008,0.300222993,176377600
1987-03-09,0.222162664,0.288504004,0.297991008,0.287945986,0.296875,255360000
1987-03-10,0.229468122,0.297991008,0.298548996,0.287945986,0.287945986,244160000
1987-03-11,0.227749482,0.295758992,0.303570986,0.295758992,0.300222993,218467200
1987-03-12,0.224311933,0.291294992,0.295758992,0.284040004,0.294643015,302400000
1987-03-13,0.2182955,0.283481985,0.294643015,0.283481985,0.291294992,197612800
1987-03-16,0.224311933,0.291294992,0.291294992,0.279018015,0.283481985,246400000
1987-03-17,0.230327547,0.299106985,0.303570986,0.290179014,0.292411,244160000
1987-03-18,0.226890162,0.294643015,0.301339,0.289063007,0.300222993,302400000
1987-03-19,0.23505491,0.305245996,0.305804014,0.292411,0.293527007,206729600
1987-03-20,0.234625235,0.304688007,0.311383992,0.304688007,0.304688007,347200000
1987-03-23,0.232046336,0.301339,0.304688007,0.295758992,0.303570986,246400000
1987-03-24,0.227749482,0.295758992,0.305804014,0.295758992,0.302455008,268800000
1987-03-25,0.229468122,0.297991008,0.299106985,0.291294992,0.296875,273280000
1987-03-26,0.231186911,0.300222993,0.302455008,0.296875,0.297991008,143024000
1987-03-27,0.223452523,0.290179014,0.301339,0.289063007,0.300222993,133907200
1987-03-30,0.21485807,0.279018015,0.286830008,0.277902007,0.283481985,259840000
1987-03-31,0.221732914,0.287945986,0.289063007,0.277902007,0.277902007,273280000
1987-04-01,0.229468122,0.297991008,0.299106985,0.278459996,0.28125,217862400
1987-04-02,0.246657237,0.320313007,0.320313007,0.299106985,0.304688007,777280000
1987-04-03,0.246657237,0.320313007,0.320870996,0.313616008,0.319195986,539840000
1987-04-06,0.240640879,0.3125,0.324777007,0.309152007,0.319195986,288960000
1987-04-07,0.232905775,0.302455008,0.313616008,0.302455008,0.311383992,259840000
1987-04-08,0.237203345,0.308036,0.313616008,0.301339,0.302455008,230720000
1987-04-09,0.244078383,0.316964,0.319195986,0.302455008,0.306919992,237440000
1987-04-10,0.241500273,0.313616008,0.319195986,0.311383992,0.318080008,217840000
1987-04-13,0.232046336,0.301339,0.313616008,0.301339,0.3125,142217600
1987-04-14,0.233765081,0.303570986,0.311383992,0.296875,0.297991008,407680000
1987-04-15,0.244078383,0.316964,0.316964,0.306919992,0.310268015,349440000
1987-04-16,0.245797202,0.319195986,0.327008992,0.316964,0.318080008,347200000
1987-04-20,0.244508043,0.317521989,0.324777007,0.315847993,0.319195986,149161600
1987-04-21,0.25696969,0.333705008,0.334820986,0.310268015,0.313616008,432320000
1987-04-22,0.25525108,0.331472993,0.34375,0.330356985,0.342076004,403200000
1987-04-23,0.261267483,0.339286,0.344866008,0.331472993,0.331472993,304640000
1987-04-24,0.25696969,0.333705008,0.341518015,0.332589,0.338169992,255360000
1987-04-27,0.257829309,0.334820986,0.335938007,0.327008992,0.331472993,383040000
1987-04-28,0.264705062,0.34375,0.347656012,0.337054014,0.338169992,324800000
1987-04-29,0.267283142,0.347097993,0.356027007,0.34375,0.344866008,291200000
1987-04-30,0.272440195,0.353794992,0.357143015,0.347097993,0.348214,253120000
1987-05-01,0.275018275,0.357143015,0.357143015,0.351563007,0.354911,132720000
1987-05-04,0.274158865,0.356027007,0.358258992,0.352679014,0.354911,142105600
1987-05-05,0.275877625,0.358258992,0.360491008,0.348214,0.357143015,230720000
1987-05-06,0.275018275,0.357143015,0.367188007,0.353794992,0.359375,286720000
1987-05-07,0.275877625,0.358258992,0.361606985,0.356027007,0.356027007,180790400
1987-05-08,0.271580875,0.352679014,0.361606985,0.352679014,0.359375,184732800
1987-05-11,0.26510787,0.34375,0.354911,0.342633992,0.34375,197276800
1987-05-12,0.259943783,0.337054014,0.341518015,0.334820986,0.339286,259840000
1987-05-13,0.270271897,0.350445986,0.351004004,0.337054014,0.338169992,311360000
1987-05-14,0.272854835,0.353794992,0.354911,0.349330008,0.349330008,148489600
1987-05-15,0.269411266,0.349330008,0.353794992,0.348214,0.353794992,145958400
1987-05-18,0.260804415,0.338169992,0.350445986,0.337054014,0.349330008,241920000
1987-05-19,0.252196789,0.327008992,0.338169992,0.324218988,0.338169992,239680000
1987-05-20,0.256500155,0.332589,0.334820986,0.323661,0.325893015,288960000
1987-05-21,0.256500155,0.332589,0.338169992,0.332589,0.333705008,173801600
1987-05-22,0.255209237,0.330915004,0.337054014,0.329241008,0.334820986,97104000
1987-05-26,0.268550515,0.348214,0.348214,0.330356985,0.332589,152252800
1987-05-27,0.273715377,0.354911,0.358258992,0.345981985,0.348214,180700800
1987-05-28,0.275436908,0.357143015,0.358258992,0.350445986,0.354911,151222400
1987-05-29,0.271994233,0.352679014,0.359375,0.352679014,0.358258992,92601600
1987-06-01,0.267689973,0.347097993,0.354911,0.345981985,0.354911,83305600
1987-06-02,0.265968502,0.344866008,0.348214,0.34375,0.345981985,137491200
1987-06-03,0.267689973,0.347097993,0.354911,0.344866008,0.344866008,171315200
1987-06-04,0.270271897,0.350445986,0.351563007,0.34375,0.348214,153596800
1987-06-05,0.267689973,0.347097993,0.351563007,0.347097993,0.351563007,130928000
1987-06-08,0.267689973,0.347097993,0.348214,0.342633992,0.347097993,201846400
1987-06-09,0.270271897,0.350445986,0.354911,0.345981985,0.345981985,127052800
1987-06-10,0.270271897,0.350445986,0.358258992,0.348214,0.351563007,146227200
1987-06-11,0.271994233,0.352679014,0.357143015,0.348214,0.350445986,125372800
1987-06-12,0.271994233,0.352679014,0.356027007,0.351563007,0.352679014,101763200
1987-06-15,0.270271897,0.350445986,0.354911,0.345981985,0.352679014,259840000
1987-06-16,0.285765827,0.370536,0.372768015,0.339286,0.370536,342720000
1987-06-17,0.278879553,0.361606985,0.379464,0.357143015,0.370536,297920000
1987-06-18,0.285765827,0.370536,0.372768015,0.352679014,0.359375,229600000
1987-06-19,0.282322258,0.366070986,0.372768015,0.360491008,0.370536,125440000
1987-06-22,0.289208591,0.375,0.377231985,0.364955008,0.368304014,169120000
1987-06-23,0.284044474,0.368304014,0.376116008,0.363839,0.375,80852800
1987-06-24,0.289208591,0.375,0.386161,0.361606985,0.370536,118720000
1987-06-25,0.278879553,0.361606985,0.379464,0.361606985,0.375,120960000
1987-06-26,0.278879553,0.361606985,0.370536,0.357143015,0.363839,127680000
1987-06-29,0.280601025,0.363839,0.363839,0.357143015,0.361606985,101304000
1987-06-30,0.278879553,0.361606985,0.366070986,0.354911,0.361606985,144480000
1987-07-01,0.275436908,0.357143015,0.363839,0.354911,0.363839,94830400
1987-07-02,0.279740244,0.362722993,0.366070986,0.354911,0.357143015,81558400
1987-07-06,0.280601025,0.363839,0.372768015,0.361606985,0.363839,85489600
1987-07-07,0.270271897,0.350445986,0.366070986,0.345981985,0.361606985,203840000
1987-07-08,0.256500155,0.332589,0.350445986,0.325893015,0.350445986,341600000
1987-07-09,0.259943783,0.337054014,0.345981985,0.332589,0.332589,239680000
1987-07-10,0.261665076,0.339286,0.350445986,0.337054014,0.339286,156800000
1987-07-13,0.278879553,0.361606985,0.363839,0.345981985,0.348214,255360000
1987-07-14,0.296094894,0.383929014,0.383929014,0.366070986,0.366070986,257600000
1987-07-15,0.302980244,0.392856985,0.399554014,0.377231985,0.383929014,271040000
1987-07-16,0.302980244,0.392856985,0.392856985,0.386161,0.392856985,94584000
1987-07-17,0.297816187,0.386161,0.399554014,0.381695986,0.395089,92198400
1987-07-20,0.287487298,0.372768015,0.386161,0.370536,0.383929014,124320000
1987-07-21,0.284905165,0.369419992,0.379464,0.368304014,0.375,110992000
1987-07-22,0.292651266,0.379464,0.381695986,0.368304014,0.370536,60928000
1987-07-23,0.287487298,0.372768015,0.388393015,0.361606985,0.383929014,74737600
1987-07-24,0.292651266,0.379464,0.381695986,0.370536,0.370536,117600000
1987-07-27,0.290930033,0.377231985,0.383929014,0.375,0.379464,56638400
1987-07-28,0.288347811,0.373883992,0.381695986,0.372768015,0.379464,74289600
1987-07-29,0.282322258,0.366070986,0.375,0.361606985,0.375,98828800
1987-07-30,0.285765827,0.370536,0.370536,0.363839,0.366070986,104294400
1987-07-31,0.284044474,0.368304014,0.375,0.368304014,0.368304014,73046400
1987-08-03,0.277158231,0.359375,0.370536,0.359375,0.366070986,63358400
1987-08-04,0.290930033,0.377231985,0.377231985,0.357143015,0.361606985,120960000
1987-08-05,0.297816187,0.386161,0.388393015,0.375,0.377231985,129920000
1987-08-06,0.318473428,0.412945986,0.417411,0.381695986,0.386161,252000000
1987-08-07,0.320195526,0.415179014,0.421875,0.410714,0.412945986,152320000
1987-08-10,0.332675487,0.430804014,0.430804014,0.408481985,0.430804014,77996800
1987-08-11,0.341293424,0.441964,0.448661,0.435268015,0.441964,271040000
1987-08-12,0.336122632,0.435268015,0.444195986,0.430804014,0.441964,161280000
1987-08-13,0.337846249,0.4375,0.448661,0.433036,0.435268015,196000000
1987-08-14,0.337846249,0.4375,0.446429014,0.428570986,0.433036,104854400
1987-08-17,0.341293424,0.441964,0.446429014,0.435268015,0.441964,145600000
1987-08-18,0.336122632,0.435268015,0.441964,0.430804014,0.439731985,237440000
1987-08-19,0.344741315,0.446429014,0.446429014,0.4375,0.441964,66875200
1987-08-20,0.356807292,0.462054014,0.46875,0.444195986,0.448661,175840000
1987-08-21,0.365425229,0.473214,0.479911,0.459820986,0.462054014,140000000
1987-08-24,0.360254556,0.466518015,0.477679014,0.466518015,0.473214,120960000
1987-08-25,0.358530909,0.464286,0.475445986,0.464286,0.470981985,136640000
1987-08-26,0.358530909,0.464286,0.477679014,0.464286,0.473214,196000000
1987-08-27,0.358530909,0.464286,0.470981985,0.459820986,0.466518015,124320000
1987-08-28,0.358530909,0.464286,0.46875,0.459820986,0.464286,95816000
1987-08-31,0.372320473,0.482143015,0.484375,0.462054014,0.466518015,150080000
1987-09-01,0.361978084,0.46875,0.493304014,0.46875,0.488839,138880000
1987-09-02,0.358530909,0.464286,0.475445986,0.453125,0.464286,229600000
1987-09-03,0.353359312,0.457589,0.470981985,0.448661,0.46875,184800000
1987-09-04,0.34818849,0.450893015,0.462054014,0.446429014,0.457589,108438400
1987-09-08,0.34387958,0.445313007,0.450893015,0.433036,0.448661,175840000
1987-09-09,0.363701701,0.470981985,0.473214,0.441964,0.448661,157920000
1987-09-10,0.370596886,0.479911,0.486606985,0.474330008,0.475445986,140000000
1987-09-11,0.375767589,0.486606985,0.495536,0.470981985,0.482143015,124320000
1987-09-14,0.365425229,0.473214,0.493304014,0.470981985,0.488839,81905600
1987-09-15,0.356807292,0.462054014,0.473214,0.459820986,0.473214,104608000
1987-09-16,0.356807292,0.462054014,0.469866008,0.457589,0.462054014,168000000
1987-09-17,0.358530909,0.464286,0.466518015,0.455356985,0.464286,66796800
1987-09-18,0.356807292,0.462054014,0.466518015,0.458705008,0.464286,71198400
1987-09-21,0.346464813,0.448661,0.470981985,0.448661,0.462054014,128800000
1987-09-22,0.373182207,0.483258992,0.484375,0.448661,0.450893015,153440000
1987-09-23,0.380939245,0.493304014,0.5,0.479911,0.483258992,254576000
1987-09-24,0.389557093,0.504463971,0.516740978,0.493304014,0.493304014,182560000
1987-09-25,0.396452338,0.513392985,0.517857015,0.504463971,0.506695986,106523200
1987-09-28,0.384386331,0.497768015,0.524554014,0.495536,0.513392985,203840000
1987-09-29,0.375767589,0.486606985,0.5,0.484375,0.5,171360000
1987-09-30,0.389557093,0.504463971,0.508929014,0.484375,0.484375,122080000
1987-10-01,0.401622921,0.520088971,0.524554014,0.504463971,0.506695986,116480000
1987-10-02,0.403346688,0.522320986,0.524554014,0.513392985,0.520088971,96499200
1987-10-05,0.408518255,0.529017985,0.533482015,0.515625,0.522320986,134400000
1987-10-06,0.384386331,0.497768015,0.53125,0.495536,0.53125,201600000
1987-10-07,0.382662714,0.495536,0.497768015,0.484375,0.495536,224000000
1987-10-08,0.374043912,0.484375,0.5,0.475445986,0.495536,164640000
1987-10-09,0.373182207,0.483258992,0.495536,0.482143015,0.484375,145600000
1987-10-12,0.367148787,0.475445986,0.485491008,0.462054014,0.484375,199360000
1987-10-13,0.375767589,0.486606985,0.488839,0.475445986,0.486606985,162400000
1987-10-14,0.367148787,0.475445986,0.482143015,0.464286,0.479911,258720000
1987-10-15,0.358530909,0.464286,0.486606985,0.462054014,0.475445986,348320000
1987-10-16,0.332675487,0.430804014,0.473214,0.424106985,0.466518015,420000000
1987-10-19,0.251661092,0.325893015,0.430804014,0.316964,0.430804014,476000000
1987-10-20,0.237871572,0.308036,0.375,0.291294992,0.34375,568960000
1987-10-21,0.279240191,0.361606985,0.375,0.339286,0.34375,534240000
1987-10-22,0.25338462,0.328125,0.361606985,0.321429014,0.350445986,385280000
1987-10-23,0.244765937,0.316964,0.325893015,0.305804014,0.319195986,198240000
1987-10-26,0.193054974,0.25,0.3125,0.246652007,0.308036,313600000
1987-10-27,0.208568096,0.270089,0.287945986,0.258929014,0.263393015,455840000
1987-10-28,0.230976328,0.299106985,0.301339,0.261161,0.274554014,418880000
1987-10-29,0.272345752,0.352679014,0.357143015,0.287945986,0.305804014,331520000
1987-10-30,0.266312242,0.344866008,0.383929014,0.34375,0.357143015,421120000
1987-11-02,0.267174065,0.345981985,0.352679014,0.334820986,0.345981985,188160000
1987-11-03,0.249937415,0.323661,0.34375,0.305804014,0.339286,313600000
1987-11-04,0.248213798,0.321429014,0.332589,0.310268015,0.316964,234080000
1987-11-05,0.262003303,0.339286,0.345981985,0.323661,0.323661,255360000
1987-11-06,0.260279745,0.337054014,0.352679014,0.330356985,0.341518015,187040000
1987-11-09,0.256831765,0.332589,0.334820986,0.323661,0.330356985,210560000
1987-11-10,0.249937415,0.323661,0.334820986,0.321429014,0.325893015,231840000
1987-11-11,0.256831765,0.332589,0.341518015,0.328125,0.332589,185920000
1987-11-12,0.267174065,0.345981985,0.357143015,0.342633992,0.34375,246400000
1987-11-13,0.256831765,0.332589,0.352679014,0.330356985,0.350445986,154560000
1987-11-16,0.25338462,0.328125,0.34375,0.325893015,0.337054014,184800000
1987-11-17,0.241844937,0.3125,0.330356985,0.3125,0.328125,268800000
1987-11-18,0.250482529,0.323661,0.325893015,0.308036,0.319195986,265440000
1987-11-19,0.238390252,0.308036,0.325893015,0.303570986,0.325893015,182560000
1987-11-20,0.245299727,0.316964,0.321429014,0.296875,0.303570986,250880000
1987-11-23,0.250482529,0.323661,0.323661,0.310268015,0.316964,97395200
1987-11-24,0.255664468,0.330356985,0.337054014,0.322544992,0.328125,197120000
1987-11-25,0.252209842,0.325893015,0.330356985,0.321429014,0.330356985,92400000
1987-11-27,0.241844937,0.3125,0.325893015,0.310268015,0.323661,70683200
1987-11-30,0.228025362,0.294643015,0.308036,0.272320986,0.301339,416640000
1987-12-01,0.229752794,0.296875,0.303570986,0.292411,0.299106985,181440000
1987-12-02,0.224570587,0.290179014,0.299106985,0.290179014,0.296875,142240000
1987-12-03,0.210750222,0.272320986,0.297991008,0.265625,0.294643015,319200000
1987-12-04,0.212478369,0.274554014,0.279018015,0.265625,0.270089,244160000
1987-12-07,0.228025362,0.294643015,0.296875,0.276786,0.276786,203840000
1987-12-08,0.238390252,0.308036,0.311383992,0.296875,0.299106985,254240000
1987-12-09,0.241844937,0.3125,0.323661,0.302455008,0.308036,179200000
1987-12-10,0.24011761,0.310268015,0.321429014,0.296875,0.301339,276640000
1987-12-11,0.234934673,0.303570986,0.310268015,0.299106985,0.310268015,122080000
1987-12-14,0.2573919,0.332589,0.334820986,0.305804014,0.308036,341600000
1987-12-15,0.259119302,0.334820986,0.341518015,0.330356985,0.337054014,299040000
1987-12-16,0.271211565,0.350445986,0.354911,0.332589,0.337054014,330400000
1987-12-17,0.271211565,0.350445986,0.363839,0.350445986,0.361606985,325920000
1987-12-18,0.279849112,0.361606985,0.368304014,0.350445986,0.352679014,302400000
1987-12-21,0.28848657,0.372768015,0.372768015,0.359375,0.361606985,188160000
1987-12-22,0.286759257,0.370536,0.372768015,0.361606985,0.372768015,128800000
1987-12-23,0.291941345,0.377231985,0.381695986,0.368304014,0.372768015,171360000
1987-12-24,0.294532299,0.380580008,0.383929014,0.372768015,0.375,69944000
1987-12-28,0.278121829,0.359375,0.379464,0.352679014,0.377231985,229600000
1987-12-29,0.291077644,0.376116008,0.377231985,0.359375,0.361606985,118720000
1987-12-30,0.299715191,0.387277007,0.390625,0.379464,0.379464,155680000
1987-12-31,0.290214062,0.375,0.383929014,0.373883992,0.379464,117600000
1988-01-04,0.30921635,0.399554014,0.399554014,0.377231985,0.381695986,330400000
1988-01-05,0.308352679,0.398438007,0.412945986,0.395089,0.410714,309120000
1988-01-06,0.302306145,0.390625,0.401786,0.390625,0.401786,268800000
1988-01-07,0.307488233,0.397320986,0.399554014,0.379464,0.388393015,212800000
1988-01-08,0.276394337,0.357143015,0.404018015,0.352679014,0.397320986,486080000
1988-01-11,0.293668628,0.379464,0.381695986,0.354911,0.357143015,404320000
1988-01-12,0.290214062,0.375,0.388393015,0.354911,0.383929014,400960000
1988-01-13,0.291941345,0.377231985,0.386161,0.367188007,0.375,211680000
1988-01-14,0.291941345,0.377231985,0.382813007,0.375,0.381695986,132160000
1988-01-15,0.296260506,0.382813007,0.401786,0.379464,0.388393015,343840000
1988-01-18,0.29539597,0.381695986,0.383929014,0.375,0.383929014,125440000
1988-01-19,0.29539597,0.381695986,0.386161,0.369419992,0.377231985,274400000
1988-01-20,0.274667025,0.354911,0.383929014,0.341518015,0.383929014,680960000
1988-01-21,0.277258098,0.358258992,0.363839,0.351563007,0.361606985,493920000
1988-01-22,0.271211565,0.350445986,0.363839,0.341518015,0.361606985,445760000
1988-01-25,0.282439947,0.364955008,0.370536,0.352679014,0.352679014,200480000
1988-01-26,0.274667025,0.354911,0.366070986,0.350445986,0.363839,143360000
1988-01-27,0.274667025,0.354911,0.361606985,0.345981985,0.359375,258720000
1988-01-28,0.285031885,0.368304014,0.370536,0.354911,0.357143015,232960000
1988-01-29,0.286759257,0.370536,0.372768015,0.359375,0.370536,265440000
1988-02-01,0.28848657,0.372768015,0.379464,0.369419992,0.372768015,199360000
1988-02-02,0.285031885,0.368304014,0.373883992,0.361606985,0.370536,191520000
1988-02-03,0.272939593,0.352679014,0.368304014,0.350445986,0.366070986,226240000
1988-02-04,0.274667025,0.354911,0.358258992,0.348214,0.352679014,199360000
1988-02-05,0.266893059,0.344866008,0.360491008,0.34375,0.357143015,132160000
1988-02-08,0.26775673,0.345981985,0.350445986,0.337054014,0.34375,203840000
1988-02-09,0.274667025,0.354911,0.356027007,0.345981985,0.348214,116480000
1988-02-10,0.283303797,0.366070986,0.370536,0.354911,0.354911,228480000
1988-02-11,0.280712634,0.362722993,0.368304014,0.359375,0.366070986,147840000
1988-02-12,0.283862472,0.366070986,0.370536,0.361606985,0.362722993,137760000
1988-02-16,0.285594046,0.368304014,0.368304014,0.357143015,0.366070986,154560000
1988-02-17,0.289920926,0.373883992,0.379464,0.368304014,0.368304014,256480000
1988-02-18,0.289055645,0.372768015,0.381695986,0.370536,0.371652007,143360000
1988-02-19,0.289055645,0.372768015,0.375,0.370536,0.372768015,90764800
1988-02-22,0.29944101,0.386161,0.389508992,0.370536,0.370536,200480000
1988-02-23,0.295978576,0.381695986,0.390625,0.377231985,0.386161,220640000
1988-02-24,0.292517215,0.377231985,0.383929014,0.375,0.381695986,145600000
1988-02-25,0.289055645,0.372768015,0.383929014,0.372768015,0.375,179200000
1988-02-26,0.289055645,0.372768015,0.377231985,0.368304014,0.375,82342400
1988-02-29,0.297710121,0.383929014,0.386161,0.370536,0.372768015,112000000
1988-03-01,0.29944101,0.386161,0.388393015,0.379464,0.386161,171360000
1988-03-02,0.309826314,0.399554014,0.401786,0.388393015,0.390625,292320000
1988-03-03,0.321942478,0.415179014,0.419643015,0.397320986,0.397320986,473760000
1988-03-04,0.32453844,0.418527007,0.419643015,0.40625,0.410714,209440000
1988-03-07,0.32453844,0.418527007,0.426339,0.415179014,0.417411,207200000
1988-03-08,0.320210844,0.412945986,0.419643015,0.410714,0.417411,144480000
1988-03-09,0.323673069,0.417411,0.421875,0.412945986,0.412945986,134400000
1988-03-10,0.313287854,0.404018015,0.421875,0.404018015,0.419643015,176960000
1988-03-11,0.316749334,0.408481985,0.408481985,0.397320986,0.40625,157920000
1988-03-14,0.320210844,0.412945986,0.415179014,0.40625,0.408481985,98123200
1988-03-15,0.311556906,0.401786,0.412945986,0.399554014,0.410714,181440000
1988-03-16,0.319345653,0.411830008,0.414063007,0.397320986,0.400669992,118720000
1988-03-17,0.311556906,0.401786,0.415179014,0.399554014,0.412945986,260960000
1988-03-18,0.309826314,0.399554014,0.40625,0.395089,0.401786,272160000
1988-03-21,0.3037678,0.391741008,0.398438007,0.383929014,0.396205008,227360000
1988-03-22,0.3046332,0.392856985,0.397320986,0.386161,0.392856985,119179200
1988-03-23,0.294247895,0.379464,0.392856985,0.373883992,0.392856985,209440000
1988-03-24,0.282997072,0.364955008,0.379464,0.357143015,0.372768015,320320000
1988-03-25,0.277804911,0.358258992,0.368304014,0.357143015,0.363839,131040000
1988-03-28,0.287324727,0.370536,0.372768015,0.352679014,0.357143015,172480000
1988-03-29,0.283862472,0.366070986,0.375,0.362722993,0.370536,213920000
1988-03-30,0.273478001,0.352679014,0.368304014,0.345981985,0.363839,371840000
1988-03-31,0.276939481,0.357143015,0.361606985,0.350445986,0.354911,217280000
1988-04-04,0.268284857,0.345981985,0.361606985,0.34375,0.354911,181440000
1988-04-05,0.271746516,0.350445986,0.352679014,0.34375,0.350445986,147840000
1988-04-06,0.289055645,0.372768015,0.372768015,0.348214,0.352679014,190400000
1988-04-07,0.282131821,0.363839,0.378347993,0.363839,0.372768015,163520000
1988-04-08,0.283862472,0.366070986,0.372768015,0.354911,0.363839,202720000
1988-04-11,0.287324727,0.370536,0.375,0.366070986,0.372768015,148960000
1988-04-12,0.289055645,0.372768015,0.377231985,0.368304014,0.372768015,173600000
1988-04-13,0.285594046,0.368304014,0.375,0.366070986,0.372768015,143360000
1988-04-14,0.273478001,0.352679014,0.370536,0.348214,0.361606985,188160000
1988-04-15,0.273478001,0.352679014,0.357143015,0.34375,0.354911,232960000
1988-04-18,0.276939481,0.357143015,0.363839,0.350445986,0.354911,170240000
1988-04-19,0.278670281,0.359375,0.370536,0.358258992,0.358258992,212329600
1988-04-20,0.275208741,0.354911,0.361606985,0.350445986,0.359375,215040000
1988-04-21,0.273478001,0.352679014,0.361606985,0.348214,0.360491008,178080000
1988-04-22,0.277804911,0.358258992,0.359375,0.352679014,0.354911,107643200
1988-04-25,0.282997072,0.364955008,0.366070986,0.357143015,0.359375,150080000
1988-04-26,0.287324727,0.370536,0.372768015,0.363839,0.366070986,175840000
1988-04-27,0.289055645,0.372768015,0.375,0.370536,0.372768015,126560000
1988-04-28,0.286459386,0.369419992,0.375,0.368304014,0.372768015,99164800
1988-04-29,0.283862472,0.366070986,0.370536,0.361606985,0.368304014,89992000
1988-05-02,0.283862472,0.366070986,0.368304014,0.361606985,0.363839,82196800
1988-05-03,0.289055645,0.372768015,0.377231985,0.363839,0.366070986,124320000
1988-05-04,0.290786415,0.375,0.385044992,0.372768015,0.373883992,224000000
1988-05-05,0.289055645,0.372768015,0.377231985,0.370536,0.375,70459200
1988-05-06,0.285594046,0.368304014,0.372768015,0.368304014,0.371652007,107038400
1988-05-09,0.282131821,0.363839,0.368304014,0.361606985,0.368304014,76372800
1988-05-10,0.282997072,0.364955008,0.366070986,0.359375,0.361606985,95905600
1988-05-11,0.273478001,0.352679014,0.363839,0.352679014,0.359375,174720000
1988-05-12,0.275208741,0.354911,0.359375,0.352679014,0.352679014,82980800
1988-05-13,0.280400962,0.361606985,0.361606985,0.357143015,0.359375,71400000
1988-05-16,0.286159128,0.368304014,0.369419992,0.357143015,0.361606985,74760000
1988-05-17,0.280955762,0.361606985,0.375,0.359375,0.370536,193760000
1988-05-18,0.275753111,0.354911,0.363839,0.352679014,0.361606985,174720000
1988-05-19,0.270549864,0.348214,0.354911,0.34375,0.352679014,249760000
1988-05-20,0.268815696,0.345981985,0.352679014,0.345981985,0.350445986,81737600
1988-05-23,0.263613075,0.339286,0.347097993,0.333705008,0.34375,183680000
1988-05-24,0.269682735,0.347097993,0.348214,0.337054014,0.339286,142240000
1988-05-25,0.267081589,0.34375,0.354911,0.34375,0.348214,135520000
1988-05-26,0.273151904,0.351563007,0.352679014,0.34375,0.34375,85780800
1988-05-27,0.275753111,0.354911,0.357143015,0.348214,0.350445986,83955200
1988-05-31,0.287893295,0.370536,0.370536,0.354911,0.357143015,123200000
1988-06-01,0.294829905,0.379464,0.379464,0.368304014,0.370536,229600000
1988-06-02,0.289627403,0.372768015,0.379464,0.370536,0.375,133280000
1988-06-03,0.298299223,0.383929014,0.386161,0.372768015,0.372768015,175840000
1988-06-06,0.305235893,0.392856985,0.392856985,0.381695986,0.381695986,164640000
1988-06-07,0.305235893,0.392856985,0.404018015,0.388393015,0.390625,311360000
1988-06-08,0.312173277,0.401786,0.40625,0.392856985,0.395089,258720000
1988-06-09,0.301767588,0.388393015,0.404018015,0.386161,0.401786,269920000
1988-06-10,0.308704317,0.397320986,0.399554014,0.383929014,0.388393015,176960000
1988-06-13,0.312173277,0.401786,0.404018015,0.395089,0.401786,148960000
1988-06-14,0.313907534,0.404018015,0.410714,0.401786,0.404018015,292420800
1988-06-15,0.317376047,0.408481985,0.408481985,0.401786,0.404018015,122080000
1988-06-16,0.308704317,0.397320986,0.404018015,0.395089,0.401786,107374400
1988-06-17,0.310439199,0.399554014,0.399554014,0.395089,0.399554014,95390400
1988-06-20,0.306103081,0.393972993,0.399554014,0.392856985,0.396205008,78601600
1988-06-21,0.311306298,0.400669992,0.401786,0.391741008,0.392856985,123592000
1988-06-22,0.31650883,0.407366008,0.409597993,0.401786,0.40625,195563200
1988-06-23,0.312173277,0.401786,0.408481985,0.401786,0.408481985,71388800
1988-06-24,0.312173277,0.401786,0.40625,0.397320986,0.401786,74715200
1988-06-27,0.308704317,0.397320986,0.405133992,0.397320986,0.397320986,83619200
1988-06-28,0.320844322,0.412945986,0.412945986,0.397320986,0.399554014,162568000
1988-06-29,0.321712226,0.414063007,0.417411,0.408481985,0.410714,143449600
1988-06-30,0.320844322,0.412945986,0.417411,0.410714,0.412945986,114688000
1988-07-01,0.322579384,0.415179014,0.418527007,0.412945986,0.415179014,94539200
1988-07-05,0.327781796,0.421875,0.421875,0.411830008,0.415179014,104451200
1988-07-06,0.322579384,0.415179014,0.424106985,0.411830008,0.420758992,156553600
1988-07-07,0.318243086,0.409597993,0.415179014,0.404018015,0.415179014,105604800
1988-07-08,0.313907534,0.404018015,0.410714,0.401786,0.40625,105392000
1988-07-11,0.313040525,0.402902007,0.40625,0.400669992,0.40625,73628800
1988-07-12,0.310439199,0.399554014,0.404018015,0.397320986,0.401786,100900800
1988-07-13,0.310439199,0.399554014,0.401786,0.395089,0.399554014,115169600
1988-07-14,0.312173277,0.401786,0.404018015,0.397320986,0.399554014,62809600
1988-07-15,0.312173277,0.401786,0.40625,0.399554014,0.401786,83025600
1988-07-18,0.31564185,0.40625,0.410714,0.404018015,0.405133992,113500800
1988-07-19,0.310439199,0.399554014,0.40625,0.391741008,0.401786,122304000
1988-07-20,0.306970119,0.395089,0.401786,0.392856985,0.399554014,120086400
1988-07-21,0.298299223,0.383929014,0.392856985,0.381695986,0.390625,149027200
1988-07-22,0.294829905,0.379464,0.386161,0.379464,0.383929014,103846400
1988-07-25,0.296564072,0.381695986,0.386161,0.377231985,0.381695986,105896000
1988-07-26,0.296564072,0.381695986,0.386161,0.377231985,0.381695986,101528000
1988-07-27,0.296564072,0.381695986,0.386161,0.379464,0.381695986,116524800
1988-07-28,0.295697123,0.380580008,0.383929014,0.377231985,0.379464,92680000
1988-07-29,0.307837129,0.396205008,0.397320986,0.383929014,0.386161,158950400
1988-08-01,0.312173277,0.401786,0.408481985,0.395089,0.397320986,85937600
1988-08-02,0.309572041,0.398438007,0.40625,0.397320986,0.401786,121284800
1988-08-03,0.310439199,0.399554014,0.399554014,0.392856985,0.399554014,110846400
1988-08-04,0.309572041,0.398438007,0.404018015,0.397320986,0.399554014,68913600
1988-08-05,0.306970119,0.395089,0.401786,0.395089,0.397320986,52662400
1988-08-08,0.305235893,0.392856985,0.399554014,0.392856985,0.397320986,29937600
1988-08-09,0.301767588,0.388393015,0.395089,0.383929014,0.392856985,170027200
1988-08-10,0.290494502,0.373883992,0.390625,0.372768015,0.390625,147806400
1988-08-11,0.300033391,0.386161,0.386161,0.375,0.377231985,106052800
1988-08-12,0.294829905,0.379464,0.383929014,0.377231985,0.383929014,77481600
1988-08-15,0.28669852,0.368304014,0.377231985,0.361606985,0.377231985,166678400
1988-08-16,0.295385778,0.379464,0.386161,0.363839,0.366070986,122752000
1988-08-17,0.291910827,0.375,0.381695986,0.372768015,0.379464,118944000
1988-08-18,0.295385778,0.379464,0.383929014,0.372768015,0.375,74065600
1988-08-19,0.283222854,0.363839,0.381695986,0.361606985,0.379464,227360000
1988-08-22,0.276273012,0.354911,0.363839,0.352679014,0.359375,170195200
1988-08-23,0.274535716,0.352679014,0.359375,0.350445986,0.354911,163576000
1988-08-24,0.283222854,0.363839,0.363839,0.352679014,0.354911,125473600
1988-08-25,0.278879285,0.358258992,0.361606985,0.350445986,0.359375,127680000
1988-08-26,0.279747993,0.359375,0.363839,0.357143015,0.357143015,40152000
1988-08-29,0.284091502,0.364955008,0.366070986,0.361606985,0.363839,57232000
1988-08-30,0.284091502,0.364955008,0.366070986,0.357143015,0.363839,50568000
1988-08-31,0.277141809,0.356027007,0.367188007,0.352679014,0.366070986,237686400
1988-09-01,0.270191252,0.347097993,0.354911,0.34375,0.354911,246736000
1988-09-02,0.276273012,0.354911,0.357143015,0.348214,0.352679014,186300800
1988-09-06,0.270191252,0.347097993,0.357143015,0.345981985,0.357143015,143449600
1988-09-07,0.265847594,0.341518015,0.352679014,0.337054014,0.348214,179110400
1988-09-08,0.269322455,0.345981985,0.352679014,0.337054014,0.341518015,207256000
1988-09-09,0.281485319,0.361606985,0.366070986,0.337054014,0.345981985,234673600
1988-09-12,0.28496027,0.366070986,0.372768015,0.358258992,0.366070986,148030400
1988-09-13,0.28496027,0.366070986,0.368304014,0.357143015,0.359375,119683200
1988-09-14,0.291910827,0.375,0.378347993,0.370536,0.372768015,238571200
1988-09-15,0.289304674,0.371652007,0.381695986,0.370536,0.375,165760000
1988-09-16,0.293648332,0.377231985,0.381695986,0.369419992,0.370536,123760000
1988-09-19,0.290173411,0.372768015,0.377231985,0.368304014,0.375,92131200
1988-09-20,0.288436025,0.370536,0.377231985,0.369419992,0.372768015,102681600
1988-09-21,0.297123164,0.381695986,0.383929014,0.370536,0.372768015,91347200
1988-09-22,0.305811256,0.392856985,0.392856985,0.381695986,0.383929014,145667200
1988-09-23,0.30407384,0.390625,0.395089,0.388393015,0.388393015,101483200
1988-09-26,0.297123164,0.381695986,0.392856985,0.379464,0.390625,87035200
1988-09-27,0.301467746,0.387277007,0.388393015,0.379464,0.379464,162982400
1988-09-28,0.302336395,0.388393015,0.393972993,0.386161,0.388393015,84694400
1988-09-29,0.305811256,0.392856985,0.395089,0.388393015,0.390625,106075200
1988-09-30,0.300598979,0.386161,0.392856985,0.386161,0.392856985,92892800
1988-10-03,0.295385778,0.379464,0.386161,0.375,0.383929014,90776000
1988-10-04,0.288436025,0.370536,0.381695986,0.367188007,0.377231985,51654400
1988-10-05,0.284091502,0.364955008,0.372768015,0.361606985,0.368304014,123200000
1988-10-06,0.276273012,0.354911,0.364955008,0.350445986,0.361606985,167764800
1988-10-07,0.276273012,0.354911,0.354911,0.342633992,0.348214,457587200
1988-10-10,0.267585069,0.34375,0.354911,0.334820986,0.352679014,332640000
1988-10-11,0.27105993,0.348214,0.352679014,0.341518015,0.341518015,194555200
1988-10-12,0.269322455,0.345981985,0.348214,0.339286,0.34375,132944000
1988-10-13,0.27105993,0.348214,0.354911,0.34375,0.34375,164460800
1988-10-14,0.269322455,0.345981985,0.352679014,0.340402007,0.352679014,157248000
1988-10-17,0.267585069,0.34375,0.348214,0.341518015,0.34375,93688000
1988-10-18,0.273666829,0.351563007,0.352679014,0.341518015,0.348214,142598400
1988-10-19,0.278010517,0.357143015,0.363839,0.352679014,0.354911,277323200
1988-10-20,0.288436025,0.370536,0.371652007,0.357143015,0.357143015,173465600
1988-10-21,0.28496027,0.366070986,0.372768015,0.363839,0.368304014,123603200
1988-10-24,0.278010517,0.357143015,0.368304014,0.353794992,0.368304014,135161600
1988-10-25,0.277141809,0.356027007,0.359375,0.354911,0.359375,85187200
1988-10-26,0.272797346,0.350445986,0.357143015,0.34375,0.357143015,188720000
1988-10-27,0.27105993,0.348214,0.350445986,0.341518015,0.345981985,143684800
1988-10-28,0.267585069,0.34375,0.352679014,0.34375,0.348214,84481600
1988-10-31,0.268453687,0.344866008,0.345981985,0.334820986,0.345981985,242905600
1988-11-01,0.264109969,0.339286,0.345981985,0.337054014,0.34375,143696000
1988-11-02,0.258896828,0.332589,0.341518015,0.328125,0.341518015,208521600
1988-11-03,0.258028209,0.331472993,0.334820986,0.328125,0.332589,242457600
1988-11-04,0.262372583,0.337054014,0.339286,0.328125,0.328125,153798400
1988-11-07,0.260634392,0.334820986,0.337054014,0.330356985,0.332589,170083200
1988-11-08,0.267585069,0.34375,0.345981985,0.333705008,0.334820986,154526400
1988-11-09,0.272797346,0.350445986,0.351563007,0.339286,0.341518015,201723200
1988-11-10,0.274535716,0.352679014,0.354911,0.348214,0.352679014,99915200
1988-11-11,0.267585069,0.34375,0.353794992,0.34375,0.348214,108684800
1988-11-14,0.270191252,0.347097993,0.348214,0.341518015,0.345981985,85232000
1988-11-15,0.27105993,0.348214,0.350445986,0.345981985,0.348214,80001600
1988-11-16,0.264109969,0.339286,0.350445986,0.337054014,0.348214,147840000
1988-11-17,0.265847594,0.341518015,0.34375,0.339286,0.339286,79542400
1988-11-18,0.264109969,0.339286,0.34375,0.339286,0.34375,57590400
1988-11-21,0.255225062,0.327008992,0.337054014,0.323661,0.334820986,221905600
1988-11-22,0.251740932,0.322544992,0.329241008,0.321429014,0.325893015,148187200
1988-11-23,0.256967157,0.329241008,0.330356985,0.316964,0.319195986,187992000
1988-11-25,0.254354179,0.325893015,0.328125,0.321429014,0.323661,48294400
1988-11-28,0.254354179,0.325893015,0.328125,0.321429014,0.325893015,139361600
1988-11-29,0.256096154,0.328125,0.328125,0.321429014,0.325893015,92668800
1988-11-30,0.262193978,0.335938007,0.339286,0.328125,0.328125,167843200
1988-12-01,0.270033091,0.345981985,0.348214,0.334820986,0.337054014,212161600
1988-12-02,0.273517162,0.350445986,0.356027007,0.339286,0.341518015,333715200
1988-12-05,0.27526015,0.352679014,0.357143015,0.345981985,0.352679014,154414400
1988-12-06,0.27526015,0.352679014,0.354911,0.348214,0.350445986,104932800
1988-12-07,0.274389029,0.351563007,0.352679014,0.345981985,0.348214,98134400
1988-12-08,0.272646278,0.349330008,0.350445986,0.345981985,0.350445986,59460800
1988-12-09,0.272646278,0.349330008,0.352679014,0.345981985,0.350445986,44956800
1988-12-12,0.268291086,0.34375,0.352679014,0.34375,0.350445986,117880000
1988-12-13,0.270033091,0.345981985,0.345981985,0.341518015,0.34375,122550400
1988-12-14,0.277002066,0.354911,0.357143015,0.34375,0.34375,193300800
1988-12-15,0.27526015,0.352679014,0.361606985,0.350445986,0.357143015,112571200
1988-12-16,0.279615164,0.358258992,0.361606985,0.350445986,0.352679014,183489600
1988-12-19,0.283970296,0.363839,0.366070986,0.357143015,0.359375,234326400
1988-12-20,0.285712272,0.366070986,0.370536,0.362722993,0.366070986,274187200
1988-12-21,0.290939063,0.372768015,0.375,0.366070986,0.366070986,241964800
1988-12-22,0.285712272,0.366070986,0.375,0.363839,0.372768015,106030400
1988-12-23,0.286584139,0.367188007,0.369419992,0.366070986,0.366070986,40958400
1988-12-27,0.282228172,0.361606985,0.370536,0.361606985,0.366070986,59987200
1988-12-28,0.280486286,0.359375,0.363839,0.354911,0.361606985,51542400
1988-12-29,0.282228172,0.361606985,0.363839,0.359375,0.359375,117812800
1988-12-30,0.280486286,0.359375,0.368304014,0.359375,0.361606985,81692800
1989-01-03,0.281357199,0.360491008,0.361606985,0.357143015,0.359375,100016000
1989-01-04,0.292681158,0.375,0.376116008,0.361606985,0.363839,239948800
1989-01-05,0.294423372,0.377231985,0.386161,0.368304014,0.375,307328000
1989-01-06,0.29703635,0.380580008,0.388393015,0.377231985,0.377231985,198665600
1989-01-09,0.299650282,0.383929014,0.385044992,0.377231985,0.383929014,79307200
1989-01-10,0.29703635,0.380580008,0.382813007,0.370536,0.379464,103320000
1989-01-11,0.293552279,0.376116008,0.379464,0.368304014,0.377231985,156128000
1989-01-12,0.297907233,0.381695986,0.383929014,0.375,0.377231985,150315200
1989-01-13,0.301392227,0.386161,0.388393015,0.378347993,0.381695986,193905600
1989-01-16,0.304876298,0.390625,0.392856985,0.383929014,0.386161,168593600
1989-01-17,0.281357199,0.360491008,0.388393015,0.357143015,0.386161,756604800
1989-01-18,0.277002066,0.354911,0.367188007,0.352679014,0.363839,487928000
1989-01-19,0.282228172,0.361606985,0.366070986,0.357143015,0.361606985,255987200
1989-01-20,0.285712272,0.366070986,0.370536,0.359375,0.361606985,173734400
1989-01-23,0.285712272,0.366070986,0.368304014,0.363839,0.363839,180532800
1989-01-24,0.290068179,0.371652007,0.372768015,0.363839,0.366070986,223294400
1989-01-25,0.289197117,0.370536,0.375,0.366070986,0.372768015,110936000
1989-01-26,0.290939063,0.372768015,0.376116008,0.362722993,0.363839,285264000
1989-01-27,0.262193978,0.335938007,0.350445986,0.323661,0.341518015,2127171200
1989-01-30,0.260451257,0.333705008,0.339286,0.332589,0.335938007,586499200
1989-01-31,0.26306501,0.337054014,0.337054014,0.328125,0.332589,460353600
1989-02-01,0.273517162,0.350445986,0.353794992,0.333705008,0.337054014,487558400
1989-02-02,0.277002066,0.354911,0.359375,0.350445986,0.352679014,473491200
1989-02-03,0.273517162,0.350445986,0.359375,0.348214,0.357143015,178908800
1989-02-06,0.268291086,0.34375,0.352679014,0.341518015,0.352679014,116737600
1989-02-07,0.271775156,0.348214,0.350445986,0.341518015,0.341518015,165155200
1989-02-08,0.266549081,0.341518015,0.352679014,0.339286,0.348214,157012800
1989-02-09,0.266549081,0.341518015,0.348214,0.339286,0.341518015,160809600
1989-02-10,0.259580255,0.332589,0.341518015,0.330356985,0.341518015,348342400
1989-02-13,0.257838249,0.330356985,0.332589,0.328125,0.328125,235188800
1989-02-14,0.249127105,0.319195986,0.330356985,0.314731985,0.329241008,891576000
1989-02-15,0.252611965,0.323661,0.323661,0.316964,0.319195986,330624000
1989-02-16,0.253482968,0.324777007,0.332589,0.321429014,0.323661,255696000
1989-02-17,0.256802112,0.328125,0.330356985,0.323661,0.323661,116849600
1989-02-21,0.262042731,0.334820986,0.337054014,0.328125,0.329241008,190556800
1989-02-22,0.256802112,0.328125,0.334820986,0.325893015,0.332589,238324800
1989-02-23,0.256802112,0.328125,0.330356985,0.323661,0.325893015,95368000
1989-02-24,0.251561671,0.321429014,0.330356985,0.321429014,0.330356985,152129600
1989-02-27,0.255055398,0.325893015,0.325893015,0.319195986,0.321429014,115920000
1989-02-28,0.253308535,0.323661,0.328125,0.321429014,0.325893015,176019200
1989-03-01,0.251561671,0.321429014,0.325893015,0.316964,0.323661,170128000
1989-03-02,0.244573534,0.3125,0.323661,0.310268015,0.319195986,376331200
1989-03-03,0.24282667,0.310268015,0.314731985,0.303570986,0.314731985,387777600
1989-03-06,0.248067215,0.316964,0.320313007,0.308036,0.3125,168515200
1989-03-07,0.249814034,0.319195986,0.321429014,0.3125,0.316964,260691200
1989-03-08,0.246320322,0.314731985,0.323661,0.314731985,0.318080008,216294400
1989-03-09,0.241079822,0.308036,0.319195986,0.308036,0.314731985,133436800
1989-03-10,0.244573534,0.3125,0.3125,0.305804014,0.308036,102715200
1989-03-13,0.244573534,0.3125,0.316964,0.310268015,0.3125,131107200
1989-03-14,0.246320322,0.314731985,0.316964,0.311383992,0.3125,161940800
1989-03-15,0.244573534,0.3125,0.316964,0.310268015,0.314731985,90059200
1989-03-16,0.246320322,0.314731985,0.316964,0.308036,0.3125,192236800
1989-03-17,0.243700117,0.311383992,0.319195986,0.303570986,0.308036,237126400
1989-03-20,0.243700117,0.311383992,0.314731985,0.308036,0.3125,181451200
1989-03-21,0.243700117,0.311383992,0.316964,0.310268015,0.316964,128195200
1989-03-22,0.23671189,0.302455008,0.310268015,0.301339,0.305804014,144849600
1989-03-23,0.240206361,0.306919992,0.308036,0.301339,0.303570986,118910400
1989-03-27,0.235838532,0.301339,0.308036,0.299106985,0.305804014,151659200
1989-03-28,0.237585321,0.303570986,0.308036,0.303570986,0.303570986,141254400
1989-03-29,0.239333004,0.305804014,0.308036,0.303570986,0.303570986,74401600
1989-03-30,0.24282667,0.310268015,0.3125,0.303570986,0.305804014,105246400
1989-03-31,0.248940542,0.318080008,0.319195986,0.310268015,0.3125,185348800
1989-04-03,0.244573534,0.3125,0.323661,0.310268015,0.316964,166286400
1989-04-04,0.241079822,0.308036,0.311383992,0.302455008,0.308036,115729600
1989-04-05,0.244573534,0.3125,0.314731985,0.305804014,0.308036,120254400
1989-04-06,0.251561671,0.321429014,0.322544992,0.308036,0.310268015,156374400
1989-04-07,0.261169255,0.333705008,0.334820986,0.321429014,0.321429014,354984000
1989-04-10,0.258549005,0.330356985,0.339286,0.328125,0.332589,135374400
1989-04-11,0.263790339,0.337054014,0.339286,0.330356985,0.334820986,146540800
1989-04-12,0.269030899,0.34375,0.350445986,0.338169992,0.341518015,387912000
1989-04-13,0.269030899,0.34375,0.352679014,0.341518015,0.345981985,181272000
1989-04-14,0.270777762,0.345981985,0.350445986,0.341518015,0.348214,123356800
1989-04-17,0.274271309,0.350445986,0.350445986,0.339286,0.34375,140145600
1989-04-18,0.28038612,0.358258992,0.361606985,0.350445986,0.352679014,560985600
1989-04-19,0.28562668,0.364955008,0.371652007,0.354911,0.357143015,425880000
1989-04-20,0.284753174,0.363839,0.370536,0.359375,0.363839,179816000
1989-04-21,0.28038612,0.358258992,0.364955008,0.354911,0.361606985,115169600
1989-04-24,0.28038612,0.358258992,0.359375,0.352679014,0.357143015,110790400
1989-04-25,0.279512703,0.357143015,0.361606985,0.354911,0.357143015,116177600
1989-04-26,0.27776584,0.354911,0.359375,0.349330008,0.357143015,186132800
1989-04-27,0.27514562,0.351563007,0.357143015,0.348214,0.352679014,139384000
1989-04-28,0.272524536,0.348214,0.352679014,0.34375,0.350445986,103857600
1989-05-01,0.272524536,0.348214,0.350445986,0.34375,0.34375,80662400
1989-05-02,0.278639317,0.356027007,0.359375,0.348214,0.348214,215745600
1989-05-03,0.281259537,0.359375,0.363839,0.354911,0.354911,220539200
1989-05-04,0.286500067,0.366070986,0.368304014,0.357143015,0.359375,188910400
1989-05-05,0.289994538,0.370536,0.381695986,0.370536,0.379464,460756800
1989-05-08,0.295235127,0.377231985,0.377231985,0.370536,0.370536,205923200
1989-05-09,0.296981871,0.379464,0.383929014,0.375,0.375,346774400
1989-05-10,0.302223146,0.386161,0.388393015,0.379464,0.383929014,234438400
1989-05-11,0.306590348,0.391741008,0.395089,0.383929014,0.386161,300944000
1989-05-12,0.314451814,0.401786,0.401786,0.392856985,0.397320986,467140800
1989-05-15,0.321439236,0.410714,0.412945986,0.399554014,0.399554014,317900800
1989-05-16,0.317072064,0.405133992,0.412945986,0.401786,0.410714,228670400
1989-05-17,0.316198766,0.404018015,0.40625,0.401786,0.404018015,248460800
1989-05-18,0.3127051,0.399554014,0.40625,0.399554014,0.404018015,211254400
1989-05-19,0.319692463,0.408481985,0.412945986,0.399554014,0.399554014,330769600
1989-05-22,0.322143465,0.410714,0.412945986,0.404018015,0.408481985,190400000
1989-05-23,0.318642139,0.40625,0.410714,0.404018015,0.410714,134467200
1989-05-24,0.334398896,0.426339,0.426339,0.404018015,0.404018015,297606400
1989-05-25,0.337901115,0.430804014,0.4375,0.421875,0.421875,232366400
1989-05-26,0.339651853,0.433036,0.4375,0.428570986,0.430804014,112515200
1989-05-30,0.332648277,0.424106985,0.4375,0.422991008,0.430804014,111921600
1989-05-31,0.334398896,0.426339,0.429688007,0.419643015,0.424106985,115214400
1989-06-01,0.341402531,0.435268015,0.439731985,0.424106985,0.426339,179502400
1989-06-02,0.34315303,0.4375,0.441964,0.433036,0.433036,124476800
1989-06-05,0.329146951,0.419643015,0.4375,0.415179014,0.435268015,124118400
1989-06-06,0.327396274,0.417411,0.419643015,0.412945986,0.417411,145006400
1989-06-07,0.337901115,0.430804014,0.433036,0.417411,0.417411,175672000
1989-06-08,0.333523571,0.425222993,0.4375,0.421875,0.433036,178012800
1989-06-09,0.329146951,0.419643015,0.426339,0.415179014,0.421875,94416000
1989-06-12,0.332648277,0.424106985,0.426339,0.412945986,0.417411,80864000
1989-06-13,0.339651853,0.433036,0.435268015,0.419643015,0.424106985,230977600
1989-06-14,0.347529829,0.443080008,0.448661,0.430804014,0.4375,251305600
1989-06-15,0.332648277,0.424106985,0.444195986,0.424106985,0.441964,161403200
1989-06-16,0.311638623,0.397320986,0.40625,0.388393015,0.399554014,542001600
1989-06-19,0.308137357,0.392856985,0.399554014,0.388393015,0.397320986,183120000
1989-06-20,0.301134735,0.383929014,0.392856985,0.377231985,0.392856985,134534400
1989-06-21,0.297632605,0.379464,0.388393015,0.377231985,0.383929014,129864000
1989-06-22,0.302885354,0.386161,0.390625,0.375,0.379464,137200000
1989-06-23,0.307262033,0.391741008,0.395089,0.386161,0.386161,123894400
1989-06-26,0.304636002,0.388393015,0.392856985,0.386161,0.392856985,183836800
1989-06-27,0.298507869,0.380580008,0.395089,0.379464,0.390625,105784000
1989-06-28,0.292380631,0.372768015,0.377231985,0.366070986,0.377231985,257028800
1989-06-29,0.284501851,0.362722993,0.368304014,0.357143015,0.366070986,233520000
1989-06-30,0.288879216,0.368304014,0.372768015,0.352679014,0.361606985,164740800
1989-07-03,0.285377175,0.363839,0.372768015,0.363839,0.372768015,48350400
1989-07-05,0.283626467,0.361606985,0.363839,0.357143015,0.361606985,119156800
1989-07-06,0.288879216,0.368304014,0.372768015,0.359375,0.363839,173924800
1989-07-07,0.288879216,0.368304014,0.375,0.361606985,0.368304014,106108800
1989-07-10,0.283626467,0.361606985,0.368304014,0.357143015,0.366070986,203694400
1989-07-11,0.278374404,0.354911,0.366070986,0.354911,0.363839,243924800
1989-07-12,0.280125141,0.357143015,0.359375,0.352679014,0.354911,124129600
1989-07-13,0.284501851,0.362722993,0.366070986,0.352679014,0.357143015,225433600
1989-07-14,0.285377175,0.363839,0.366070986,0.354911,0.363839,257320000
1989-07-17,0.285377175,0.363839,0.368304014,0.354911,0.363839,130894400
1989-07-18,0.274872154,0.350445986,0.363839,0.345981985,0.363839,477310400
1989-07-19,0.283626467,0.361606985,0.363839,0.348214,0.352679014,238974400
1989-07-20,0.280125141,0.357143015,0.368304014,0.354911,0.363839,236073600
1989-07-21,0.280125141,0.357143015,0.357143015,0.348214,0.354911,139484800
1989-07-24,0.274872154,0.350445986,0.354911,0.350445986,0.354911,115987200
1989-07-25,0.271370858,0.345981985,0.354911,0.339286,0.350445986,209843200
1989-07-26,0.267869681,0.341518015,0.34375,0.337054014,0.341518015,233744000
1989-07-27,0.274872154,0.350445986,0.352679014,0.339286,0.341518015,173073600
1989-07-28,0.275748372,0.351563007,0.354911,0.348214,0.350445986,119336000
1989-07-31,0.278374404,0.354911,0.357143015,0.348214,0.350445986,111865600
1989-08-01,0.279249758,0.356027007,0.359375,0.350445986,0.354911,139540800
1989-08-02,0.283626467,0.361606985,0.361606985,0.352679014,0.354911,101404800
1989-08-03,0.288879216,0.368304014,0.370536,0.361606985,0.361606985,172939200
1989-08-04,0.299383223,0.381695986,0.381695986,0.367188007,0.368304014,183355200
1989-08-07,0.30638662,0.390625,0.392856985,0.380580008,0.383929014,168212800
1989-08-08,0.309012711,0.393972993,0.399554014,0.388393015,0.388393015,206192000
1989-08-09,0.308137357,0.392856985,0.408481985,0.391741008,0.392856985,195160000
1989-08-10,0.302885354,0.386161,0.392856985,0.381695986,0.392856985,152364800
1989-08-11,0.293255925,0.373883992,0.392856985,0.368304014,0.392856985,230081600
1989-08-14,0.285377175,0.363839,0.375,0.361606985,0.370536,102827200
1989-08-15,0.28975454,0.369419992,0.370536,0.363839,0.363839,163732800
1989-08-16,0.282751054,0.360491008,0.372768015,0.357143015,0.370536,120534400
1989-08-17,0.287127763,0.366070986,0.368304014,0.357143015,0.359375,153316800
1989-08-18,0.295881838,0.377231985,0.379464,0.370536,0.372768015,84067200
1989-08-21,0.29658398,0.377231985,0.386161,0.375,0.377231985,137827200
1989-08-22,0.300971806,0.382813007,0.383929014,0.375,0.375,111832000
1989-08-23,0.307113796,0.390625,0.395089,0.379464,0.383929014,173644800
1989-08-24,0.309745938,0.393972993,0.397320986,0.388393015,0.390625,162926400
1989-08-25,0.314133734,0.399554014,0.401786,0.392856985,0.392856985,161392000
1989-08-28,0.314133734,0.399554014,0.401786,0.392856985,0.397320986,81659200
1989-08-29,0.309745938,0.393972993,0.401786,0.390625,0.399554014,176904000
1989-08-30,0.312378258,0.397320986,0.399554014,0.392856985,0.392856985,116099200
1989-08-31,0.312378258,0.397320986,0.401786,0.395089,0.397320986,56291200
1989-09-01,0.313256413,0.398438007,0.399554014,0.395089,0.397320986,74121600
1989-09-05,0.314133734,0.399554014,0.405133992,0.397320986,0.397320986,114822400
1989-09-06,0.314133734,0.399554014,0.400669992,0.392856985,0.399554014,86755200
1989-09-07,0.314133734,0.399554014,0.40625,0.399554014,0.399554014,113892800
1989-09-08,0.315888643,0.401786,0.404018015,0.397320986,0.399554014,55832000
1989-09-11,0.321153075,0.408481985,0.410714,0.397320986,0.399554014,98593600
1989-09-12,0.322907746,0.410714,0.417411,0.401786,0.40625,103588800
1989-09-13,0.315888643,0.401786,0.416294992,0.401786,0.412945986,128688000
1989-09-14,0.314133734,0.399554014,0.404018015,0.397320986,0.401786,131286400
1989-09-15,0.315888643,0.401786,0.404018015,0.395089,0.401786,124868800
1989-09-18,0.308868498,0.392856985,0.401786,0.392856985,0.397320986,63156800
1989-09-19,0.303604037,0.386161,0.397320986,0.383929014,0.395089,80796800
1989-09-20,0.313256413,0.398438007,0.401786,0.390625,0.392856985,118148800
1989-09-21,0.314133734,0.399554014,0.410714,0.395089,0.401786,200961600
1989-09-22,0.315011173,0.400669992,0.404018015,0.395089,0.399554014,72497600
1989-09-25,0.317643493,0.404018015,0.408481985,0.399554014,0.399554014,136158400
1989-09-26,0.317643493,0.404018015,0.40625,0.399554014,0.401786,77324800
1989-09-27,0.314133734,0.399554014,0.402902007,0.392856985,0.395089,90126400
1989-09-28,0.319398135,0.40625,0.408481985,0.401786,0.401786,79419200
1989-09-29,0.312378258,0.397320986,0.40625,0.397320986,0.404018015,69809600
1989-10-02,0.311500698,0.396205008,0.399554014,0.390625,0.397320986,137401600
1989-10-03,0.306236237,0.389508992,0.397320986,0.385044992,0.395089,170497600
1989-10-04,0.310623258,0.395089,0.398438007,0.388393015,0.390625,159174400
1989-10-05,0.319398135,0.40625,0.415179014,0.395089,0.397320986,245280000
1989-10-06,0.337825388,0.429688007,0.430804014,0.410714,0.412945986,361704000
1989-10-09,0.347477019,0.441964,0.444195986,0.424106985,0.428570986,195552000
1989-10-10,0.347477019,0.441964,0.449777007,0.433036,0.444195986,287123200
1989-10-11,0.343089849,0.436383992,0.439731985,0.428570986,0.435268015,156956800
1989-10-12,0.342212558,0.435268015,0.439731985,0.433036,0.4375,82644800
1989-10-13,0.321153075,0.408481985,0.441964,0.401786,0.435268015,201118400
1989-10-16,0.328173161,0.417411,0.417411,0.379464,0.399554014,424916800
1989-10-17,0.331682891,0.421875,0.435268015,0.401786,0.410714,250040000
1989-10-18,0.338702887,0.430804014,0.430804014,0.410714,0.415179014,144032000
1989-10-19,0.342212558,0.435268015,0.441964,0.430804014,0.430804014,111899200
1989-10-20,0.336947173,0.428570986,0.439731985,0.424106985,0.426339,261508800
1989-10-23,0.328173161,0.417411,0.430804014,0.412945986,0.428570986,121956800
1989-10-24,0.334314942,0.425222993,0.433036,0.404018015,0.412945986,216440000
1989-10-25,0.326418251,0.415179014,0.426339,0.412945986,0.426339,119145600
1989-10-26,0.317643493,0.404018015,0.415179014,0.401786,0.40625,169265600
1989-10-27,0.317643493,0.404018015,0.408481985,0.397320986,0.404018015,129416000
1989-10-30,0.321153075,0.408481985,0.410714,0.401786,0.40625,86979200
1989-10-31,0.326418251,0.415179014,0.415179014,0.40625,0.408481985,91996800
1989-11-01,0.323785484,0.411830008,0.417411,0.408481985,0.412945986,61185600
1989-11-02,0.308868498,0.392856985,0.401786,0.383929014,0.401786,452670400
1989-11-03,0.303604037,0.386161,0.397320986,0.386161,0.392856985,174652800
1989-11-06,0.303604037,0.386161,0.392856985,0.383929014,0.388393015,123088000
1989-11-07,0.308868498,0.392856985,0.397320986,0.386161,0.386161,151323200
1989-11-08,0.315888643,0.401786,0.404018015,0.395089,0.395089,142632000
1989-11-09,0.322907746,0.410714,0.410714,0.397320986,0.401786,88188800
1989-11-10,0.328173161,0.417411,0.419643015,0.408481985,0.408481985,64859200
1989-11-13,0.326418251,0.415179014,0.421875,0.415179014,0.415179014,68017600
1989-11-14,0.314133734,0.399554014,0.417411,0.397320986,0.415179014,84380800
1989-11-15,0.310623258,0.395089,0.404018015,0.392856985,0.401786,97787200
1989-11-16,0.314133734,0.399554014,0.399554014,0.390625,0.397320986,96566400
1989-11-17,0.3149077,0.399554014,0.404018015,0.397320986,0.397320986,88558400
1989-11-20,0.318426043,0.404018015,0.40625,0.397320986,0.401786,108068800
1989-11-21,0.318426043,0.404018015,0.415179014,0.404018015,0.404018015,140246400
1989-11-22,0.3149077,0.399554014,0.408481985,0.397320986,0.40625,97944000
1989-11-24,0.3149077,0.399554014,0.401786,0.399554014,0.399554014,27854400
1989-11-27,0.3096295,0.392856985,0.404018015,0.390625,0.399554014,105145600
1989-11-28,0.310509026,0.393972993,0.395089,0.381695986,0.390625,135374400
1989-11-29,0.3096295,0.392856985,0.395089,0.379464,0.388393015,152947200
1989-11-30,0.311388642,0.395089,0.397320986,0.388393015,0.390625,63448000
1989-12-01,0.3096295,0.392856985,0.401786,0.389508992,0.397320986,146227200
1989-12-04,0.318426043,0.404018015,0.40625,0.390625,0.390625,97361600
1989-12-05,0.316666991,0.401786,0.408481985,0.397320986,0.404018015,121766400
1989-12-06,0.300832987,0.381695986,0.404018015,0.366070986,0.401786,334980800
1989-12-07,0.300832987,0.381695986,0.386161,0.375,0.377231985,178416000
1989-12-08,0.29379648,0.372768015,0.383929014,0.368304014,0.379464,252582400
1989-12-11,0.276203275,0.350445986,0.370536,0.342633992,0.366070986,650014400
1989-12-12,0.253333688,0.321429014,0.352679014,0.3125,0.350445986,1025416000
1989-12-13,0.253333688,0.321429014,0.325893015,0.316964,0.321429014,389760000
1989-12-14,0.245416775,0.311383992,0.322544992,0.308036,0.319195986,304752000
1989-12-15,0.237499729,0.301339,0.3125,0.290179014,0.310268015,518168000
1989-12-18,0.244537145,0.310268015,0.3125,0.301339,0.301339,307204800
1989-12-19,0.246296316,0.3125,0.316964,0.308036,0.308036,251193600
1989-12-20,0.251573831,0.319195986,0.323661,0.314731985,0.319195986,177990400
1989-12-21,0.25509274,0.323661,0.323661,0.316964,0.319195986,304808000
1989-12-22,0.25685212,0.325893015,0.332589,0.321429014,0.323661,184587200
1989-12-26,0.249814615,0.316964,0.328125,0.314731985,0.328125,135284800
1989-12-27,0.247175857,0.313616008,0.319195986,0.3125,0.316964,257006400
1989-12-28,0.243657634,0.309152007,0.314731985,0.305804014,0.3125,151256000
1989-12-29,0.248055339,0.314731985,0.319195986,0.306919992,0.310268015,152409600
1990-01-02,0.262129366,0.332589,0.334820986,0.3125,0.314731985,183198400
1990-01-03,0.263888448,0.334820986,0.339286,0.334820986,0.339286,207995200
1990-01-04,0.264768928,0.335938007,0.345981985,0.332589,0.341518015,221513600
1990-01-05,0.265648484,0.337054014,0.341518015,0.330356985,0.337054014,123312000
1990-01-08,0.267407566,0.339286,0.339286,0.330356985,0.334820986,101572800
1990-01-09,0.264768928,0.335938007,0.339286,0.330356985,0.339286,86139200
1990-01-10,0.253333688,0.321429014,0.335938007,0.319195986,0.335938007,199718400
1990-01-11,0.242777929,0.308036,0.323661,0.308036,0.323661,211052800
1990-01-12,0.242777929,0.308036,0.310268015,0.301339,0.305804014,171897600
1990-01-15,0.241018787,0.305804014,0.319195986,0.305804014,0.308036,161739200
1990-01-16,0.245416775,0.311383992,0.3125,0.292411,0.299106985,214244800
1990-01-17,0.233981445,0.296875,0.310268015,0.294643015,0.310268015,197299200
1990-01-18,0.22782445,0.289063007,0.299106985,0.287945986,0.294643015,273291200
1990-01-19,0.241018787,0.305804014,0.308036,0.299106985,0.301339,265137600
1990-01-22,0.233981445,0.296875,0.308036,0.296875,0.303570986,145611200
1990-01-23,0.237499729,0.301339,0.305804014,0.294643015,0.301339,140873600
1990-01-24,0.239258915,0.303570986,0.305804014,0.287945986,0.290179014,169792000
1990-01-25,0.240139365,0.304688007,0.310268015,0.303570986,0.305804014,111540800
1990-01-26,0.230463162,0.292411,0.303570986,0.287945986,0.303570986,181249600
1990-01-29,0.233981445,0.296875,0.299106985,0.286830008,0.294643015,119929600
1990-01-30,0.239258915,0.303570986,0.308036,0.294643015,0.296875,116446400
1990-01-31,0.239258915,0.303570986,0.310268015,0.294643015,0.308036,143942400
1990-02-01,0.236620098,0.300222993,0.309152007,0.299106985,0.308036,117073600
1990-02-02,0.241018787,0.305804014,0.310268015,0.296875,0.296875,118473600
1990-02-05,0.246296316,0.3125,0.314731985,0.303570986,0.305804014,101752000
1990-02-06,0.244537145,0.310268015,0.3125,0.303570986,0.310268015,73920000
1990-02-07,0.233981445,0.296875,0.303570986,0.290179014,0.294643015,312446400
1990-02-08,0.232222289,0.294643015,0.299106985,0.287945986,0.296875,186636800
1990-02-09,0.241018787,0.305804014,0.308036,0.296875,0.299106985,168078400
1990-02-12,0.239258915,0.303570986,0.308036,0.301339,0.305804014,74916800
1990-02-13,0.242777929,0.308036,0.3125,0.301339,0.303570986,102166400
1990-02-14,0.241018787,0.305804014,0.310268015,0.301339,0.308036,96062400
1990-02-15,0.241018787,0.305804014,0.305804014,0.299106985,0.301339,97966400
1990-02-16,0.238264933,0.301339,0.308036,0.301339,0.305804014,127209600
1990-02-20,0.236500025,0.299106985,0.301339,0.294643015,0.299106985,123244800
1990-02-21,0.240029618,0.303570986,0.305804014,0.290179014,0.292411,175907200
1990-02-22,0.232970446,0.294643015,0.308036,0.294643015,0.303570986,195182400
1990-02-23,0.234735236,0.296875,0.299106985,0.292411,0.292411,149956800
1990-02-26,0.240029618,0.303570986,0.305804014,0.294643015,0.294643015,79609600
1990-02-27,0.236500025,0.299106985,0.305804014,0.299106985,0.303570986,73953600
1990-02-28,0.240029618,0.303570986,0.303570986,0.296875,0.299106985,109334400
1990-03-01,0.241795227,0.305804014,0.310268015,0.296875,0.299106985,203896000
1990-03-02,0.238264933,0.301339,0.310268015,0.296875,0.299106985,104899200
1990-03-05,0.243560106,0.308036,0.310268015,0.299106985,0.299106985,182470400
1990-03-06,0.248854563,0.314731985,0.314731985,0.308036,0.3125,156016000
1990-03-07,0.249736905,0.315847993,0.321429014,0.3125,0.3125,204220800
1990-03-08,0.259444177,0.328125,0.330356985,0.3125,0.319195986,223843200
1990-03-09,0.260326684,0.329241008,0.334820986,0.323661,0.328125,230473600
1990-03-12,0.258561671,0.327008992,0.334820986,0.323661,0.332589,163956800
1990-03-13,0.260326684,0.329241008,0.332589,0.323661,0.325893015,148579200
1990-03-14,0.261209041,0.330356985,0.332589,0.325893015,0.328125,101785600
1990-03-15,0.259444177,0.328125,0.339286,0.325893015,0.325893015,120232000
1990-03-16,0.284153283,0.359375,0.363839,0.349330008,0.357143015,644761600
1990-03-19,0.299154937,0.378347993,0.379464,0.357143015,0.361606985,431793600
1990-03-20,0.292095572,0.369419992,0.383929014,0.363839,0.377231985,391316800
1990-03-21,0.293860406,0.371652007,0.377231985,0.368304014,0.368304014,152734400
1990-03-22,0.287682861,0.363839,0.377231985,0.363839,0.372768015,231660800
1990-03-23,0.29827261,0.377231985,0.383929014,0.366070986,0.368304014,227987200
1990-03-26,0.29827261,0.377231985,0.387277007,0.375,0.379464,128060800
1990-03-27,0.296507657,0.375,0.377231985,0.368304014,0.375,84604800
1990-03-28,0.291213244,0.368304014,0.376116008,0.366070986,0.375,102939200
1990-03-29,0.290330797,0.367188007,0.370536,0.363839,0.366070986,96891200
1990-03-30,0.284153283,0.359375,0.366070986,0.357143015,0.357143015,223350400
1990-04-02,0.284153283,0.359375,0.362722993,0.352679014,0.357143015,148769600
1990-04-03,0.294742793,0.372768015,0.372768015,0.361606985,0.361606985,139708800
1990-04-04,0.291213244,0.368304014,0.375,0.363839,0.370536,149732800
1990-04-05,0.284153283,0.359375,0.368304014,0.357143015,0.366070986,108192000
1990-04-06,0.281506032,0.356027007,0.368304014,0.354911,0.359375,118238400
1990-04-09,0.290330797,0.367188007,0.370536,0.352679014,0.354911,105481600
1990-04-10,0.291213244,0.368304014,0.375,0.366070986,0.368304014,131320000
1990-04-11,0.300037354,0.379464,0.383929014,0.370536,0.370536,213158400
1990-04-12,0.305332512,0.386161,0.392856985,0.379464,0.383929014,211803200
1990-04-16,0.308862269,0.390625,0.395089,0.386161,0.388393015,226889600
1990-04-17,0.305332512,0.386161,0.388393015,0.381695986,0.386161,131107200
1990-04-18,0.305332512,0.386161,0.390625,0.379464,0.386161,193446400
1990-04-19,0.284153283,0.359375,0.385044992,0.357143015,0.372768015,481476800
1990-04-20,0.284153283,0.359375,0.370536,0.354911,0.364955008,323523200
1990-04-23,0.280623466,0.354911,0.361606985,0.352679014,0.359375,128352000
1990-04-24,0.273563445,0.345981985,0.361606985,0.34375,0.357143015,303732800
1990-04-25,0.273563445,0.345981985,0.348214,0.341518015,0.345981985,132574400
1990-04-26,0.274445981,0.347097993,0.352679014,0.340402007,0.348214,142161600
1990-04-27,0.276210785,0.349330008,0.352679014,0.345981985,0.348214,116412800
1990-04-30,0.277976304,0.351563007,0.354911,0.348214,0.350445986,136393600
1990-05-01,0.279741138,0.353794992,0.357143015,0.351563007,0.354911,163609600
1990-05-02,0.280623466,0.354911,0.357143015,0.350445986,0.354911,135430400
1990-05-03,0.282388449,0.357143015,0.359375,0.354911,0.354911,166308800
1990-05-04,0.282388449,0.357143015,0.363839,0.350445986,0.357143015,169534400
1990-05-07,0.292978108,0.370536,0.372768015,0.354911,0.354911,135990400
1990-05-08,0.294742793,0.372768015,0.375,0.366070986,0.366070986,112459200
1990-05-09,0.295625299,0.373883992,0.375,0.368304014,0.371652007,97238400
1990-05-10,0.292095572,0.369419992,0.372768015,0.361606985,0.372768015,179043200
1990-05-11,0.300919712,0.380580008,0.381695986,0.363839,0.369419992,215241600
1990-05-14,0.294742793,0.372768015,0.381695986,0.368304014,0.381695986,226385600
1990-05-15,0.294742793,0.372768015,0.375,0.366070986,0.369419992,149385600
1990-05-16,0.293860406,0.371652007,0.372768015,0.366070986,0.372768015,87304000
1990-05-17,0.292978108,0.370536,0.377231985,0.366070986,0.372768015,153585600
1990-05-18,0.280623466,0.354911,0.370536,0.352679014,0.368304014,258462400
1990-05-21,0.279632419,0.352679014,0.357143015,0.345981985,0.352679014,262483200
1990-05-22,0.292906106,0.369419992,0.370536,0.357143015,0.358258992,301089600
1990-05-23,0.29733029,0.375,0.379464,0.368304014,0.368304014,207513600
1990-05-24,0.29733029,0.375,0.377231985,0.370536,0.377231985,148131200
1990-05-25,0.283172011,0.357143015,0.363839,0.348214,0.352679014,323321600
1990-05-29,0.290250719,0.366070986,0.368304014,0.350445986,0.357143015,243208000
1990-05-30,0.292906106,0.369419992,0.372768015,0.368304014,0.371652007,276819200
1990-05-31,0.292021275,0.368304014,0.370536,0.366070986,0.370536,103084800
1990-06-01,0.288480908,0.363839,0.375,0.363839,0.369419992,157236800
1990-06-04,0.288480908,0.363839,0.366070986,0.354911,0.363839,179424000
1990-06-05,0.279632419,0.352679014,0.366070986,0.348214,0.366070986,299432000
1990-06-06,0.279632419,0.352679014,0.352679014,0.345981985,0.348214,211747200
1990-06-07,0.276092321,0.348214,0.354911,0.34375,0.352679014,186435200
1990-06-08,0.270783246,0.341518015,0.34375,0.334820986,0.34375,333883200
1990-06-11,0.276092321,0.348214,0.348214,0.337054014,0.337054014,157897600
1990-06-12,0.286711246,0.361606985,0.361606985,0.345981985,0.349330008,165032000
1990-06-13,0.2814022,0.354911,0.363839,0.354911,0.360491008,138947200
1990-06-14,0.2814022,0.354911,0.359375,0.350445986,0.357143015,140324800
1990-06-15,0.279632419,0.352679014,0.357143015,0.349330008,0.354911,144144000
1990-06-18,0.277861834,0.350445986,0.352679014,0.348214,0.350445986,111395200
1990-06-19,0.28051728,0.353794992,0.354911,0.342633992,0.348214,157225600
1990-06-20,0.283172011,0.357143015,0.359375,0.354911,0.356027007,154739200
1990-06-21,0.296445459,0.373883992,0.375,0.357143015,0.357143015,208600000
1990-06-22,0.293790907,0.370536,0.380580008,0.368304014,0.375,283976000
1990-06-25,0.292021275,0.368304014,0.372768015,0.359375,0.370536,122001600
1990-06-26,0.287596107,0.362722993,0.375,0.360491008,0.372768015,127254400
1990-06-27,0.293790907,0.370536,0.375,0.359375,0.363839,97227200
1990-06-28,0.3044101,0.383929014,0.386161,0.372768015,0.381695986,249939200
1990-06-29,0.316798717,0.399554014,0.400669992,0.381695986,0.383929014,325192000
1990-07-02,0.311488748,0.392856985,0.397320986,0.390625,0.397320986,135408000
1990-07-03,0.311488748,0.392856985,0.397320986,0.390625,0.391741008,99500800
1990-07-05,0.307949454,0.388393015,0.395089,0.386161,0.390625,107464000
1990-07-06,0.316798717,0.399554014,0.401786,0.386161,0.388393015,209059200
1990-07-09,0.330072373,0.416294992,0.419643015,0.399554014,0.401786,315459200
1990-07-10,0.332727015,0.419643015,0.424106985,0.417411,0.419643015,361424000
1990-07-11,0.332727015,0.419643015,0.419643015,0.408481985,0.417411,246153600
1990-07-12,0.335381597,0.422991008,0.424106985,0.415179014,0.417411,182470400
1990-07-13,0.330957204,0.417411,0.426339,0.417411,0.424106985,230977600
1990-07-16,0.322992772,0.407366008,0.420758992,0.404018015,0.417411,179704000
1990-07-17,0.313258648,0.395089,0.410714,0.392856985,0.408481985,136852800
1990-07-18,0.315913886,0.398438007,0.401786,0.383929014,0.397320986,288366400
1990-07-19,0.295560509,0.372768015,0.379464,0.357143015,0.363839,585984000
1990-07-20,0.290250719,0.366070986,0.379464,0.363839,0.375,191844800
1990-07-23,0.293790907,0.370536,0.372768015,0.357143015,0.366070986,270188800
1990-07-24,0.29821527,0.376116008,0.377231985,0.366070986,0.375,193916800
1990-07-25,0.299100161,0.377231985,0.386161,0.372768015,0.375,104921600
1990-07-26,0.292906106,0.369419992,0.379464,0.366070986,0.377231985,80337600
1990-07-27,0.292906106,0.369419992,0.372768015,0.361606985,0.368304014,62316800
1990-07-30,0.299984902,0.378347993,0.379464,0.363839,0.363839,85456000
1990-07-31,0.29733029,0.375,0.381695986,0.370536,0.379464,96006400
1990-08-01,0.299984902,0.378347993,0.381695986,0.370536,0.375,93508800
1990-08-02,0.307949454,0.388393015,0.390625,0.368304014,0.368304014,223126400
1990-08-03,0.292021275,0.368304014,0.390625,0.354911,0.388393015,268968000
1990-08-06,0.279632419,0.352679014,0.361606985,0.34375,0.348214,179659200
1990-08-07,0.279632419,0.352679014,0.362722993,0.345981985,0.359375,198531200
1990-08-08,0.284056693,0.358258992,0.363839,0.352679014,0.352679014,102536000
1990-08-09,0.279632419,0.352679014,0.361606985,0.350445986,0.359375,96387200
1990-08-10,0.274322629,0.345981985,0.350445986,0.341518015,0.345981985,102704000
1990-08-13,0.282287091,0.356027007,0.357143015,0.338169992,0.339286,156116800
1990-08-14,0.2814022,0.354911,0.357143015,0.350445986,0.357143015,98168000
1990-08-15,0.277861834,0.350445986,0.359375,0.350445986,0.357143015,92052800
1990-08-16,0.272552848,0.34375,0.353794992,0.34375,0.348214,123894400
1990-08-17,0.258394331,0.325893015,0.34375,0.319195986,0.34375,246108800
1990-08-20,0.260950416,0.328125,0.334820986,0.323661,0.325893015,75062400
1990-08-21,0.257400215,0.323661,0.328125,0.314731985,0.319195986,161044800
1990-08-22,0.249411821,0.313616008,0.330356985,0.311383992,0.330356985,122718400
1990-08-23,0.244974002,0.308036,0.3125,0.299106985,0.305804014,143696000
1990-08-24,0.252074391,0.316964,0.321429014,0.310268015,0.314731985,73416000
1990-08-27,0.268051445,0.337054014,0.339286,0.323661,0.328125,117465600
1990-08-28,0.270714015,0.340402007,0.342633992,0.332589,0.334820986,80192000
1990-08-29,0.264500529,0.332589,0.340402007,0.328125,0.339286,150931200
1990-08-30,0.257400215,0.323661,0.334820986,0.321429014,0.332589,122595200
1990-08-31,0.262725443,0.330356985,0.332589,0.321429014,0.321429014,99456000
1990-09-04,0.262725443,0.330356985,0.334820986,0.325893015,0.325893015,82745600
1990-09-05,0.255625218,0.321429014,0.332589,0.319195986,0.332589,64052800
1990-09-06,0.253849357,0.319195986,0.321429014,0.314731985,0.316964,87628800
1990-09-07,0.258287758,0.324777007,0.328125,0.313616008,0.316964,58172800
1990-09-10,0.253849357,0.319195986,0.330356985,0.319195986,0.330356985,75980800
1990-09-11,0.241423056,0.303570986,0.322544992,0.301339,0.321429014,178270400
1990-09-12,0.241423056,0.303570986,0.308036,0.299106985,0.308036,100408000
1990-09-13,0.239648029,0.301339,0.310268015,0.294643015,0.308036,97260800
1990-09-14,0.241423056,0.303570986,0.305804014,0.296875,0.299106985,113915200
1990-09-17,0.239648029,0.301339,0.314731985,0.299106985,0.303570986,77672000
1990-09-18,0.236985579,0.297991008,0.301339,0.294643015,0.301339,124611200
1990-09-19,0.230772763,0.290179014,0.301339,0.285714,0.296875,182459200
1990-09-20,0.224559292,0.282366008,0.287945986,0.279018015,0.287945986,100934400
1990-09-21,0.223671749,0.28125,0.290179014,0.276786,0.285714,153865600
1990-09-24,0.214795679,0.270089,0.28125,0.265625,0.28125,138499200
1990-09-25,0.213020653,0.267856985,0.274554014,0.261161,0.272320986,157953600
1990-09-26,0.211245552,0.265625,0.272320986,0.265625,0.267856985,94136000
1990-09-27,0.20059444,0.252231985,0.272320986,0.25,0.267856985,142340800
1990-09-28,0.205920368,0.258929014,0.258929014,0.243303999,0.254464,176041600
1990-10-01,0.21657069,0.272320986,0.276786,0.261161,0.263393015,155657600
1990-10-02,0.210358024,0.264508992,0.285714,0.263393015,0.276786,270984000
1990-10-03,0.191718295,0.241071001,0.265625,0.238839,0.265625,268240000
1990-10-04,0.198819324,0.25,0.25,0.234375,0.238839,213494400
1990-10-05,0.198819324,0.25,0.256695986,0.241071001,0.241071001,99489600
1990-10-08,0.206807926,0.260044992,0.261161,0.252231985,0.256695986,61532800
1990-10-09,0.198819324,0.25,0.258929014,0.247768,0.254464,120579200
1990-10-10,0.188168183,0.236607,0.25,0.232143,0.243303999,147907200
1990-10-11,0.197044253,0.247768,0.248884007,0.227678999,0.238839,205979200
1990-10-12,0.20059444,0.252231985,0.254464,0.241071001,0.252231985,228648000
1990-10-15,0.197044253,0.247768,0.256695986,0.237722993,0.254464,201017600
1990-10-16,0.177517027,0.223214,0.245536,0.216518,0.245536,305233600
1990-10-17,0.188168183,0.236607,0.236607,0.223214,0.225446001,309064000
1990-10-18,0.202369422,0.254464,0.256695986,0.236607,0.236607,315000000
1990-10-19,0.222784236,0.280133992,0.283481985,0.270089,0.279018015,933732800
1990-10-22,0.221009195,0.277902007,0.28125,0.272320986,0.28125,252739200
1990-10-23,0.220121637,0.276786,0.28125,0.270089,0.276786,167048000
1990-10-24,0.21657069,0.272320986,0.276786,0.267856985,0.274554014,141825600
1990-10-25,0.213020653,0.267856985,0.279018015,0.264508992,0.270089,153462400
1990-10-26,0.213020653,0.267856985,0.279018015,0.265625,0.265625,134198400
1990-10-29,0.21213311,0.266741008,0.272320986,0.265625,0.270089,123480000
1990-10-30,0.215683252,0.271205008,0.274554014,0.257813007,0.265625,98044800
1990-10-31,0.218346626,0.274554014,0.284597993,0.270089,0.272320986,148758400
1990-11-01,0.21657069,0.272320986,0.276786,0.265625,0.272320986,90652800
1990-11-02,0.225446835,0.283481985,0.289063007,0.272320986,0.272320986,148612800
1990-11-05,0.236097991,0.296875,0.299106985,0.285714,0.287945986,184475200
1990-11-06,0.237873122,0.299106985,0.308036,0.296875,0.299106985,184766400
1990-11-07,0.236097991,0.296875,0.301339,0.291294992,0.299106985,202977600
1990-11-08,0.244974002,0.308036,0.3125,0.294643015,0.294643015,199248000
1990-11-09,0.252074391,0.316964,0.319195986,0.308036,0.3125,198228800
1990-11-12,0.257400215,0.323661,0.328125,0.314731985,0.316964,145051200
1990-11-13,0.255625218,0.321429014,0.325893015,0.319195986,0.323661,141948800
1990-11-14,0.262725443,0.330356985,0.332589,0.319195986,0.319195986,190747200
1990-11-15,0.255625218,0.321429014,0.330356985,0.316964,0.328125,161772800
1990-11-16,0.250245601,0.313616008,0.321429014,0.310268015,0.319195986,183008000
1990-11-19,0.25915122,0.324777007,0.324777007,0.314731985,0.316964,223910400
1990-11-20,0.252917022,0.316964,0.328125,0.314731985,0.325893015,153630400
1990-11-21,0.257370263,0.322544992,0.323661,0.310268015,0.314731985,123211200
1990-11-23,0.25915122,0.324777007,0.330356985,0.321429014,0.323661,53200000
1990-11-26,0.26182273,0.328125,0.330356985,0.321429014,0.321429014,81457600
1990-11-27,0.26716575,0.334820986,0.341518015,0.328125,0.330356985,164584000
1990-11-28,0.26182273,0.328125,0.34375,0.328125,0.337054014,174910400
1990-11-29,0.26182273,0.328125,0.330356985,0.323661,0.330356985,126705600
1990-11-30,0.26182273,0.328125,0.332589,0.323661,0.323661,121508800
1990-12-03,0.271619022,0.340402007,0.341518015,0.330356985,0.332589,165401600
1990-12-04,0.274290502,0.34375,0.345981985,0.334820986,0.334820986,152152000
1990-12-05,0.28586781,0.358258992,0.359375,0.338169992,0.34375,218388800
1990-12-06,0.293883115,0.368304014,0.372768015,0.361606985,0.368304014,532246400
1990-12-07,0.302788109,0.379464,0.381695986,0.366070986,0.366070986,329660800
1990-12-10,0.29744494,0.372768015,0.379464,0.370536,0.377231985,250588800
1990-12-11,0.284977376,0.357143015,0.370536,0.357143015,0.368304014,347883200
1990-12-12,0.282305837,0.353794992,0.357143015,0.348214,0.354911,242356800
1990-12-13,0.290320188,0.363839,0.366070986,0.352679014,0.352679014,160731200
1990-12-14,0.284086764,0.356027007,0.361606985,0.352679014,0.359375,87068800
1990-12-17,0.28586781,0.358258992,0.361606985,0.348214,0.348214,131107200
1990-12-18,0.301007122,0.377231985,0.379464,0.363839,0.366070986,220987200
1990-12-19,0.298335582,0.373883992,0.379464,0.367188007,0.379464,140660800
1990-12-20,0.313474715,0.392856985,0.397320986,0.368304014,0.368304014,401072000
1990-12-21,0.320599556,0.401786,0.404018015,0.388393015,0.395089,346136000
1990-12-24,0.313474715,0.392856985,0.401786,0.392856985,0.399554014,58721600
1990-12-26,0.311693817,0.390625,0.395089,0.383929014,0.392856985,103073600
1990-12-27,0.309912801,0.388393015,0.392856985,0.386161,0.386161,97652800
1990-12-28,0.306350857,0.383929014,0.388393015,0.381695986,0.386161,63929600
1990-12-31,0.306350857,0.383929014,0.386161,0.381695986,0.383929014,44273600
1991-01-02,0.309912801,0.388393015,0.392856985,0.375,0.381695986,154985600
1991-01-03,0.306350857,0.383929014,0.395089,0.383929014,0.388393015,150180800
1991-01-04,0.308131903,0.386161,0.395089,0.383929014,0.383929014,141523200
1991-01-07,0.308131903,0.386161,0.404018015,0.383929014,0.383929014,310800000
1991-01-08,0.308131903,0.386161,0.391741008,0.379464,0.390625,218691200
1991-01-09,0.322380602,0.404018015,0.410714,0.390625,0.395089,467264000
1991-01-10,0.335738838,0.420758992,0.421875,0.408481985,0.408481985,435321600
1991-01-11,0.334848344,0.419643015,0.421875,0.410714,0.419643015,307652800
1991-01-14,0.329504579,0.412945986,0.417411,0.410714,0.410714,210840000
1991-01-15,0.333067328,0.417411,0.417411,0.410714,0.415179014,192057600
1991-01-16,0.354440123,0.444195986,0.446429014,0.417411,0.419643015,390633600
1991-01-17,0.365126818,0.457589,0.470981985,0.4375,0.46875,591673600
1991-01-18,0.358002782,0.448661,0.453125,0.433036,0.435268015,943241600
1991-01-21,0.361564845,0.453125,0.459820986,0.444195986,0.444195986,324307200
1991-01-22,0.365126818,0.457589,0.46875,0.450893015,0.455356985,427728000
1991-01-23,0.368689597,0.462054014,0.466518015,0.455356985,0.457589,244260800
1991-01-24,0.371361017,0.465402007,0.470981985,0.459820986,0.459820986,233934400
1991-01-25,0.381157368,0.477679014,0.478794992,0.464286,0.464286,223809600
1991-01-28,0.388281226,0.486606985,0.493304014,0.475445986,0.475445986,273481600
1991-01-29,0.382938445,0.479911,0.486606985,0.466518015,0.484375,215555200
1991-01-30,0.395406067,0.495536,0.497768015,0.475445986,0.475445986,336772800
1991-01-31,0.395406067,0.495536,0.5,0.488839,0.495536,242592000
1991-02-01,0.397187114,0.497768015,0.516740978,0.495536,0.495536,444550400
1991-02-04,0.39362514,0.493304014,0.5,0.491070986,0.497768015,267848000
1991-02-05,0.411435902,0.515625,0.517857015,0.488839,0.493304014,356115200
1991-02-06,0.40520224,0.507812977,0.520088971,0.504463971,0.515625,222566400
1991-02-07,0.411435902,0.515625,0.524554014,0.497768015,0.508929014,520172800
1991-02-08,0.426575035,0.534597993,0.537945986,0.513392985,0.513392985,313555200
1991-02-11,0.43726173,0.547990978,0.549107015,0.533482015,0.535713971,323030400
1991-02-12,0.427465558,0.535713971,0.546875,0.530134022,0.544642985,224750400
1991-02-13,0.427465558,0.535713971,0.537945986,0.517857015,0.535713971,255550400
1991-02-14,0.406983256,0.510044992,0.535713971,0.506695986,0.535713971,377675200
1991-02-15,0.411409348,0.514509022,0.522320986,0.511161029,0.511161029,365612800
1991-02-19,0.428365052,0.535713971,0.537945986,0.512277007,0.513392985,226251200
1991-02-20,0.435504615,0.544642985,0.551338971,0.529017985,0.53125,213640000
1991-02-21,0.421226084,0.526786029,0.555804014,0.524554014,0.546875,190870400
1991-02-22,0.42658031,0.533482015,0.551338971,0.522320986,0.526786029,232568000
1991-02-25,0.414086312,0.517857015,0.540179014,0.513392985,0.537945986,359273600
1991-02-26,0.415871054,0.520088971,0.524554014,0.504463971,0.513392985,250017600
1991-02-27,0.415871054,0.520088971,0.522320986,0.513392985,0.520088971,174372800
1991-02-28,0.408732057,0.511161029,0.522320986,0.502232015,0.520088971,227360000
1991-03-01,0.4123016,0.515625,0.526786029,0.508929014,0.508929014,126134400
1991-03-04,0.416763425,0.521205008,0.524554014,0.508929014,0.517857015,88356800
1991-03-05,0.450675875,0.563615978,0.564732015,0.526786029,0.526786029,441448000
1991-03-06,0.449783504,0.5625,0.585937977,0.561384022,0.571429014,523958400
1991-03-07,0.480125487,0.600445986,0.602679014,0.564732015,0.566963971,321753600
1991-03-08,0.464062333,0.580357015,0.609375,0.580357015,0.604911029,322201600
1991-03-11,0.453353018,0.566963971,0.578125,0.555804014,0.575892985,175369600
1991-03-12,0.448891103,0.561384022,0.569195986,0.558036029,0.5625,233676800
1991-03-13,0.472986817,0.591517985,0.59375,0.560267985,0.560267985,174552000
1991-03-14,0.465847015,0.582588971,0.602679014,0.575892985,0.595982015,227068800
1991-03-15,0.472986817,0.591517985,0.59375,0.582588971,0.587054014,204836800
1991-03-18,0.483695984,0.604911029,0.609375,0.587054014,0.587054014,214009600
1991-03-19,0.496189952,0.620536029,0.627232015,0.587054014,0.59375,422195200
1991-03-20,0.483695984,0.604911029,0.620536029,0.597097993,0.618304014,361704000
1991-03-21,0.462277502,0.578125,0.613838971,0.569195986,0.609375,296800000
1991-03-22,0.451568216,0.564732015,0.578125,0.555804014,0.571429014,338128000
1991-03-25,0.46049282,0.575892985,0.580357015,0.564732015,0.566963971,135856000
1991-03-26,0.499759436,0.625,0.627232015,0.578125,0.578125,333625600
1991-03-27,0.49440527,0.618304014,0.627232015,0.611607015,0.625,190220800
1991-03-28,0.485480845,0.607142985,0.625,0.604911029,0.618304014,78702400
1991-04-01,0.48905021,0.611607015,0.620536029,0.602679014,0.607142985,117924800
1991-04-02,0.519393206,0.649554014,0.649554014,0.611607015,0.616070986,292924800
1991-04-03,0.499759436,0.625,0.649554014,0.625,0.647320986,240128000
1991-04-04,0.510468841,0.638392985,0.642857015,0.620536029,0.625,168436800
1991-04-05,0.495297641,0.619419992,0.640625,0.613838971,0.640625,155411200
1991-04-08,0.499759436,0.625,0.625,0.613838971,0.618304014,72475200
1991-04-09,0.490834743,0.613838971,0.625,0.609375,0.622767985,119448000
1991-04-10,0.477448702,0.597097993,0.618304014,0.595982015,0.611607015,216406400
1991-04-11,0.506899357,0.633929014,0.637277007,0.602679014,0.604911029,355588800
1991-04-12,0.512253225,0.640625,0.654017985,0.622767985,0.638392985,367718400
1991-04-15,0.444429278,0.555804014,0.575892985,0.535713971,0.551338971,1700384000
1991-04-16,0.458707988,0.573661029,0.575892985,0.558036029,0.564732015,620782400
1991-04-17,0.451568216,0.564732015,0.580357015,0.553570986,0.580357015,322403200
1991-04-18,0.435504615,0.544642985,0.5625,0.542411029,0.560267985,247363200
1991-04-19,0.42568782,0.532365978,0.549107015,0.53125,0.544642985,287302400
1991-04-22,0.439074367,0.549107015,0.553570986,0.524554014,0.53125,257017600
1991-04-23,0.439074367,0.549107015,0.5625,0.537945986,0.555804014,237294400
1991-04-24,0.433720082,0.542411029,0.553570986,0.540179014,0.551338971,105448000
1991-04-25,0.417655826,0.522320986,0.533482015,0.522320986,0.533482015,315380800
1991-04-26,0.418548942,0.523437977,0.526786029,0.515625,0.522320986,125059200
1991-04-29,0.415871054,0.520088971,0.537945986,0.520088971,0.522320986,206707200
1991-04-30,0.3926678,0.491070986,0.520088971,0.486606985,0.515625,711446400
1991-05-01,0.337337583,0.421875,0.4375,0.419643015,0.428570986,1868372800
1991-05-02,0.349831522,0.4375,0.444195986,0.424106985,0.426339,811126400
1991-05-03,0.349831522,0.4375,0.441964,0.430804014,0.4375,243712000
1991-05-06,0.358756095,0.448661,0.450893015,0.430804014,0.433036,212329600
1991-05-07,0.361433327,0.452008992,0.457589,0.450893015,0.455356985,270480000
1991-05-08,0.355185837,0.444195986,0.453125,0.439731985,0.453125,176780800
1991-05-09,0.362325639,0.453125,0.459820986,0.444195986,0.446429014,238212800
1991-05-10,0.365895122,0.457589,0.475445986,0.453125,0.459820986,241729600
1991-05-13,0.376604408,0.470981985,0.477679014,0.459820986,0.466518015,244944000
1991-05-14,0.381959409,0.477679014,0.479911,0.46875,0.470981985,216944000
1991-05-15,0.360540897,0.450893015,0.464286,0.4375,0.459820986,518347200
1991-05-16,0.349831522,0.4375,0.457589,0.433036,0.455356985,382132800
1991-05-17,0.33555299,0.419643015,0.435268015,0.415179014,0.435268015,471060800
1991-05-20,0.316727489,0.395089,0.424106985,0.392856985,0.421875,262169600
1991-05-21,0.323885471,0.404018015,0.415179014,0.399554014,0.404018015,349798400
1991-05-22,0.331042886,0.412945986,0.415179014,0.40625,0.408481985,227270400
1991-05-23,0.322990835,0.402902007,0.417411,0.399554014,0.415179014,208656000
1991-05-24,0.328358799,0.409597993,0.410714,0.401786,0.40625,97126400
1991-05-28,0.329253405,0.410714,0.412945986,0.404018015,0.410714,171438400
1991-05-29,0.336411566,0.419643015,0.426339,0.409597993,0.412945986,384003200
1991-05-30,0.340884686,0.425222993,0.426339,0.415179014,0.419643015,158345600
1991-05-31,0.336411566,0.419643015,0.426339,0.412945986,0.424106985,217862400
1991-06-03,0.352516085,0.439731985,0.441964,0.417411,0.419643015,220068800
1991-06-04,0.35162133,0.438616008,0.441964,0.433036,0.441964,184284800
1991-06-05,0.343568683,0.428570986,0.439731985,0.426339,0.439731985,133291200
1991-06-06,0.333727509,0.416294992,0.430804014,0.415179014,0.430804014,168504000
1991-06-07,0.330148101,0.411830008,0.419643015,0.407366008,0.412945986,152745600
1991-06-10,0.329253405,0.410714,0.420758992,0.408481985,0.410714,167440000
1991-06-11,0.319412321,0.398438007,0.40625,0.395089,0.401786,188563200
1991-06-12,0.303306818,0.378347993,0.399554014,0.368304014,0.392856985,435635200
1991-06-13,0.301517606,0.376116008,0.383929014,0.372768015,0.379464,211366400
1991-06-14,0.29436028,0.367188007,0.381695986,0.363839,0.381695986,225288000
1991-06-17,0.30062288,0.375,0.377231985,0.366070986,0.366070986,166600000
1991-06-18,0.301517606,0.376116008,0.386161,0.370536,0.377231985,244686400
1991-06-19,0.298833489,0.372768015,0.377231985,0.368304014,0.372768015,178942400
1991-06-20,0.30062288,0.375,0.375,0.363839,0.368304014,144043200
1991-06-21,0.30062288,0.375,0.379464,0.372768015,0.375,206012800
1991-06-24,0.298833489,0.372768015,0.377231985,0.368304014,0.372768015,207984000
1991-06-25,0.303306818,0.378347993,0.383929014,0.372768015,0.375,227920000
1991-06-26,0.307781011,0.383929014,0.388393015,0.377231985,0.381695986,250443200
1991-06-27,0.304201633,0.379464,0.381695986,0.372768015,0.379464,151200000
1991-06-28,0.297044307,0.370536,0.379464,0.359375,0.377231985,226643200
1991-07-01,0.304201633,0.379464,0.383929014,0.372768015,0.377231985,194824000
1991-07-02,0.302412212,0.377231985,0.381695986,0.372768015,0.377231985,120142400
1991-07-03,0.308675587,0.385044992,0.388393015,0.372768015,0.377231985,310374400
1991-07-05,0.326569587,0.407366008,0.410714,0.381695986,0.383929014,331553600
1991-07-08,0.334622204,0.417411,0.421875,0.401786,0.404018015,307081600
1991-07-09,0.335516751,0.418527007,0.430804014,0.415179014,0.421875,226441600
1991-07-10,0.338200748,0.421875,0.430804014,0.417411,0.424106985,156576000
1991-07-11,0.334622204,0.417411,0.421875,0.410714,0.419643015,145913600
1991-07-12,0.334622204,0.417411,0.421875,0.412945986,0.421875,132753600
1991-07-15,0.325674772,0.40625,0.417411,0.40625,0.417411,137984000
1991-07-16,0.313148946,0.390625,0.408481985,0.388393015,0.40625,222992000
1991-07-17,0.304201633,0.379464,0.397320986,0.377231985,0.388393015,208936000
1991-07-18,0.321201593,0.400669992,0.402902007,0.383929014,0.392856985,398316800
1991-07-19,0.329253405,0.410714,0.412945986,0.401786,0.404018015,128419200
1991-07-22,0.329253405,0.410714,0.412945986,0.40625,0.408481985,108673600
1991-07-23,0.322096258,0.401786,0.415179014,0.397320986,0.412945986,133056000
1991-07-24,0.322096258,0.401786,0.408481985,0.397320986,0.404018015,131454400
1991-07-25,0.323885471,0.404018015,0.408481985,0.401786,0.404018015,65800000
1991-07-26,0.321201593,0.400669992,0.408481985,0.399554014,0.408481985,74233600
1991-07-29,0.325674772,0.40625,0.40625,0.397320986,0.404018015,53300800
1991-07-30,0.332832932,0.415179014,0.417411,0.40625,0.40625,91862400
1991-07-31,0.331042886,0.412945986,0.418527007,0.401786,0.415179014,102804800
1991-08-01,0.35162133,0.438616008,0.439731985,0.408481985,0.410714,448425600
1991-08-02,0.357884765,0.446429014,0.448661,0.4375,0.444195986,273011200
1991-08-05,0.34714812,0.433036,0.444195986,0.430804014,0.444195986,100766400
1991-08-06,0.354305387,0.441964,0.448661,0.426339,0.435268015,220427200
1991-08-07,0.360568851,0.449777007,0.455356985,0.440847993,0.441964,211612800
1991-08-08,0.361463338,0.450893015,0.462054014,0.446429014,0.453125,189448000
1991-08-09,0.363252789,0.453125,0.455356985,0.444195986,0.450893015,154403200
1991-08-12,0.37041074,0.462054014,0.466518015,0.450893015,0.453125,142531200
1991-08-13,0.382936716,0.477679014,0.482143015,0.464286,0.464286,286585600
1991-08-14,0.39277783,0.489955008,0.491070986,0.481027007,0.488839,200715200
1991-08-15,0.38114652,0.475445986,0.491070986,0.473214,0.491070986,145544000
1991-08-16,0.38114652,0.475445986,0.484375,0.466518015,0.470981985,158804800
1991-08-19,0.362279475,0.450893015,0.460938007,0.433036,0.441964,322481600
1991-08-20,0.365866154,0.455356985,0.462054014,0.450893015,0.459820986,199427200
1991-08-21,0.385594606,0.479911,0.483258992,0.464286,0.46875,223372800
1991-08-22,0.389181346,0.484375,0.488839,0.479911,0.482143015,165648000
1991-08-23,0.380213767,0.473214,0.495536,0.470981985,0.482143015,240419200
1991-08-26,0.380213767,0.473214,0.477679014,0.46875,0.473214,101595200
1991-08-27,0.387387931,0.482143015,0.482143015,0.470981985,0.473214,100352000
1991-08-28,0.382007003,0.475445986,0.484375,0.474330008,0.482143015,107587200
1991-08-29,0.380213767,0.473214,0.481027007,0.46875,0.475445986,113355200
1991-08-30,0.380213767,0.473214,0.475445986,0.466518015,0.473214,66136000
1991-09-03,0.376626998,0.46875,0.475445986,0.464286,0.470981985,68376000
1991-09-04,0.369452864,0.459820986,0.470981985,0.458705008,0.470981985,119784000
1991-09-05,0.365866154,0.455356985,0.462054014,0.453125,0.459820986,77884800
1991-09-06,0.369452864,0.459820986,0.462054014,0.450893015,0.455356985,79273600
1991-09-09,0.382007003,0.475445986,0.477679014,0.459820986,0.462054014,126481600
1991-09-10,0.359589398,0.447544992,0.476563007,0.444195986,0.470981985,182840000
1991-09-11,0.362279475,0.450893015,0.455356985,0.441964,0.453125,178001600
1991-09-12,0.363176048,0.452008992,0.457589,0.444195986,0.457589,119212800
1991-09-13,0.348828524,0.434152007,0.448661,0.433036,0.446429014,166734400
1991-09-16,0.338964283,0.421875,0.439731985,0.415179014,0.439731985,205777600
1991-09-17,0.351518482,0.4375,0.4375,0.417411,0.419643015,135408000
1991-09-18,0.359589398,0.447544992,0.450893015,0.433036,0.435268015,121352000
1991-09-19,0.356898606,0.444195986,0.450893015,0.441964,0.448661,178337600
1991-09-20,0.363176048,0.452008992,0.455356985,0.441964,0.444195986,188148800
1991-09-23,0.35510534,0.441964,0.453125,0.439731985,0.446429014,87662400
1991-09-24,0.36048609,0.448661,0.449777007,0.430804014,0.441964,106097600
1991-09-25,0.362279475,0.450893015,0.450893015,0.439731985,0.448661,54465600
1991-09-26,0.358692855,0.446429014,0.448661,0.4375,0.448661,71220800
1991-09-27,0.351518482,0.4375,0.453125,0.435268015,0.446429014,62809600
1991-09-30,0.35510534,0.441964,0.444195986,0.4375,0.439731985,63201600
1991-10-01,0.364072889,0.453125,0.457589,0.4375,0.439731985,131376000
1991-10-02,0.356898606,0.444195986,0.462054014,0.441964,0.462054014,17987200
1991-10-03,0.342551023,0.426339,0.446429014,0.424106985,0.446429014,181003200
1991-10-04,0.346138626,0.430804014,0.435268015,0.424106985,0.428570986,79374400
1991-10-07,0.345241964,0.429688007,0.435268015,0.424106985,0.428570986,64702400
1991-10-08,0.346138626,0.430804014,0.433036,0.415179014,0.429688007,172256000
1991-10-09,0.344344378,0.428570986,0.435268015,0.426339,0.430804014,132742400
1991-10-10,0.342551023,0.426339,0.4375,0.417411,0.435268015,157214400
1991-10-11,0.347931921,0.433036,0.436383992,0.415179014,0.429688007,120052800
1991-10-14,0.357796103,0.445313007,0.448661,0.435268015,0.4375,111876800
1991-10-15,0.376626998,0.46875,0.46875,0.446429014,0.450893015,288209600
1991-10-16,0.383801311,0.477679014,0.482143015,0.466518015,0.46875,200872000
1991-10-17,0.375730366,0.467633992,0.475445986,0.459820986,0.473214,151614400
1991-10-18,0.394561231,0.491070986,0.495536,0.486606985,0.492188007,446958400
1991-10-21,0.392767966,0.488839,0.498883992,0.484375,0.493304014,116692800
1991-10-22,0.3909747,0.486606985,0.502232015,0.486606985,0.495536,208208000
1991-10-23,0.38111037,0.474330008,0.493304014,0.470981985,0.491070986,168828800
1991-10-24,0.373937041,0.465402007,0.475445986,0.459820986,0.473214,177900800
1991-10-25,0.367659479,0.457589,0.466518015,0.453125,0.462054014,106971200
1991-10-28,0.369452864,0.459820986,0.462054014,0.453125,0.459820986,77862400
1991-10-29,0.371246964,0.462054014,0.464286,0.453125,0.459820986,101236800
1991-10-30,0.356898606,0.444195986,0.470981985,0.441964,0.464286,148243200
1991-10-31,0.369452864,0.459820986,0.462054014,0.446429014,0.453125,231806400
1991-11-01,0.365866154,0.455356985,0.464286,0.450893015,0.457589,201264000
1991-11-04,0.356898606,0.444195986,0.453125,0.433036,0.453125,195294400
1991-11-05,0.349725217,0.435268015,0.450893015,0.435268015,0.444195986,215600000
1991-11-06,0.344344378,0.428570986,0.439731985,0.424106985,0.4375,236790400
1991-11-07,0.356898606,0.444195986,0.450893015,0.430804014,0.433036,296732800
1991-11-08,0.382007003,0.475445986,0.479911,0.455356985,0.457589,375827200
1991-11-11,0.385594606,0.479911,0.486606985,0.475445986,0.477679014,164942400
1991-11-12,0.3909747,0.486606985,0.488839,0.479911,0.484375,166689600
1991-11-13,0.388284594,0.483258992,0.486606985,0.477679014,0.482143015,185920000
1991-11-14,0.392767966,0.488839,0.493304014,0.482143015,0.484375,188003200
1991-11-15,0.358692855,0.446429014,0.488839,0.444195986,0.486606985,256950400
1991-11-18,0.374836206,0.465402007,0.46875,0.446429014,0.446429014,238739200
1991-11-19,0.368543655,0.457589,0.462054014,0.444195986,0.462054014,285488000
1991-11-20,0.363150686,0.450893015,0.464286,0.448661,0.457589,168100800
1991-11-21,0.366746008,0.455356985,0.462054014,0.450893015,0.450893015,106814400
1991-11-22,0.368543655,0.457589,0.462054014,0.448661,0.455356985,97843200
1991-11-25,0.368543655,0.457589,0.466518015,0.455356985,0.455356985,78433600
1991-11-26,0.370341212,0.459820986,0.464286,0.446429014,0.459820986,139272000
1991-11-27,0.366746008,0.455356985,0.459820986,0.450893015,0.457589,63235200
1991-11-29,0.364948392,0.453125,0.459820986,0.450893015,0.450893015,34092800
1991-12-02,0.372139812,0.462054014,0.464286,0.446429014,0.453125,118899200
1991-12-03,0.363150686,0.450893015,0.464286,0.448661,0.464286,102860800
1991-12-04,0.363150686,0.450893015,0.453125,0.446429014,0.453125,80550400
1991-12-05,0.359555334,0.446429014,0.455356985,0.439731985,0.450893015,99198400
1991-12-06,0.350566268,0.435268015,0.444195986,0.433036,0.441964,196985600
1991-12-09,0.353262722,0.438616008,0.446429014,0.435268015,0.4375,97832000
1991-12-10,0.353262722,0.438616008,0.441964,0.433036,0.4375,122617600
1991-12-11,0.352363795,0.4375,0.444195986,0.433036,0.439731985,84560000
1991-12-12,0.355060428,0.440847993,0.444195986,0.4375,0.440847993,91750400
1991-12-13,0.362251878,0.449777007,0.453125,0.444195986,0.444195986,95121600
1991-12-16,0.363150686,0.450893015,0.453125,0.446429014,0.449777007,77190400
1991-12-17,0.363150686,0.450893015,0.455356985,0.448661,0.450893015,97843200
1991-12-18,0.372139812,0.462054014,0.464286,0.446429014,0.448661,186603200
1991-12-19,0.364948392,0.453125,0.462054014,0.453125,0.457589,115326400
1991-12-20,0.36135298,0.448661,0.459820986,0.448661,0.457589,128184000
1991-12-23,0.370341212,0.459820986,0.462054014,0.446429014,0.450893015,103163200
1991-12-24,0.375735164,0.466518015,0.479911,0.462054014,0.464286,188563200
1991-12-26,0.394611239,0.489955008,0.491070986,0.466518015,0.470981985,134500800
1991-12-27,0.395510107,0.491070986,0.497768015,0.486606985,0.488839,167742400
1991-12-30,0.408094496,0.506695986,0.511161029,0.491070986,0.491070986,183646400
1991-12-31,0.405398041,0.503347993,0.517857015,0.5,0.512277007,134030400
1992-01-02,0.427870512,0.53125,0.533482015,0.495536,0.497768015,233632000
1992-01-03,0.42427513,0.526786029,0.537945986,0.520088971,0.535713971,190254400
1992-01-06,0.417083651,0.517857015,0.526786029,0.515625,0.524554014,114240000
1992-01-07,0.425173849,0.527902007,0.53125,0.513392985,0.513392985,141467200
1992-01-08,0.435061991,0.540179014,0.546875,0.522320986,0.522320986,232747200
1992-01-09,0.447646201,0.555804014,0.555804014,0.537945986,0.540179014,208510400
1992-01-10,0.447646201,0.555804014,0.558036029,0.544642985,0.549107015,196224000
1992-01-13,0.44584775,0.553570986,0.560267985,0.549107015,0.555804014,107856000
1992-01-14,0.463826001,0.575892985,0.578125,0.555804014,0.555804014,273806400
1992-01-15,0.456634581,0.566963971,0.580357015,0.5625,0.575892985,325740800
1992-01-16,0.451241553,0.560267985,0.573661029,0.558036029,0.569195986,293529600
1992-01-17,0.465623826,0.578125,0.616070986,0.578125,0.604911029,848355200
1992-01-20,0.460230678,0.571429014,0.582588971,0.571429014,0.575892985,209664000
1992-01-21,0.439556003,0.545759022,0.573661029,0.544642985,0.573661029,194084800
1992-01-22,0.456634581,0.566963971,0.569195986,0.546875,0.549107015,183680000
1992-01-23,0.463826001,0.575892985,0.578125,0.5625,0.573661029,138353600
1992-01-24,0.464724988,0.577009022,0.587054014,0.571429014,0.575892985,177609600
1992-01-27,0.463826001,0.575892985,0.582588971,0.573661029,0.578125,83451200
1992-01-28,0.469219178,0.582588971,0.583705008,0.5625,0.578125,173723200
1992-01-29,0.454837084,0.564732015,0.587054014,0.564732015,0.578125,144558400
1992-01-30,0.458432227,0.569195986,0.569195986,0.560267985,0.566963971,87113600
1992-01-31,0.465623826,0.578125,0.582588971,0.566963971,0.571429014,144558400
1992-02-03,0.472815245,0.587054014,0.591517985,0.575892985,0.578125,158132800
1992-02-04,0.472815245,0.587054014,0.591517985,0.580357015,0.587054014,192931200
1992-02-05,0.47551164,0.590402007,0.595982015,0.581472993,0.591517985,161504000
1992-02-06,0.461129606,0.572544992,0.589286029,0.571429014,0.587054014,93139200
1992-02-07,0.460230678,0.571429014,0.578125,0.560267985,0.573661029,147537600
1992-02-10,0.453938305,0.563615978,0.573661029,0.5625,0.571429014,86441600
1992-02-11,0.45214051,0.561384022,0.569195986,0.555804014,0.5625,122012800
1992-02-12,0.469219178,0.582588971,0.584820986,0.5625,0.569195986,137961600
1992-02-13,0.462028593,0.573661029,0.582588971,0.569195986,0.582588971,76014400
1992-02-14,0.461992174,0.572544992,0.573661029,0.564732015,0.569195986,72587200
1992-02-18,0.452085674,0.560267985,0.575892985,0.560267985,0.573661029,68353600
1992-02-19,0.446681678,0.553570986,0.5625,0.551338971,0.560267985,95670400
1992-02-20,0.465594202,0.577009022,0.578125,0.555804014,0.558036029,130860800
1992-02-21,0.468295693,0.580357015,0.584820986,0.575892985,0.578125,151580800
1992-02-24,0.476401031,0.590402007,0.59375,0.587054014,0.591517985,171404800
1992-02-25,0.493511975,0.611607015,0.611607015,0.582588971,0.591517985,227214400
1992-02-26,0.503418088,0.623884022,0.625,0.609375,0.609375,229084800
1992-02-27,0.493511975,0.611607015,0.625,0.607142985,0.625,122169600
1992-02-28,0.48630771,0.602679014,0.616070986,0.598213971,0.611607015,90395200
1992-03-02,0.484505534,0.600445986,0.611607015,0.600445986,0.604911029,89252800
1992-03-03,0.478202075,0.592634022,0.607142985,0.591517985,0.604911029,99276800
1992-03-04,0.468295693,0.580357015,0.595982015,0.578125,0.591517985,115371200
1992-03-05,0.457488716,0.566963971,0.584820986,0.5625,0.575892985,236723200
1992-03-06,0.461091459,0.571429014,0.571429014,0.5625,0.566963971,134288000
1992-03-09,0.459289759,0.569195986,0.573661029,0.566963971,0.569195986,108942400
1992-03-10,0.459289759,0.569195986,0.578125,0.569195986,0.571429014,122696000
1992-03-11,0.455687791,0.564732015,0.573661029,0.5625,0.569195986,131656000
1992-03-12,0.452085674,0.560267985,0.569195986,0.549107015,0.564732015,152902400
1992-03-13,0.454787314,0.563615978,0.569195986,0.553570986,0.564732015,79184000
1992-03-16,0.456588238,0.565847993,0.566963971,0.551338971,0.560267985,56291200
1992-03-17,0.45298624,0.561384022,0.569195986,0.560267985,0.566963971,85097600
1992-03-18,0.459289759,0.569195986,0.571429014,0.5625,0.564732015,81032000
1992-03-19,0.453886718,0.5625,0.569195986,0.560267985,0.569195986,118518400
1992-03-20,0.455687791,0.564732015,0.564732015,0.5625,0.5625,54163200
1992-03-23,0.453886718,0.5625,0.569195986,0.5625,0.5625,50075200
1992-03-24,0.468295693,0.580357015,0.580357015,0.564732015,0.566963971,209417600
1992-03-25,0.464693785,0.575892985,0.580357015,0.573661029,0.580357015,121553600
1992-03-26,0.461091459,0.571429014,0.582588971,0.569195986,0.578125,123020800
1992-03-27,0.439477623,0.544642985,0.571429014,0.540179014,0.570312977,264532800
1992-03-30,0.418764323,0.518972993,0.546875,0.515625,0.546875,339035200
1992-03-31,0.4196648,0.520088971,0.533482015,0.517857015,0.520088971,212632000
1992-04-01,0.425068796,0.526786029,0.529017985,0.511161029,0.511161029,159656000
1992-04-02,0.423267692,0.524554014,0.53125,0.521205008,0.526786029,133974400
1992-04-03,0.425068796,0.526786029,0.529017985,0.522320986,0.524554014,116457600
1992-04-06,0.437676519,0.542411029,0.544642985,0.526786029,0.526786029,101987200
1992-04-07,0.412460685,0.511161029,0.546875,0.511161029,0.544642985,230216000
1992-04-08,0.402554274,0.498883992,0.508929014,0.488839,0.508929014,367024000
1992-04-09,0.412460685,0.511161029,0.520088971,0.493304014,0.5,192136000
1992-04-10,0.399852633,0.495536,0.513392985,0.491070986,0.511161029,274064000
1992-04-13,0.407056868,0.504463971,0.506695986,0.493304014,0.495536,122830400
1992-04-14,0.423267692,0.524554014,0.529017985,0.511161029,0.515625,144401600
1992-04-15,0.435875833,0.540179014,0.543527007,0.513392985,0.517857015,217358400
1992-04-16,0.425068796,0.526786029,0.542411029,0.522320986,0.537945986,258686400
1992-04-20,0.408857703,0.506695986,0.526786029,0.5,0.526786029,206046400
1992-04-21,0.405255824,0.502232015,0.511161029,0.5,0.508929014,180364800
1992-04-22,0.415162474,0.514509022,0.517857015,0.502232015,0.502232015,171528000
1992-04-23,0.41065976,0.508929014,0.520088971,0.5,0.513392985,182817600
1992-04-24,0.407056868,0.504463971,0.520088971,0.5,0.508929014,98280000
1992-04-27,0.401653856,0.497768015,0.502232015,0.491070986,0.5,140268800
1992-04-28,0.390846878,0.484375,0.497768015,0.473214,0.493304014,174126400
1992-04-29,0.41065976,0.508929014,0.508929014,0.484375,0.484375,198900800
1992-04-30,0.433173299,0.536830008,0.537945986,0.504463971,0.511161029,260265600
1992-05-01,0.42686972,0.529017985,0.542411029,0.520088971,0.535713971,134377600
1992-05-04,0.435875833,0.540179014,0.546875,0.529017985,0.53125,123233600
1992-05-05,0.435875833,0.540179014,0.541294992,0.53125,0.540179014,180084800
1992-05-06,0.444880724,0.551338971,0.554687977,0.540179014,0.542411029,177990400
1992-05-07,0.437676519,0.542411029,0.555804014,0.540179014,0.549107015,172356800
1992-05-08,0.446681678,0.553570986,0.561384022,0.544642985,0.549107015,198699200
1992-05-11,0.448483586,0.555804014,0.560267985,0.549107015,0.553570986,90899200
1992-05-12,0.448483586,0.555804014,0.5625,0.551338971,0.555804014,77044800
1992-05-13,0.452085674,0.560267985,0.564732015,0.555804014,0.558036029,97473600
1992-05-14,0.442179173,0.547990978,0.5625,0.537945986,0.560267985,156923200
1992-05-15,0.43677628,0.541294992,0.546875,0.540179014,0.544642985,121307200
1992-05-18,0.434974939,0.539062977,0.549107015,0.535713971,0.549107015,129091200
1992-05-19,0.427770376,0.530134022,0.542411029,0.526786029,0.542411029,131678400
1992-05-20,0.432272822,0.535713971,0.537945986,0.529017985,0.533482015,173208000
1992-05-21,0.425969124,0.527902007,0.537945986,0.524554014,0.537945986,137692800
1992-05-22,0.428670853,0.53125,0.533482015,0.526786029,0.526786029,46468800
1992-05-26,0.42686972,0.529017985,0.533482015,0.524554014,0.53125,95614400
1992-05-27,0.434073895,0.537945986,0.537945986,0.526786029,0.529017985,154089600
1992-05-28,0.428670853,0.53125,0.537945986,0.526786029,0.535713971,127243200
1992-05-29,0.430471808,0.533482015,0.541294992,0.53125,0.533482015,178248000
1992-06-01,0.41509518,0.513392985,0.53125,0.5,0.511161029,248046400
1992-06-02,0.407875627,0.504463971,0.513392985,0.502232015,0.513392985,155680000
1992-06-03,0.390730888,0.483258992,0.504463971,0.482143015,0.504463971,300574400
1992-06-04,0.393437922,0.486606985,0.488839,0.477679014,0.484375,180152000
1992-06-05,0.396144629,0.489955008,0.493304014,0.484375,0.488839,112728000
1992-06-08,0.391633123,0.484375,0.491070986,0.482143015,0.491070986,104339200
1992-06-09,0.389828533,0.482143015,0.484375,0.477679014,0.484375,101281600
1992-06-10,0.388023823,0.479911,0.488839,0.477679014,0.482143015,126604800
1992-06-11,0.388926208,0.481027007,0.484375,0.477679014,0.479911,140515200
1992-06-12,0.394339919,0.487722993,0.491070986,0.484375,0.486606985,96510400
1992-06-15,0.379902124,0.469866008,0.482143015,0.46875,0.482143015,189190400
1992-06-16,0.355537742,0.439731985,0.464286,0.435268015,0.462054014,365355200
1992-06-17,0.342904419,0.424106985,0.439731985,0.419643015,0.4375,304248000
1992-06-18,0.326661766,0.404018015,0.4375,0.399554014,0.424106985,433720000
1992-06-19,0.323052585,0.399554014,0.410714,0.390625,0.410714,427436800
1992-06-22,0.319442391,0.395089,0.399554014,0.381695986,0.392856985,389939200
1992-06-23,0.326661766,0.404018015,0.40625,0.397320986,0.401786,311550400
1992-06-24,0.332075775,0.410714,0.410714,0.404018015,0.40625,211064000
1992-06-25,0.329368949,0.407366008,0.415179014,0.404018015,0.415179014,160608000
1992-06-26,0.326661766,0.404018015,0.410714,0.397320986,0.408481985,110364800
1992-06-29,0.33749041,0.417411,0.420758992,0.404018015,0.408481985,188428800
1992-06-30,0.346513808,0.428570986,0.430804014,0.415179014,0.417411,193345600
1992-07-01,0.353733033,0.4375,0.441964,0.426339,0.428570986,143528000
1992-07-02,0.333880424,0.412945986,0.4375,0.408481985,0.4375,256648000
1992-07-06,0.333880424,0.412945986,0.417411,0.40625,0.415179014,122001600
1992-07-07,0.319442391,0.395089,0.412945986,0.388393015,0.412945986,207088000
1992-07-08,0.330271184,0.408481985,0.408481985,0.392856985,0.392856985,195955200
1992-07-09,0.33117348,0.409597993,0.415179014,0.408481985,0.410714,165793600
1992-07-10,0.330271184,0.408481985,0.412945986,0.400669992,0.410714,143796800
1992-07-13,0.339295268,0.419643015,0.420758992,0.404018015,0.408481985,125563200
1992-07-14,0.342904419,0.424106985,0.428570986,0.419643015,0.419643015,125988800
1992-07-15,0.346513808,0.428570986,0.4375,0.421875,0.424106985,174462400
1992-07-16,0.351928383,0.435268015,0.4375,0.421875,0.426339,139798400
1992-07-17,0.324857056,0.401786,0.410714,0.398438007,0.401786,423640000
1992-07-20,0.323052585,0.399554014,0.404018015,0.392856985,0.399554014,192124800
1992-07-21,0.330271184,0.408481985,0.412945986,0.401786,0.40625,131947200
1992-07-22,0.319442391,0.395089,0.40625,0.392856985,0.404018015,161974400
1992-07-23,0.323052585,0.399554014,0.399554014,0.390625,0.397320986,171516800
1992-07-24,0.33117348,0.409597993,0.412945986,0.392856985,0.397320986,134971200
1992-07-27,0.326661766,0.404018015,0.415179014,0.404018015,0.408481985,2396800
1992-07-28,0.335685968,0.415179014,0.415179014,0.404018015,0.40625,134243200
1992-07-29,0.341099739,0.421875,0.426339,0.415179014,0.416294992,250768000
1992-07-30,0.341099739,0.421875,0.424106985,0.417411,0.421875,137894400
1992-07-31,0.33749041,0.417411,0.424106985,0.417411,0.421875,90708800
1992-08-03,0.330271184,0.408481985,0.421875,0.40625,0.417411,68544000
1992-08-04,0.328466386,0.40625,0.408481985,0.399554014,0.401786,119716800
1992-08-05,0.323052585,0.399554014,0.40625,0.397320986,0.40625,139260800
1992-08-06,0.317637771,0.392856985,0.397320986,0.381695986,0.395089,257969600
1992-08-07,0.313126177,0.387277007,0.390625,0.370536,0.375,219161600
1992-08-10,0.318540156,0.393972993,0.397320986,0.383929014,0.386161,91448000
1992-08-11,0.314028502,0.388393015,0.397320986,0.383929014,0.397320986,121307200
1992-08-12,0.318540156,0.393972993,0.395089,0.386161,0.390625,121385600
1992-08-13,0.323052585,0.399554014,0.40625,0.395089,0.397320986,170990400
1992-08-14,0.323052585,0.399554014,0.404018015,0.397320986,0.401786,136102400
1992-08-17,0.323920846,0.399554014,0.399554014,0.390625,0.395089,128710400
1992-08-18,0.323920846,0.399554014,0.404018015,0.397320986,0.397320986,112313600
1992-08-19,0.322110534,0.397320986,0.404018015,0.397320986,0.398438007,170542400
1992-08-20,0.323920846,0.399554014,0.401786,0.395089,0.399554014,108908800
1992-08-21,0.323016047,0.398438007,0.404018015,0.392856985,0.399554014,109468800
1992-08-24,0.313062906,0.386161,0.399554014,0.386161,0.395089,152174400
1992-08-25,0.321205825,0.396205008,0.397320986,0.386161,0.386161,132361600
1992-08-26,0.320300996,0.395089,0.397320986,0.386161,0.395089,121060800
1992-08-27,0.322110534,0.397320986,0.402902007,0.395089,0.399554014,82745600
1992-08-28,0.325730234,0.401786,0.404018015,0.392856985,0.395089,61241600
1992-08-31,0.332968354,0.410714,0.412945986,0.399554014,0.401786,121116800
1992-09-01,0.336588085,0.415179014,0.415179014,0.408481985,0.412945986,60289600
1992-09-02,0.351064891,0.433036,0.435268015,0.415179014,0.415179014,189896000
1992-09-03,0.345635533,0.426339,0.439731985,0.426339,0.4375,211859200
1992-09-04,0.342016518,0.421875,0.430804014,0.417411,0.430804014,63235200
1992-09-08,0.345635533,0.426339,0.428570986,0.415179014,0.417411,70000000
1992-09-09,0.354683816,0.4375,0.439731985,0.426339,0.428570986,157203200
1992-09-10,0.356493384,0.439731985,0.441964,0.424106985,0.428570986,228177600
1992-09-11,0.344730824,0.425222993,0.439731985,0.424106985,0.4375,179883200
1992-09-14,0.358302861,0.441964,0.446429014,0.433036,0.4375,214681600
1992-09-15,0.349255383,0.430804014,0.439731985,0.426339,0.439731985,218523200
1992-09-16,0.3402071,0.419643015,0.430804014,0.415179014,0.426339,178718400
1992-09-17,0.332968354,0.410714,0.421875,0.405133992,0.421875,172435200
1992-09-18,0.336588085,0.415179014,0.418527007,0.404018015,0.408481985,115606400
1992-09-21,0.336588085,0.415179014,0.426339,0.412945986,0.417411,89678400
1992-09-22,0.331158936,0.408481985,0.417411,0.404018015,0.417411,111540800
1992-09-23,0.343826026,0.424106985,0.424106985,0.40625,0.410714,123972800
1992-09-24,0.334777772,0.412945986,0.426339,0.412945986,0.421875,125652800
1992-09-25,0.329349309,0.40625,0.415179014,0.404018015,0.412945986,137468800
1992-09-28,0.323920846,0.399554014,0.401786,0.390625,0.401786,149520000
1992-09-29,0.324825525,0.400669992,0.40625,0.392856985,0.397320986,157270400
1992-09-30,0.326635033,0.402902007,0.40625,0.397320986,0.401786,100049600
1992-10-01,0.320300996,0.395089,0.402902007,0.395089,0.399554014,122729600
1992-10-02,0.316682041,0.390625,0.399554014,0.383929014,0.397320986,113545600
1992-10-05,0.314872593,0.388393015,0.390625,0.370536,0.386161,264958400
1992-10-06,0.323920846,0.399554014,0.401786,0.381695986,0.390625,113444800
1992-10-07,0.316682041,0.390625,0.404018015,0.388393015,0.401786,113310400
1992-10-08,0.314872593,0.388393015,0.395089,0.383929014,0.392856985,126974400
1992-10-09,0.313967794,0.387277007,0.392856985,0.383929014,0.388393015,58744000
1992-10-12,0.318491518,0.392856985,0.395089,0.386161,0.386161,71635200
1992-10-13,0.328444481,0.405133992,0.410714,0.392856985,0.399554014,147179200
1992-10-14,0.332968354,0.410714,0.412945986,0.401786,0.404018015,95726400
1992-10-15,0.329349309,0.40625,0.410714,0.404018015,0.408481985,75420800
1992-10-16,0.354683816,0.4375,0.441964,0.415179014,0.417411,451348800
1992-10-19,0.354683816,0.4375,0.439731985,0.433036,0.4375,196044800
1992-10-20,0.355588526,0.438616008,0.446429014,0.433036,0.4375,287246400
1992-10-21,0.351064891,0.433036,0.441964,0.428570986,0.439731985,114251200
1992-10-22,0.352874339,0.435268015,0.439731985,0.430804014,0.433036,84470400
1992-10-23,0.352874339,0.435268015,0.441964,0.430804014,0.439731985,91425600
1992-10-26,0.372779667,0.459820986,0.459820986,0.433036,0.435268015,250689600
1992-10-27,0.372779667,0.459820986,0.46875,0.455356985,0.459820986,211960000
1992-10-28,0.378208965,0.466518015,0.470981985,0.453125,0.457589,196593600
1992-10-29,0.385446876,0.475445986,0.482143015,0.459820986,0.466518015,213897600
1992-10-30,0.380018413,0.46875,0.477679014,0.464286,0.477679014,129830400
1992-11-02,0.378208965,0.466518015,0.470981985,0.462054014,0.46875,170094400
1992-11-03,0.376399457,0.464286,0.46875,0.459820986,0.46875,112750400
1992-11-04,0.380018413,0.46875,0.470981985,0.464286,0.464286,141960000
1992-11-05,0.398114055,0.491070986,0.491070986,0.46875,0.46875,298054400
1992-11-06,0.403543532,0.497768015,0.504463971,0.488839,0.488839,263972800
1992-11-09,0.399924606,0.493304014,0.5,0.488839,0.5,112929600
1992-11-10,0.407162458,0.502232015,0.504463971,0.488839,0.491070986,122225600
1992-11-11,0.410781354,0.506695986,0.520088971,0.502232015,0.504463971,140425600
1992-11-12,0.411686867,0.507812977,0.513392985,0.503347993,0.508929014,107598400
1992-11-13,0.407162458,0.502232015,0.511161029,0.5,0.508929014,84750400
1992-11-16,0.415306032,0.512277007,0.515625,0.5,0.502232015,67547200
1992-11-17,0.399924606,0.493304014,0.513392985,0.489955008,0.511161029,168806400
1992-11-18,0.418020159,0.515625,0.520088971,0.495536,0.5,304808000
1992-11-19,0.421639204,0.520088971,0.53125,0.515625,0.515625,240542400
1992-11-20,0.416210711,0.513392985,0.524554014,0.508929014,0.522320986,155489600
1992-11-23,0.410781354,0.506695986,0.508929014,0.502232015,0.504463971,152723200
1992-11-24,0.416210711,0.513392985,0.513392985,0.504463971,0.508929014,156822400
1992-11-25,0.408971936,0.504463971,0.511161029,0.5,0.508929014,117342400
1992-11-27,0.408971936,0.504463971,0.511161029,0.502232015,0.504463971,47196800
1992-11-30,0.417096257,0.513392985,0.513392985,0.496652007,0.502232015,160507200
1992-12-01,0.422536224,0.520088971,0.526786029,0.506695986,0.511161029,130144000
1992-12-02,0.415282845,0.511161029,0.522320986,0.508929014,0.520088971,97776000
1992-12-03,0.417096257,0.513392985,0.514509022,0.501115978,0.504463971,187588800
1992-12-04,0.412562788,0.507812977,0.513392985,0.504463971,0.511161029,95782400
1992-12-07,0.41890958,0.515625,0.515625,0.506695986,0.506695986,144222400
1992-12-08,0.421629667,0.518972993,0.524554014,0.515625,0.515625,196638400
1992-12-09,0.418002993,0.514509022,0.517857015,0.511161029,0.515625,159409600
1992-12-10,0.415282845,0.511161029,0.514509022,0.504463971,0.511161029,140190400
1992-12-11,0.417096257,0.513392985,0.520088971,0.511161029,0.511161029,120187200
1992-12-14,0.415282845,0.511161029,0.515625,0.506695986,0.513392985,110510400
1992-12-15,0.408935338,0.503347993,0.508929014,0.495536,0.506695986,182537600
1992-12-16,0.398961097,0.491070986,0.508929014,0.486606985,0.502232015,225926400
1992-12-17,0.412562788,0.507812977,0.513392985,0.493304014,0.493304014,233867200
1992-12-18,0.422536224,0.520088971,0.529017985,0.511161029,0.513392985,235457600
1992-12-21,0.432510436,0.532365978,0.535713971,0.517857015,0.520088971,256065600
1992-12-22,0.439764768,0.541294992,0.546875,0.533482015,0.533482015,280168000
1992-12-23,0.433417231,0.533482015,0.540179014,0.529017985,0.537945986,112336000
1992-12-24,0.427977204,0.526786029,0.535713971,0.526786029,0.535713971,45964800
1992-12-28,0.431603879,0.53125,0.533482015,0.529017985,0.529017985,70448000
1992-12-29,0.432510436,0.532365978,0.542411029,0.53125,0.53125,116278400
1992-12-30,0.426163763,0.524554014,0.533482015,0.524554014,0.533482015,100587200
1992-12-31,0.433417231,0.533482015,0.535713971,0.524554014,0.524554014,92232000
1993-01-04,0.422536224,0.520088971,0.535713971,0.515625,0.53125,129136000
1993-01-05,0.429790556,0.529017985,0.529017985,0.511161029,0.517857015,186256000
1993-01-06,0.447924674,0.551338971,0.553570986,0.540179014,0.542411029,281400000
1993-01-07,0.442484647,0.544642985,0.558036029,0.541294992,0.551338971,272137600
1993-01-08,0.451552182,0.555804014,0.5625,0.533482015,0.542411029,320936000
1993-01-11,0.465153277,0.572544992,0.574777007,0.551338971,0.553570986,273728000
1993-01-12,0.446111441,0.549107015,0.569195986,0.549107015,0.560267985,346158400
1993-01-13,0.460618973,0.566963971,0.571429014,0.546875,0.549107015,199640000
1993-01-14,0.47149986,0.580357015,0.582588971,0.569195986,0.571429014,367808000
1993-01-15,0.437043935,0.537945986,0.555804014,0.535713971,0.544642985,902630400
1993-01-18,0.431603879,0.53125,0.535713971,0.517857015,0.53125,333636800
1993-01-19,0.433417231,0.533482015,0.540179014,0.529017985,0.533482015,274041600
1993-01-20,0.435230553,0.535713971,0.537945986,0.53125,0.533482015,158737600
1993-01-21,0.435230553,0.535713971,0.537945986,0.524554014,0.533482015,184419200
1993-01-22,0.431603879,0.53125,0.537945986,0.526786029,0.537945986,146944000
1993-01-25,0.435230553,0.535713971,0.540179014,0.529017985,0.529017985,202272000
1993-01-26,0.440671265,0.542411029,0.553570986,0.540179014,0.540179014,285622400
1993-01-27,0.437043935,0.537945986,0.551338971,0.524554014,0.544642985,226620800
1993-01-28,0.434323817,0.534597993,0.537945986,0.529017985,0.535713971,184038400
1993-01-29,0.431603879,0.53125,0.546875,0.526786029,0.537945986,266100800
1993-02-01,0.444298059,0.546875,0.546875,0.529017985,0.529017985,240553600
1993-02-02,0.437043935,0.537945986,0.549107015,0.537945986,0.542411029,182336000
1993-02-03,0.435230553,0.535713971,0.544642985,0.522320986,0.544642985,264185600
1993-02-04,0.431603879,0.53125,0.537945986,0.526786029,0.535713971,208152000
1993-02-05,0.415282845,0.511161029,0.53125,0.502232015,0.529017985,367617600
1993-02-08,0.409842074,0.504463971,0.513392985,0.495536,0.508929014,281075200
1993-02-09,0.412562788,0.507812977,0.512277007,0.504463971,0.508929014,238660800
1993-02-10,0.404402107,0.497768015,0.511161029,0.491070986,0.508929014,268284800
1993-02-11,0.399868548,0.492188007,0.502232015,0.491070986,0.497768015,168268800
1993-02-12,0.391653508,0.481027007,0.495536,0.479911,0.491070986,275396800
1993-02-16,0.385291994,0.473214,0.477679014,0.459820986,0.477679014,407736000
1993-02-17,0.391653508,0.481027007,0.482143015,0.464286,0.475445986,249580800
1993-02-18,0.399831176,0.491070986,0.493304014,0.477679014,0.491070986,280123200
1993-02-19,0.399831176,0.491070986,0.495536,0.488839,0.493304014,177800000
1993-02-22,0.400740504,0.492188007,0.5,0.488839,0.491070986,98761600
1993-02-23,0.394379348,0.484375,0.493304014,0.482143015,0.491070986,194073600
1993-02-24,0.389836073,0.478794992,0.481027007,0.465402007,0.465402007,286563200
1993-02-25,0.39801386,0.488839,0.488839,0.475445986,0.475445986,167227200
1993-02-26,0.385291994,0.473214,0.484375,0.466518015,0.484375,294884800
1993-03-01,0.38710928,0.475445986,0.477679014,0.470981985,0.473214,119302400
1993-03-02,0.394379348,0.484375,0.486606985,0.473214,0.473214,147694400
1993-03-03,0.397105187,0.487722993,0.491070986,0.475445986,0.482143015,202697600
1993-03-04,0.399831176,0.491070986,0.493304014,0.477679014,0.486606985,188339200
1993-03-05,0.399831176,0.491070986,0.497768015,0.488839,0.488839,111619200
1993-03-08,0.410735846,0.504463971,0.506695986,0.491070986,0.491070986,177004800
1993-03-09,0.412553102,0.506695986,0.513392985,0.504463971,0.504463971,154828800
1993-03-10,0.412553102,0.506695986,0.511161029,0.5,0.506695986,132496000
1993-03-11,0.413462549,0.507812977,0.511161029,0.502232015,0.508929014,144614400
1993-03-12,0.40891856,0.502232015,0.506695986,0.495536,0.506695986,126694400
1993-03-15,0.414371282,0.508929014,0.511161029,0.494419992,0.5,136035200
1993-03-16,0.410735846,0.504463971,0.515625,0.504463971,0.511161029,101281600
1993-03-17,0.400740504,0.492188007,0.508929014,0.491070986,0.504463971,176220800
1993-03-18,0.396196723,0.486606985,0.496652007,0.486606985,0.491070986,106187200
1993-03-19,0.390744746,0.479911,0.493304014,0.477679014,0.491070986,154100800
1993-03-22,0.38710928,0.475445986,0.481027007,0.470981985,0.477679014,165200000
1993-03-23,0.383474857,0.470981985,0.482143015,0.469866008,0.475445986,102536000
1993-03-24,0.390744746,0.479911,0.484375,0.46875,0.470981985,143068800
1993-03-25,0.39801386,0.488839,0.488839,0.477679014,0.479911,171046400
1993-03-26,0.38710928,0.475445986,0.488839,0.46875,0.488839,151760000
1993-03-29,0.370752662,0.455356985,0.46875,0.453125,0.466518015,261710400
1993-03-30,0.379840165,0.466518015,0.466518015,0.448661,0.456472993,264051200
1993-03-31,0.374387383,0.459820986,0.470981985,0.457589,0.46875,223036800
1993-04-01,0.376205623,0.462054014,0.464286,0.455356985,0.457589,108203200
1993-04-02,0.36439231,0.447544992,0.457589,0.441964,0.450893015,253792000
1993-04-05,0.363483638,0.446429014,0.450893015,0.441964,0.446429014,149172800
1993-04-06,0.354396254,0.435268015,0.448661,0.435268015,0.446429014,168369600
1993-04-07,0.36711821,0.450893015,0.453125,0.433036,0.4375,162848000
1993-04-08,0.361665487,0.444195986,0.450893015,0.4375,0.446429014,163430400
1993-04-12,0.363483638,0.446429014,0.455356985,0.441964,0.441964,93049600
1993-04-13,0.352579027,0.433036,0.457589,0.430804014,0.450893015,164483200
1993-04-14,0.354396254,0.435268015,0.435268015,0.425222993,0.430804014,170060800
1993-04-15,0.343491673,0.421875,0.430804014,0.417411,0.430804014,218702400
1993-04-16,0.349853069,0.429688007,0.435268015,0.422991008,0.430804014,686795200
1993-04-19,0.352579027,0.433036,0.441964,0.430804014,0.433036,227864000
1993-04-20,0.363483638,0.446429014,0.448661,0.430804014,0.435268015,240049600
1993-04-21,0.360756814,0.443080008,0.453125,0.439731985,0.448661,205273600
1993-04-22,0.363483638,0.446429014,0.450893015,0.4375,0.439731985,157673600
1993-04-23,0.358030915,0.439731985,0.448661,0.435268015,0.444195986,134142400
1993-04-26,0.35621345,0.4375,0.444195986,0.433036,0.439731985,102804800
1993-04-27,0.365300834,0.448661,0.448661,0.435268015,0.435268015,129673600
1993-04-28,0.373478681,0.458705008,0.464286,0.444195986,0.444195986,163240000
1993-04-29,0.368935555,0.453125,0.462054014,0.447544992,0.459820986,82443200
1993-04-30,0.372569978,0.457589,0.46875,0.453125,0.453125,132339200
1993-05-03,0.377114117,0.463169992,0.464286,0.455356985,0.457589,65184000
1993-05-04,0.388018727,0.476563007,0.484375,0.464286,0.466518015,170822400
1993-05-05,0.396196723,0.486606985,0.495536,0.473214,0.473214,253064000
1993-05-06,0.390744746,0.479911,0.488839,0.477679014,0.486606985,70459200
1993-05-07,0.39801386,0.488839,0.488839,0.477679014,0.477679014,81894400
1993-05-10,0.399831176,0.491070986,0.498883992,0.491070986,0.491070986,137928000
1993-05-11,0.396196723,0.486606985,0.493304014,0.482143015,0.491070986,158379200
1993-05-12,0.38710928,0.475445986,0.488839,0.473214,0.484375,105224000
1993-05-13,0.403466493,0.495536,0.497768015,0.477679014,0.477679014,361726400
1993-05-14,0.403466493,0.495536,0.5,0.491070986,0.493304014,117409600
1993-05-17,0.405283898,0.497768015,0.5,0.491070986,0.495536,69641600
1993-05-18,0.403466493,0.495536,0.502232015,0.491070986,0.495536,163475200
1993-05-19,0.416188538,0.511161029,0.513392985,0.486606985,0.488839,172771200
1993-05-20,0.427093148,0.524554014,0.526786029,0.511161029,0.511161029,290528000
1993-05-21,0.418005854,0.513392985,0.527902007,0.506695986,0.524554014,148198400
1993-05-24,0.418914557,0.514509022,0.524554014,0.506695986,0.506695986,150315200
1993-05-25,0.409827203,0.503347993,0.513392985,0.497768015,0.506695986,180723200
1993-05-26,0.41982305,0.515625,0.515625,0.494419992,0.5,121564800
1993-05-27,0.418005854,0.513392985,0.522320986,0.511161029,0.515625,197288000
1993-05-28,0.412504971,0.505580008,0.513392985,0.502232015,0.508929014,183948800
1993-06-01,0.415237516,0.508929014,0.515625,0.504463971,0.504463971,135072000
1993-06-02,0.415237516,0.508929014,0.520088971,0.5,0.506695986,200480000
1993-06-03,0.41068396,0.503347993,0.511161029,0.5,0.508929014,156856000
1993-06-04,0.399756461,0.489955008,0.502232015,0.486606985,0.497768015,213684800
1993-06-07,0.36970678,0.453125,0.488839,0.449777007,0.486606985,482305600
1993-06-08,0.360600442,0.441964,0.446429014,0.428570986,0.435268015,621096000
1993-06-09,0.322354943,0.395089,0.407366008,0.392856985,0.401786,1178419200
1993-06-10,0.324176043,0.397320986,0.399554014,0.381695986,0.388393015,553705600
1993-06-11,0.318712652,0.390625,0.404018015,0.387277007,0.401786,242323200
1993-06-14,0.325087339,0.398438007,0.399554014,0.388393015,0.392856985,249491200
1993-06-15,0.305964231,0.375,0.404018015,0.373883992,0.404018015,448324800
1993-06-16,0.307785332,0.377231985,0.386161,0.370536,0.377231985,353080000
1993-06-17,0.300500959,0.368304014,0.379464,0.361606985,0.379464,409438400
1993-06-18,0.298678994,0.366070986,0.376116008,0.354911,0.371652007,311292800
1993-06-21,0.28866297,0.353794992,0.361606985,0.352679014,0.361606985,273582400
1993-06-22,0.30141142,0.369419992,0.375,0.354911,0.364955008,336380800
1993-06-23,0.295036793,0.361606985,0.372768015,0.357143015,0.372768015,180723200
1993-06-24,0.304143071,0.372768015,0.372768015,0.357143015,0.361606985,222835200
1993-06-25,0.291394681,0.357143015,0.363839,0.352679014,0.360491008,257163200
1993-06-28,0.292305112,0.358258992,0.361606985,0.345981985,0.361606985,353617600
1993-06-29,0.284109414,0.348214,0.359375,0.34375,0.359375,294268800
1993-06-30,0.28775242,0.352679014,0.354911,0.34375,0.345981985,200256000
1993-07-01,0.276825041,0.339286,0.354911,0.339286,0.348214,218164800
1993-07-02,0.280467212,0.34375,0.345981985,0.337054014,0.341518015,191632000
1993-07-06,0.27500391,0.337054014,0.348214,0.334820986,0.341518015,155254400
1993-07-07,0.265897572,0.325893015,0.338169992,0.323661,0.334820986,227035200
1993-07-08,0.265897572,0.325893015,0.334820986,0.323661,0.325893015,138969600
1993-07-09,0.267718613,0.328125,0.332589,0.325893015,0.330356985,156878400
1993-07-12,0.276825041,0.339286,0.340402007,0.323661,0.328125,173880000
1993-07-13,0.271360904,0.332589,0.345981985,0.330356985,0.345981985,158110400
1993-07-14,0.271360904,0.332589,0.334820986,0.319195986,0.328125,246299200
1993-07-15,0.260433435,0.319195986,0.337054014,0.314731985,0.332589,338038400
1993-07-16,0.200333908,0.245536,0.264508992,0.236607,0.254464,2120596800
1993-07-19,0.186674833,0.228795007,0.256695986,0.227678999,0.25,806232000
1993-07-20,0.195780426,0.239954993,0.247768,0.229911,0.234375,531910400
1993-07-21,0.191227674,0.234375,0.238839,0.227678999,0.232143,455907200
1993-07-22,0.193048701,0.236607,0.241071001,0.229911,0.232143,211176000
1993-07-23,0.191227674,0.234375,0.245536,0.232143,0.241071001,233777600
1993-07-26,0.195780426,0.239954993,0.245536,0.232143,0.238839,152824000
1993-07-27,0.193048701,0.236607,0.245536,0.234375,0.238839,198609600
1993-07-28,0.195780426,0.239954993,0.241071001,0.234375,0.234375,91795200
1993-07-29,0.198512882,0.243303999,0.245536,0.238839,0.241071001,121374400
1993-07-30,0.202154979,0.247768,0.252231985,0.241071001,0.245536,214446400
1993-08-02,0.207618296,0.254464,0.261161,0.25,0.252231985,216305600
1993-08-03,0.211261243,0.258929014,0.261161,0.256695986,0.258929014,176478400
1993-08-04,0.22036685,0.270089,0.272320986,0.258929014,0.261161,242995200
1993-08-05,0.214903548,0.263393015,0.274554014,0.258929014,0.274554014,209372800
1993-08-06,0.213082477,0.261161,0.270089,0.261161,0.261161,125921600
1993-08-09,0.216724634,0.265625,0.270089,0.258929014,0.261161,161414400
1993-08-10,0.207618296,0.254464,0.265625,0.252231985,0.263393015,152779200
1993-08-11,0.200333908,0.245536,0.254464,0.241071001,0.254464,166969600
1993-08-12,0.193048701,0.236607,0.247768,0.232143,0.245536,338172800
1993-08-13,0.199423373,0.244420007,0.247768,0.234375,0.236607,138812800
1993-08-16,0.201215595,0.245536,0.25,0.243303999,0.245536,102446400
1993-08-17,0.207617447,0.253347993,0.254464,0.243303999,0.247768,108180800
1993-08-18,0.20853208,0.254464,0.265625,0.252231985,0.258929014,188720000
1993-08-19,0.201215595,0.245536,0.256695986,0.245536,0.256695986,152129600
1993-08-20,0.20487389,0.25,0.25,0.241071001,0.247768,99937600
1993-08-23,0.207617447,0.253347993,0.256695986,0.245536,0.25,91179200
1993-08-24,0.20487389,0.25,0.256695986,0.247768,0.252231985,101259200
1993-08-25,0.199386552,0.243303999,0.252231985,0.238839,0.25,145768000
1993-08-26,0.196642026,0.239954993,0.243303999,0.236607,0.243303999,176142400
1993-08-27,0.19389832,0.236607,0.241071001,0.234375,0.241071001,186569600
1993-08-30,0.190240115,0.232143,0.236607,0.231027007,0.236607,273739200
1993-08-31,0.19389832,0.236607,0.238839,0.232143,0.236607,127870400
1993-09-01,0.191154703,0.233259007,0.238839,0.229911,0.236607,225568000
1993-09-02,0.188410997,0.229911,0.234375,0.225446001,0.232143,282262400
1993-09-03,0.188410997,0.229911,0.232143,0.225446001,0.232143,162937600
1993-09-07,0.192069232,0.234375,0.241071001,0.229911,0.232143,143539200
1993-09-08,0.195727453,0.238839,0.241071001,0.232143,0.234375,226632000
1993-09-09,0.190240115,0.232143,0.241071001,0.232143,0.238839,149531200
1993-09-10,0.192069232,0.234375,0.234375,0.226563007,0.234375,134489600
1993-09-13,0.184751943,0.225446001,0.236607,0.220982,0.234375,255785600
1993-09-14,0.177435532,0.216518,0.223214,0.214286,0.216518,276640000
1993-09-15,0.17926456,0.21875,0.223214,0.209821001,0.21875,257723200
1993-09-16,0.181093737,0.220982,0.223214,0.216518,0.216518,85960000
1993-09-17,0.184751943,0.225446001,0.227678999,0.216518,0.217634007,172032000
1993-09-20,0.182008311,0.222097993,0.227678999,0.220982,0.225446001,111036800
1993-09-21,0.17926456,0.21875,0.225446001,0.213170007,0.220982,146496000
1993-09-22,0.186581835,0.227678999,0.227678999,0.216518,0.216518,110488000
1993-09-23,0.181093737,0.220982,0.227678999,0.21875,0.227678999,130950400
1993-09-24,0.18292284,0.223214,0.225446001,0.21875,0.223214,76574400
1993-09-27,0.181093737,0.220982,0.225446001,0.216518,0.223214,113176000
1993-09-28,0.181093737,0.220982,0.223214,0.216518,0.220982,94550400
1993-09-29,0.174691796,0.213170007,0.222097993,0.212053999,0.216518,236745600
1993-09-30,0.171032816,0.208704993,0.214286,0.205357,0.214286,274904000
1993-10-01,0.166459978,0.203125,0.205357,0.200893,0.203125,335988800
1993-10-04,0.166459978,0.203125,0.205357,0.196428999,0.202009007,192841600
1993-10-05,0.171947375,0.209821001,0.214286,0.205357,0.205357,176310400
1993-10-06,0.172862709,0.210938007,0.214286,0.208704993,0.212053999,175280000
1993-10-07,0.168289095,0.205357,0.212053999,0.203125,0.209821001,134904000
1993-10-08,0.165545449,0.202009007,0.207589,0.198661,0.207589,139406400
1993-10-11,0.173777267,0.212053999,0.214286,0.203125,0.203125,161145600
1993-10-12,0.17560637,0.214286,0.223214,0.212053999,0.214286,306342400
1993-10-13,0.17560637,0.214286,0.216518,0.209821001,0.216518,177004800
1993-10-14,0.173777267,0.212053999,0.21875,0.209821001,0.214286,160686400
1993-10-15,0.206702948,0.252231985,0.254464,0.238839,0.247768,955248000
1993-10-18,0.207617447,0.253347993,0.256695986,0.247768,0.25,332998400
1993-10-19,0.203044683,0.247768,0.254464,0.243303999,0.252231985,213572800
1993-10-20,0.203044683,0.247768,0.252231985,0.243303999,0.25,138409600
1993-10-21,0.221336737,0.270089,0.279018015,0.243303999,0.245536,627110400
1993-10-22,0.221336737,0.270089,0.28125,0.265625,0.272320986,396076800
1993-10-25,0.21950756,0.267856985,0.272320986,0.264508992,0.270089,219128000
1993-10-26,0.217678443,0.265625,0.267856985,0.258929014,0.265625,222476800
1993-10-27,0.232312173,0.283481985,0.287945986,0.265625,0.267856985,459065600
1993-10-28,0.226824895,0.276786,0.287945986,0.276786,0.283481985,244462400
1993-10-29,0.224995777,0.274554014,0.283481985,0.272320986,0.276786,136864000
1993-11-01,0.230482981,0.28125,0.28125,0.270089,0.274554014,105974400
1993-11-02,0.239629492,0.292411,0.294643015,0.276786,0.279018015,224246400
1993-11-03,0.231397688,0.282366008,0.294643015,0.276786,0.294643015,176960000
1993-11-04,0.235970423,0.287945986,0.287945986,0.274554014,0.28125,185371200
1993-11-05,0.233226731,0.284597993,0.287945986,0.274554014,0.284597993,378033600
1993-11-08,0.224995777,0.274554014,0.286830008,0.272320986,0.285714,166992000
1993-11-09,0.220422104,0.268972993,0.279018015,0.265625,0.276786,171248000
1993-11-10,0.224995777,0.274554014,0.274554014,0.267856985,0.270089,76977600
1993-11-11,0.229568452,0.280133992,0.285714,0.272320986,0.274554014,142430400
1993-11-12,0.232312173,0.283481985,0.285714,0.272320986,0.28125,143662400
1993-11-15,0.23414129,0.285714,0.292411,0.28125,0.28125,157102400
1993-11-16,0.24877499,0.303570986,0.305804014,0.283481985,0.285714,303083200
1993-11-17,0.245116919,0.299106985,0.3125,0.292411,0.303570986,302624000
1993-11-18,0.245116919,0.299106985,0.301339,0.294643015,0.299106985,114408000
1993-11-19,0.242326245,0.294643015,0.299106985,0.290179014,0.294643015,122964800
1993-11-22,0.238654897,0.290179014,0.294643015,0.287945986,0.292411,150606400
1993-11-23,0.242326245,0.294643015,0.294643015,0.279018015,0.290179014,186166400
1993-11-24,0.242326245,0.294643015,0.299106985,0.291294992,0.292411,90440000
1993-11-26,0.239572778,0.291294992,0.294643015,0.287945986,0.292411,43444800
1993-11-29,0.233146966,0.283481985,0.290179014,0.28125,0.287945986,96712000
1993-11-30,0.231311262,0.28125,0.291294992,0.28125,0.283481985,112660800
1993-12-01,0.231311262,0.28125,0.287945986,0.279018015,0.285714,111216000
1993-12-02,0.233146966,0.283481985,0.285714,0.276786,0.283481985,100654400
1993-12-03,0.231311262,0.28125,0.285714,0.276786,0.283481985,120467200
1993-12-06,0.236818299,0.287945986,0.290179014,0.279018015,0.28125,156979200
1993-12-07,0.236818299,0.287945986,0.287945986,0.28125,0.285714,63851200
1993-12-08,0.234064803,0.284597993,0.287945986,0.28125,0.285714,39592000
1993-12-09,0.220296338,0.267856985,0.285714,0.265625,0.283481985,182761600
1993-12-10,0.207445741,0.252231985,0.272320986,0.247768,0.270089,497257600
1993-12-13,0.216625065,0.263393015,0.263393015,0.247768,0.252231985,244328000
1993-12-14,0.213871419,0.260044992,0.265625,0.258929014,0.261161,293664000
1993-12-15,0.218460634,0.265625,0.265625,0.258929014,0.258929014,123883200
1993-12-16,0.215707123,0.262277007,0.265625,0.258929014,0.263393015,126369600
1993-12-17,0.216625065,0.263393015,0.265625,0.260044992,0.263393015,145152000
1993-12-20,0.209281415,0.254464,0.265625,0.252231985,0.261161,189033600
1993-12-21,0.201938659,0.245536,0.256695986,0.243303999,0.254464,251126400
1993-12-22,0.205610052,0.25,0.254464,0.241071001,0.243303999,181372800
1993-12-23,0.20010294,0.243303999,0.243303999,0.236607,0.243303999,226956800
1993-12-27,0.209281415,0.254464,0.256695986,0.243303999,0.247768,159936000
1993-12-28,0.213871419,0.260044992,0.263393015,0.254464,0.256695986,159499200
1993-12-29,0.209281415,0.254464,0.261161,0.254464,0.261161,107352000
1993-12-30,0.218460634,0.265625,0.270089,0.254464,0.254464,314552000
1993-12-31,0.214789331,0.261161,0.270089,0.261161,0.265625,160966400
1994-01-03,0.219378591,0.266741008,0.267856985,0.258929014,0.263393015,181529600
1994-01-04,0.231311262,0.28125,0.28125,0.267856985,0.270089,285174400
1994-01-05,0.247833267,0.301339,0.302455008,0.283481985,0.283481985,612136000
1994-01-06,0.240490556,0.292411,0.303570986,0.290179014,0.301339,366508800
1994-01-07,0.243244097,0.295758992,0.296875,0.279018015,0.285714,298793600
1994-01-10,0.246915549,0.300222993,0.302455008,0.292411,0.294643015,201588800
1994-01-11,0.234064803,0.284597993,0.301339,0.283481985,0.299106985,355398400
1994-01-12,0.223967746,0.272320986,0.287945986,0.272320986,0.287945986,439118400
1994-01-13,0.224886402,0.273438007,0.274554014,0.265625,0.267856985,531596800
1994-01-14,0.227639958,0.276786,0.283481985,0.272320986,0.274554014,214513600
1994-01-17,0.223049909,0.271205008,0.28125,0.267856985,0.276786,145712000
1994-01-18,0.215707123,0.262277007,0.270089,0.258929014,0.270089,362801600
1994-01-19,0.214789331,0.261161,0.265625,0.256695986,0.261161,281590400
1994-01-20,0.219378591,0.266741008,0.274554014,0.263393015,0.263393015,268083200
1994-01-21,0.2450798,0.297991008,0.299106985,0.287945986,0.296875,980134400
1994-01-24,0.257012546,0.3125,0.314731985,0.296875,0.296875,692148800
1994-01-25,0.248751134,0.302455008,0.3125,0.296875,0.310268015,442332800
1994-01-26,0.245997682,0.299106985,0.303570986,0.296875,0.301339,165804800
1994-01-27,0.250587702,0.304688007,0.305804014,0.294643015,0.299106985,132249600
1994-01-28,0.249668896,0.303570986,0.310268015,0.301339,0.305804014,136438400
1994-01-31,0.240490556,0.292411,0.301339,0.292411,0.299106985,238380800
1994-02-01,0.244162008,0.296875,0.299106985,0.287945986,0.294643015,156721600
1994-02-02,0.242326245,0.294643015,0.296875,0.290179014,0.296875,146451200
1994-02-03,0.245997682,0.299106985,0.300222993,0.290179014,0.294643015,137995200
1994-02-04,0.245997682,0.299106985,0.3125,0.296875,0.299106985,354009600
1994-02-07,0.268990695,0.325893015,0.331472993,0.299106985,0.299106985,725446400
1994-02-08,0.26346302,0.319195986,0.325893015,0.314731985,0.321429014,285387200
1994-02-09,0.267148346,0.323661,0.325893015,0.314731985,0.319195986,186984000
1994-02-10,0.268990695,0.325893015,0.334820986,0.321429014,0.323661,302030400
1994-02-11,0.272675216,0.330356985,0.334820986,0.323661,0.323661,164248000
1994-02-14,0.272675216,0.330356985,0.339286,0.328125,0.330356985,245548800
1994-02-15,0.273596376,0.331472993,0.334820986,0.323661,0.328125,129774400
1994-02-16,0.270832926,0.328125,0.334820986,0.328125,0.334820986,122024000
1994-02-17,0.272675216,0.330356985,0.338169992,0.323661,0.332589,145152000
1994-02-18,0.267148346,0.323661,0.330356985,0.323661,0.325893015,149072000
1994-02-22,0.274517566,0.332589,0.334820986,0.319195986,0.323661,214569600
1994-02-23,0.274517566,0.332589,0.341518015,0.330356985,0.332589,260534400
1994-02-24,0.269911706,0.327008992,0.332589,0.323661,0.330356985,197859200
1994-02-25,0.265305907,0.321429014,0.332589,0.316964,0.330356985,236824000
1994-02-28,0.268990695,0.325893015,0.330356985,0.321429014,0.323661,123827200
1994-03-01,0.267148346,0.323661,0.328125,0.319195986,0.328125,211870400
1994-03-02,0.26254186,0.318080008,0.323661,0.310268015,0.314731985,294145600
1994-03-03,0.26346302,0.319195986,0.323661,0.316964,0.319195986,188473600
1994-03-04,0.270832926,0.328125,0.334820986,0.319195986,0.321429014,226844800
1994-03-07,0.279124051,0.338169992,0.340402007,0.328125,0.330356985,310396800
1994-03-08,0.272675216,0.330356985,0.339286,0.328125,0.339286,186054400
1994-03-09,0.276359856,0.334820986,0.334820986,0.321429014,0.327008992,248539200
1994-03-10,0.274517566,0.332589,0.335938007,0.328125,0.332589,143763200
1994-03-11,0.274517566,0.332589,0.337054014,0.328125,0.330356985,161840000
1994-03-14,0.280966431,0.340402007,0.34375,0.337054014,0.34375,441705600
1994-03-15,0.277281702,0.335938007,0.341518015,0.332589,0.341518015,204545600
1994-03-16,0.270832926,0.328125,0.337054014,0.325893015,0.334820986,147168000
1994-03-17,0.268990695,0.325893015,0.330356985,0.323661,0.328125,156228800
1994-03-18,0.268069446,0.324777007,0.328125,0.319195986,0.328125,223675200
1994-03-21,0.261620671,0.316964,0.325893015,0.314731985,0.324777007,246512000
1994-03-22,0.25793618,0.3125,0.316964,0.308036,0.314731985,242827200
1994-03-23,0.25885722,0.313616008,0.316964,0.305804014,0.314731985,216686400
1994-03-24,0.255172729,0.309152007,0.314731985,0.303570986,0.313616008,188092800
1994-03-25,0.241354749,0.292411,0.310268015,0.292411,0.310268015,343638400
1994-03-28,0.245039418,0.296875,0.303570986,0.292411,0.294643015,282576000
1994-03-29,0.241354749,0.292411,0.301339,0.287945986,0.296875,213516800
1994-03-30,0.239512473,0.290179014,0.296875,0.283481985,0.290179014,169825600
1994-03-31,0.245039418,0.296875,0.299106985,0.28125,0.290179014,209059200
1994-04-04,0.245039418,0.296875,0.296875,0.283481985,0.287945986,168302400
1994-04-05,0.246881679,0.299106985,0.305804014,0.299106985,0.301339,97899200
1994-04-06,0.246881679,0.299106985,0.303570986,0.292411,0.303570986,129091200
1994-04-07,0.245960489,0.297991008,0.301339,0.292411,0.299106985,77369600
1994-04-08,0.246881679,0.299106985,0.303570986,0.296875,0.301339,176848000
1994-04-11,0.246881679,0.299106985,0.299106985,0.290179014,0.299106985,106825600
1994-04-12,0.235827088,0.285714,0.297991008,0.283481985,0.297991008,136830400
1994-04-13,0.233984783,0.283481985,0.290179014,0.279018015,0.287945986,233139200
1994-04-14,0.232142463,0.28125,0.283481985,0.267856985,0.272320986,221995200
1994-04-15,0.222930282,0.270089,0.28125,0.267856985,0.279018015,188350400
1994-04-18,0.218324631,0.264508992,0.272320986,0.261161,0.272320986,230294400
1994-04-19,0.213718846,0.258929014,0.267856985,0.254464,0.265625,166252800
1994-04-20,0.208191201,0.252231985,0.267856985,0.25,0.261161,281848000
1994-04-21,0.218324631,0.264508992,0.272320986,0.241071001,0.254464,410536000
1994-04-22,0.219245687,0.265625,0.285714,0.254464,0.279018015,697827200
1994-04-25,0.228457972,0.276786,0.276786,0.263393015,0.265625,359240000
1994-04-26,0.230300292,0.279018015,0.28125,0.276786,0.28125,164225600
1994-04-28,0.222930282,0.270089,0.279018015,0.265625,0.276786,100475200
1994-04-29,0.221087962,0.267856985,0.272320986,0.265625,0.267856985,94785600
1994-05-02,0.228457972,0.276786,0.279018015,0.267856985,0.267856985,123222400
1994-05-03,0.222930282,0.270089,0.279018015,0.263393015,0.276786,132899200
1994-05-04,0.243197039,0.294643015,0.296875,0.272320986,0.276786,364156800
1994-05-05,0.242275909,0.293527007,0.301339,0.287945986,0.296875,288332800
1994-05-06,0.238129959,0.288504004,0.292411,0.279018015,0.287945986,187779200
1994-05-09,0.230300292,0.279018015,0.290179014,0.274554014,0.287945986,140470400
1994-05-10,0.228457972,0.276786,0.285714,0.276786,0.283481985,146843200
1994-05-11,0.222930282,0.270089,0.28125,0.265625,0.276786,145521600
1994-05-12,0.218785092,0.265067011,0.274554014,0.263393015,0.272320986,107105600
1994-05-13,0.221087962,0.267856985,0.272320986,0.261161,0.265625,92612800
1994-05-16,0.217403501,0.263393015,0.272320986,0.263393015,0.267856985,135385600
1994-05-17,0.216482252,0.262277007,0.265625,0.256695986,0.265625,180107200
1994-05-18,0.225694522,0.273438007,0.274554014,0.261161,0.265625,123860800
1994-05-19,0.236748114,0.286830008,0.290179014,0.272320986,0.274554014,273582400
1994-05-20,0.228918523,0.277343988,0.287945986,0.276786,0.283481985,98145600
1994-05-23,0.224772573,0.272320986,0.279018015,0.267856985,0.276786,119952000
1994-05-24,0.226615697,0.274554014,0.279018015,0.270089,0.276786,126448000
1994-05-25,0.230300292,0.279018015,0.283481985,0.267856985,0.270089,136113600
1994-05-26,0.224772573,0.272320986,0.28125,0.270089,0.28125,73035200
1994-05-27,0.221498549,0.267298996,0.274554014,0.263393015,0.270089,108684800
1994-05-31,0.216412291,0.261161,0.263393015,0.254464,0.263393015,257398400
1994-06-01,0.209013239,0.252231985,0.255580008,0.248884007,0.254464,385761600
1994-06-02,0.202539831,0.244420007,0.254464,0.242188007,0.253347993,384921600
1994-06-03,0.204389259,0.246652007,0.25,0.238839,0.242188007,353684800
1994-06-06,0.202539831,0.244420007,0.247768,0.241071001,0.245536,126033600
1994-06-07,0.203464508,0.245536,0.247768,0.243303999,0.243303999,140246400
1994-06-08,0.193291187,0.233259007,0.246652007,0.232143,0.245536,274164800
1994-06-09,0.199764565,0.241071001,0.241071001,0.227678999,0.228795007,293529600
1994-06-10,0.196065485,0.236607,0.244420007,0.235490993,0.242188007,142732800
1994-06-13,0.199764565,0.241071001,0.242745996,0.235490993,0.235490993,92904000
1994-06-14,0.200227007,0.241629004,0.244420007,0.237722993,0.243303999,154358400
1994-06-15,0.205776438,0.248326004,0.25,0.239954993,0.241071001,159476800
1994-06-16,0.195140705,0.235490993,0.247768,0.233259007,0.247768,218220800
1994-06-17,0.196065485,0.236607,0.238839,0.231027007,0.232143,224492800
1994-06-20,0.200690255,0.242188007,0.243303999,0.232143,0.234375,199897600
1994-06-21,0.192366362,0.232143,0.243303999,0.229911,0.239954993,243275200
1994-06-22,0.194215983,0.234375,0.238839,0.232143,0.234375,113859200
1994-06-23,0.185892105,0.224329993,0.234375,0.222097993,0.234375,203896000
1994-06-24,0.189476028,0.228654996,0.233259007,0.220982,0.224329993,292857600
1994-06-27,0.194215983,0.234375,0.234375,0.219865993,0.225446001,255953600
1994-06-28,0.197915033,0.238839,0.242188007,0.228795007,0.234375,174227200
1994-06-29,0.193291187,0.233259007,0.242188007,0.231027007,0.238839,135564800
1994-06-30,0.196065485,0.236607,0.239954993,0.234375,0.234375,101729600
1994-07-01,0.190516829,0.229911,0.236607,0.226563007,0.235490993,179278400
1994-07-05,0.196065485,0.236607,0.238839,0.228795007,0.228795007,85848000
1994-07-06,0.193291187,0.233259007,0.236607,0.232143,0.234375,97384000
1994-07-07,0.19837743,0.239397004,0.241071001,0.227678999,0.231027007,170150400
1994-07-08,0.200227007,0.241629004,0.246652007,0.236607,0.236607,208230400
1994-07-11,0.199764565,0.241071001,0.244420007,0.237722993,0.242188007,106422400
1994-07-12,0.209937975,0.253347993,0.253906012,0.235490993,0.241071001,242312000
1994-07-13,0.219648913,0.265067011,0.270089,0.254464,0.254464,450262400
1994-07-14,0.211787552,0.255580008,0.265625,0.252231985,0.264508992,180667200
1994-07-15,0.209013239,0.252231985,0.255580008,0.245536,0.252092987,94964800
1994-07-18,0.209937975,0.253347993,0.258929014,0.25,0.251116008,76428800
1994-07-19,0.204851702,0.247209996,0.256695986,0.244420007,0.255580008,116368000
1994-07-20,0.196990237,0.237722993,0.246652007,0.235490993,0.244420007,217369600
1994-07-21,0.207163647,0.25,0.254464,0.236607,0.237722993,289475200
1994-07-22,0.229360029,0.276786,0.285434991,0.267856985,0.282366008,786576000
1994-07-25,0.234446287,0.282923996,0.284597993,0.274554014,0.277902007,422654400
1994-07-26,0.232134312,0.280133992,0.285714,0.277902007,0.283481985,188809600
1994-07-27,0.229822412,0.277343988,0.280133992,0.273438007,0.279018015,133784000
1994-07-28,0.235833436,0.284597993,0.286830008,0.275669992,0.276786,245313600
1994-07-29,0.249243483,0.300781012,0.303570986,0.284597993,0.284597993,555766400
1994-08-01,0.246931642,0.297991008,0.301339,0.292411,0.300222993,229275200
1994-08-02,0.240920573,0.290737003,0.300222993,0.289063007,0.299106985,269561600
1994-08-03,0.245081991,0.295758992,0.296875,0.286830008,0.292411,226844800
1994-08-04,0.246006921,0.296875,0.301339,0.295758992,0.295758992,184755200
1994-08-05,0.246006921,0.296875,0.297991008,0.293527007,0.293527007,87012800
1994-08-08,0.249705881,0.301339,0.303570986,0.294643015,0.295758992,141276800
1994-08-09,0.248781145,0.300222993,0.302455008,0.295758992,0.299106985,78601600
1994-08-10,0.256180257,0.309152007,0.311383992,0.296875,0.300222993,253568000
1994-08-11,0.253868252,0.306362003,0.313616008,0.302455008,0.305804014,298088000
1994-08-12,0.257104963,0.310268015,0.313616008,0.302455008,0.306919992,179648000
1994-08-15,0.257067621,0.309152007,0.3125,0.305804014,0.310268015,120075200
1994-08-16,0.257995576,0.310268015,0.310268015,0.303570986,0.306919992,155736000
1994-08-17,0.259851515,0.3125,0.315847993,0.309152007,0.311383992,286182400
1994-08-18,0.257067621,0.309152007,0.314731985,0.308036,0.310268015,206259200
1994-08-19,0.25892359,0.311383992,0.3125,0.305804014,0.310268015,130547200
1994-08-22,0.25892359,0.311383992,0.3125,0.309152007,0.310268015,152420800
1994-08-23,0.259851515,0.3125,0.320313007,0.310268015,0.311383992,214446400
1994-08-24,0.25892359,0.311383992,0.3125,0.306919992,0.310268015,171584000
1994-08-25,0.260315537,0.313057989,0.324777007,0.305804014,0.305804014,298793600
1994-08-26,0.265419602,0.319195986,0.322544992,0.314731985,0.314731985,204198400
1994-08-29,0.262635469,0.315847993,0.322544992,0.314731985,0.319195986,152107200
1994-08-30,0.269132167,0.323661,0.324777007,0.313616008,0.314731985,182078400
1994-08-31,0.268668234,0.323103011,0.333705008,0.319195986,0.321429014,351836800
1994-09-01,0.259851515,0.3125,0.319195986,0.309152007,0.315847993,204288000
1994-09-02,0.262635469,0.315847993,0.316964,0.3125,0.314731985,101304000
1994-09-06,0.264027566,0.317521989,0.318080008,0.3125,0.314731985,91425600
1994-09-07,0.268204212,0.322544992,0.327008992,0.315847993,0.318080008,203896000
1994-09-08,0.268204212,0.322544992,0.323661,0.318080008,0.321429014,158838400
1994-09-09,0.265419602,0.319195986,0.321429014,0.315847993,0.319195986,157236800
1994-09-12,0.265419602,0.319195986,0.319195986,0.315847993,0.318080008,90540800
1994-09-13,0.265883446,0.319754004,0.323661,0.318080008,0.319195986,104227200
1994-09-14,0.260779589,0.313616008,0.319195986,0.3125,0.318080008,99086400
1994-09-15,0.267276138,0.321429014,0.322544992,0.313616008,0.313616008,258955200
1994-09-16,0.270060092,0.324777007,0.332589,0.316964,0.320313007,364145600
1994-09-19,0.263563514,0.316964,0.328125,0.316964,0.324777007,174350400
1994-09-20,0.256603509,0.308593988,0.315847993,0.306919992,0.313616008,197254400
1994-09-21,0.253355801,0.304688007,0.309152007,0.301339,0.308036,234841600
1994-09-22,0.251498908,0.302455008,0.305804014,0.300222993,0.305804014,146238400
1994-09-23,0.25196287,0.303012997,0.308036,0.302455008,0.302455008,132876800
1994-09-26,0.25196287,0.303012997,0.308036,0.300222993,0.302455008,141702400
1994-09-27,0.251498908,0.302455008,0.304688007,0.297991008,0.301339,109088000
1994-09-28,0.251498908,0.302455008,0.306919992,0.300222993,0.303570986,81267200
1994-09-29,0.253355801,0.304688007,0.306919992,0.297991008,0.301339,109379200
1994-09-30,0.250106871,0.300781012,0.308036,0.300222993,0.304688007,71702400
1994-10-03,0.245930955,0.295758992,0.301339,0.290179014,0.300222993,129595200
1994-10-04,0.250570863,0.301339,0.303570986,0.294643015,0.296875,162388800
1994-10-05,0.281196833,0.338169992,0.340402007,0.297991008,0.300222993,709800000
1994-10-06,0.269132167,0.323661,0.334681988,0.321429014,0.333705008,526915200
1994-10-07,0.274700075,0.330356985,0.330915004,0.316964,0.322544992,364392000
1994-10-10,0.28862074,0.347097993,0.353794992,0.330356985,0.331472993,523409600
1994-10-11,0.294189423,0.353794992,0.373883992,0.351563007,0.369419992,842307200
1994-10-12,0.312749833,0.376116008,0.380580008,0.349330008,0.353794992,597318400
1994-10-13,0.305325985,0.367188007,0.382813007,0.362722993,0.380580008,525302400
1994-10-14,0.305325985,0.367188007,0.375,0.364955008,0.370536,176052800
1994-10-17,0.295117259,0.354911,0.370536,0.347097993,0.364955008,303990400
1994-10-18,0.30625397,0.368304014,0.371652007,0.361606985,0.362722993,468686400
1994-10-19,0.30625397,0.368304014,0.376116008,0.366070986,0.366070986,351086400
1994-10-20,0.304397136,0.366070986,0.373326004,0.361606985,0.368304014,218142400
1994-10-21,0.316461831,0.380580008,0.381695986,0.363839,0.363839,322705600
1994-10-24,0.313677788,0.377231985,0.385044992,0.373883992,0.381695986,204500800
1994-10-25,0.316461831,0.380580008,0.380580008,0.370536,0.371652007,301481600
1994-10-26,0.32110253,0.386161,0.386299998,0.380580008,0.380580008,196772800
1994-10-27,0.317389697,0.381695986,0.390625,0.379464,0.386161,159409600
1994-10-28,0.312749833,0.376116008,0.382813007,0.372768015,0.378347993,273324800
1994-10-31,0.320638567,0.385603011,0.387277007,0.370536,0.375,355902400
1994-11-01,0.320174575,0.385044992,0.388253003,0.378347993,0.382813007,218097600
1994-11-02,0.307181925,0.369419992,0.386161,0.369419992,0.385044992,218747200
1994-11-03,0.308109909,0.370536,0.375,0.366070986,0.372768015,110521600
1994-11-04,0.299757242,0.360491008,0.371652007,0.357143015,0.370536,192046400
1994-11-07,0.302541137,0.363839,0.368304014,0.358258992,0.360491008,113041600
1994-11-08,0.313677788,0.377231985,0.380580008,0.359375,0.362722993,348969600
1994-11-09,0.309038043,0.371652007,0.383929014,0.366070986,0.381695986,406336000
1994-11-10,0.306717932,0.368862003,0.373883992,0.366070986,0.372768015,152980800
1994-11-11,0.305325985,0.367188007,0.370536,0.366070986,0.368304014,62272000
1994-11-14,0.315533757,0.379464,0.381695986,0.368304014,0.368304014,139630400
1994-11-15,0.307181925,0.369419992,0.383929014,0.368304014,0.379464,167619200
1994-11-16,0.303933144,0.365512997,0.371093988,0.362722993,0.363839,187398400
1994-11-17,0.296973348,0.357143015,0.366070986,0.356027007,0.364955008,150438400
1994-11-18,0.297866493,0.357143015,0.361606985,0.353794992,0.357143015,147033600
1994-11-21,0.283904225,0.340402007,0.359375,0.339286,0.357143015,202596800
1994-11-22,0.278318703,0.333705008,0.349330008,0.332589,0.337054014,224336000
1994-11-23,0.274595469,0.329241008,0.338169992,0.324777007,0.330356985,327812800
1994-11-25,0.281111777,0.337054014,0.337054014,0.328125,0.329241008,84224000
1994-11-28,0.2815772,0.337612003,0.341518015,0.333146989,0.335938007,138678400
1994-11-29,0.284834981,0.341518015,0.34375,0.337054014,0.339286,144132800
1994-11-30,0.277387738,0.332589,0.351563007,0.330356985,0.342633992,312032000
1994-12-01,0.269476295,0.323103011,0.335938007,0.321429014,0.330356985,309321600
1994-12-02,0.272268772,0.326451004,0.328125,0.318080008,0.325893015,172256000
1994-12-05,0.276922464,0.332031012,0.333705008,0.322544992,0.325893015,180275200
1994-12-06,0.279714763,0.335379004,0.342633992,0.329241008,0.330356985,238089600
1994-12-07,0.272734046,0.327008992,0.337612003,0.321987003,0.334820986,137300800
1994-12-08,0.267149299,0.320313007,0.330356985,0.319195986,0.329241008,169859200
1994-12-09,0.269941717,0.323661,0.324777007,0.310268015,0.320313007,260724800
1994-12-12,0.27180317,0.325893015,0.328125,0.316964,0.324777007,224078400
1994-12-13,0.270872414,0.324777007,0.329798996,0.323661,0.327008992,119201600
1994-12-14,0.282042593,0.338169992,0.340402007,0.325893015,0.325893015,311427200
1994-12-15,0.276457101,0.331472993,0.342633992,0.329241008,0.339286,227595200
1994-12-16,0.277387738,0.332589,0.337054014,0.328125,0.332589,179782400
1994-12-19,0.291350365,0.349330008,0.351563007,0.332589,0.332589,332819200
1994-12-20,0.286696553,0.34375,0.350445986,0.342633992,0.349330008,175145600
1994-12-21,0.285765588,0.342633992,0.34375,0.334820986,0.338169992,157438400
1994-12-22,0.28762722,0.344866008,0.347097993,0.341518015,0.34375,133078400
1994-12-23,0.289488822,0.347097993,0.351563007,0.34375,0.34375,93889600
1994-12-27,0.291350365,0.349330008,0.354911,0.347097993,0.350445986,81916800
1994-12-28,0.291350365,0.349330008,0.350445986,0.341518015,0.349330008,89163200
1994-12-29,0.294143528,0.352679014,0.356027007,0.349330008,0.350445986,121340800
1994-12-30,0.290419459,0.348214,0.356027007,0.345981985,0.351563007,73091200
1995-01-03,0.285765588,0.342633992,0.347097993,0.338169992,0.347097993,103868800
1995-01-04,0.293212742,0.351563007,0.353794992,0.344866008,0.344866008,158681600
1995-01-05,0.289488822,0.347097993,0.351563007,0.345981985,0.350445986,73640000
1995-01-06,0.312759817,0.375,0.385044992,0.367188007,0.371652007,1076622400
1995-01-09,0.306825668,0.367884994,0.373883992,0.366070986,0.371652007,274086400
1995-01-10,0.325325966,0.390067011,0.392856985,0.368304014,0.368304014,614790400
1995-01-11,0.348131686,0.417411,0.429129004,0.381137997,0.390625,873824000
1995-01-12,0.337892324,0.405133992,0.414063007,0.399554014,0.411830008,551779200
1995-01-13,0.334169149,0.400669992,0.411830008,0.396205008,0.411830008,351377600
1995-01-16,0.331376046,0.397320986,0.404018015,0.395089,0.400669992,188977600
1995-01-17,0.335100055,0.401786,0.40625,0.393972993,0.397320986,330108800
1995-01-18,0.339753807,0.407366008,0.407366008,0.399554014,0.401786,127657600
1995-01-19,0.341615319,0.409597993,0.410714,0.401786,0.40625,314294400
1995-01-20,0.317413628,0.380580008,0.419643015,0.379464,0.419643015,1000361600
1995-01-23,0.3146213,0.377231985,0.380580008,0.366070986,0.373883992,398540800
1995-01-24,0.309967399,0.371652007,0.378347993,0.369419992,0.377231985,218097600
1995-01-25,0.305196881,0.365931988,0.375,0.352679014,0.352679014,517070400
1995-01-26,0.294143528,0.352679014,0.370536,0.350445986,0.364955008,246388800
1995-01-27,0.296935767,0.356027007,0.360491008,0.348214,0.356027007,298569600
1995-01-30,0.298797339,0.358258992,0.361606985,0.356027007,0.358258992,230585600
1995-01-31,0.300658792,0.360491008,0.364955008,0.357143015,0.361606985,212777600
1995-02-01,0.298797339,0.358258992,0.363839,0.356027007,0.363839,158368000
1995-02-02,0.309967399,0.371652007,0.373883992,0.358258992,0.358258992,203582400
1995-02-03,0.301589727,0.361606985,0.376116008,0.360491008,0.375,319211200
1995-02-06,0.301589727,0.361606985,0.363839,0.352679014,0.363839,243028800
1995-02-07,0.303916544,0.364396989,0.366070986,0.357143015,0.360491008,201600000
1995-02-08,0.315086722,0.377790004,0.378347993,0.364955008,0.366070986,402864000
1995-02-09,0.324860603,0.389508992,0.391741008,0.376116008,0.376116008,475395200
1995-02-10,0.325791329,0.390625,0.394531012,0.387277007,0.389508992,350963200
1995-02-13,0.326687008,0.390625,0.397320986,0.386161,0.388393015,283371200
1995-02-14,0.320620418,0.383370996,0.393972993,0.380580008,0.390625,165614400
1995-02-15,0.317819566,0.380021989,0.388393015,0.379464,0.386161,184475200
1995-02-16,0.322487086,0.385603011,0.386161,0.380580008,0.385044992,218780800
1995-02-17,0.317352951,0.379464,0.383929014,0.379464,0.382813007,121788800
1995-02-21,0.306152076,0.366070986,0.381695986,0.364955008,0.380580008,301582400
1995-02-22,0.304752111,0.364396989,0.366070986,0.358258992,0.362722993,293417600
1995-02-23,0.300085425,0.358817011,0.373883992,0.357143015,0.367188007,314708800
1995-02-24,0.291217923,0.348214,0.360491008,0.34375,0.358258992,568814400
1995-02-27,0.285618067,0.341518015,0.348214,0.340261996,0.341518015,268811200
1995-02-28,0.294952214,0.352679014,0.356027007,0.339286,0.34375,222969600
1995-03-01,0.298685402,0.357143015,0.358258992,0.351981014,0.354911,224448000
1995-03-02,0.298685402,0.357143015,0.363839,0.354911,0.358258992,268744000
1995-03-03,0.300552249,0.359375,0.363281012,0.352679014,0.354911,145768000
1995-03-06,0.296818733,0.354911,0.357143015,0.352679014,0.354911,132720000
1995-03-07,0.286084682,0.342076004,0.356027007,0.341518015,0.356027007,150785600
1995-03-08,0.295418799,0.353237003,0.358258992,0.337054014,0.345981985,364873600
1995-03-09,0.296818733,0.354911,0.360491008,0.351563007,0.356027007,196683200
1995-03-10,0.294952214,0.352679014,0.360491008,0.351563007,0.353794992,137412800
1995-03-13,0.284684777,0.340402007,0.353794992,0.339286,0.353794992,325752000
1995-03-14,0.261349648,0.3125,0.341518015,0.308036,0.341518015,727865600
1995-03-15,0.261349648,0.3125,0.323661,0.311383992,0.316964,730968000
1995-03-16,0.263216287,0.314731985,0.321429014,0.3125,0.314731985,316736000
1995-03-17,0.262283057,0.313616008,0.316964,0.311383992,0.316964,215644800
1995-03-20,0.263216287,0.314731985,0.318080008,0.3125,0.313616008,189884800
1995-03-21,0.270683855,0.323661,0.328125,0.314731985,0.316964,305368000
1995-03-22,0.284217983,0.339843988,0.352679014,0.323661,0.323661,479147200
1995-03-23,0.27721715,0.331472993,0.339286,0.330217987,0.338169992,170094400
1995-03-24,0.28188464,0.337054014,0.338169992,0.332589,0.333705008,128116800
1995-03-27,0.277683824,0.332031012,0.335938007,0.327008992,0.335938007,142800000
1995-03-28,0.256683052,0.306919992,0.324497998,0.304688007,0.323661,689796800
1995-03-29,0.256683052,0.306919992,0.311383992,0.302455008,0.303570986,496876800
1995-03-30,0.264149696,0.315847993,0.316964,0.308036,0.309152007,273414400
1995-03-31,0.263216287,0.314731985,0.318080008,0.310268015,0.313616008,183243200
1995-04-03,0.265083104,0.316964,0.319195986,0.313616008,0.316964,154302400
1995-04-04,0.25294885,0.302455008,0.320313007,0.300222993,0.319195986,428198400
1995-04-05,0.25948295,0.310268015,0.310268015,0.301339,0.304688007,264857600
1995-04-06,0.274417102,0.328125,0.339286,0.31724301,0.332589,722825600
1995-04-07,0.274417102,0.328125,0.331472993,0.323661,0.330356985,295724800
1995-04-10,0.273483872,0.327008992,0.330356985,0.322544992,0.329241008,117801600
1995-04-11,0.28188464,0.337054014,0.338169992,0.327008992,0.328125,214513600
1995-04-12,0.291217923,0.348214,0.353794992,0.333705008,0.341518015,474712000
1995-04-13,0.285618067,0.341518015,0.350445986,0.338169992,0.350445986,174361600
1995-04-17,0.286551237,0.342633992,0.351563007,0.338169992,0.340402007,208812800
1995-04-18,0.280017167,0.334820986,0.344866008,0.334820986,0.34375,231134400
1995-04-19,0.271617115,0.324777007,0.334820986,0.318080008,0.334820986,279428800
1995-04-20,0.280951262,0.335938007,0.34375,0.327008992,0.331472993,329504000
1995-04-21,0.292151362,0.349330008,0.352679014,0.331472993,0.332589,666624000
1995-04-24,0.291217923,0.348214,0.353794992,0.34375,0.348214,272238400
1995-04-25,0.28188464,0.337054014,0.351563007,0.332589,0.349330008,273638400
1995-04-26,0.285618067,0.341518015,0.345981985,0.333705008,0.335938007,230440000
1995-04-27,0.282818019,0.338169992,0.34375,0.337054014,0.34375,139865600
1995-04-28,0.285618067,0.341518015,0.342633992,0.334820986,0.339286,195316800
1995-05-01,0.285618067,0.341518015,0.345981985,0.339286,0.341518015,177956800
1995-05-02,0.284684777,0.340402007,0.342633992,0.334820986,0.341518015,120008000
1995-05-03,0.284684777,0.340402007,0.344866008,0.339286,0.341518015,168784000
1995-05-04,0.287484765,0.34375,0.356027007,0.339286,0.341518015,303643200
1995-05-05,0.290284693,0.347097993,0.349330008,0.340402007,0.345981985,208006400
1995-05-08,0.302418888,0.361606985,0.366070986,0.354911,0.356027007,386971200
1995-05-09,0.308019608,0.368304014,0.369419992,0.357143015,0.362722993,322929600
1995-05-10,0.309419572,0.369978011,0.373883992,0.363839,0.370536,275072000
1995-05-11,0.306152076,0.366070986,0.371652007,0.360491008,0.371652007,523622400
1995-05-12,0.325753748,0.389508992,0.390067011,0.361606985,0.364955008,647953600
1995-05-15,0.325753748,0.389508992,0.390625,0.379464,0.385044992,393355200
1995-05-16,0.326687008,0.390625,0.396205008,0.379464,0.385044992,332516800
1995-05-17,0.328553736,0.392856985,0.396205008,0.388393015,0.390625,263144000
1995-05-18,0.323887199,0.387277007,0.393972993,0.386161,0.393972993,371571200
1995-05-19,0.319219559,0.381695986,0.390625,0.380580008,0.382813007,322593600
1995-05-22,0.329487115,0.393972993,0.393972993,0.377231985,0.379464,371884800
1995-05-23,0.327620447,0.391741008,0.396205008,0.388393015,0.393972993,276662400
1995-05-24,0.324820429,0.388393015,0.395089,0.382813007,0.390625,264667200
1995-05-25,0.323887199,0.387277007,0.392856985,0.383929014,0.386161,182862400
1995-05-26,0.319636881,0.381137997,0.385044992,0.377231985,0.383929014,114553600
1995-05-30,0.314489275,0.375,0.382813007,0.370536,0.380580008,196380800
1995-05-31,0.311213672,0.371093988,0.376116008,0.366070986,0.376116008,159532800
1995-06-01,0.315893263,0.376673996,0.379464,0.372768015,0.373883992,186726400
1995-06-02,0.315425307,0.376116008,0.378347993,0.370536,0.373883992,105694400
1995-06-05,0.325721234,0.388393015,0.388393015,0.376116008,0.378347993,254654400
1995-06-06,0.329464942,0.392856985,0.396205008,0.388393015,0.389508992,315268800
1995-06-07,0.322913378,0.385044992,0.393972993,0.385044992,0.393972993,124521600
1995-06-08,0.321509659,0.383370996,0.387277007,0.376116008,0.387277007,136136000
1995-06-09,0.325721234,0.388393015,0.390625,0.385044992,0.389508992,186625600
1995-06-12,0.330752134,0.394392014,0.397320986,0.391741008,0.392856985,212116800
1995-06-13,0.329464942,0.392856985,0.398438007,0.391741008,0.397320986,125944000
1995-06-14,0.326657057,0.389508992,0.391741008,0.387277007,0.391741008,118048000
1995-06-15,0.326657057,0.389508992,0.390625,0.387277007,0.389508992,92758400
1995-06-16,0.32852906,0.391741008,0.392856985,0.388393015,0.391741008,89208000
1995-06-19,0.332272589,0.396205008,0.404018015,0.388393015,0.391741008,469537600
1995-06-20,0.354736388,0.422991008,0.426339,0.410714,0.410714,738528000
1995-06-21,0.369712025,0.440847993,0.447544992,0.417411,0.425222993,626012800
1995-06-22,0.367840052,0.438616008,0.443080008,0.434152007,0.4375,473916800
1995-06-23,0.365032405,0.435268015,0.4375,0.426339,0.435268015,231963200
1995-06-26,0.360352784,0.429688007,0.433036,0.425222993,0.430804014,152779200
1995-06-27,0.347249061,0.414063007,0.430804014,0.414063007,0.422991008,217100800
1995-06-28,0.349120826,0.416294992,0.424106985,0.405133992,0.410714,266358400
1995-06-29,0.353800535,0.421875,0.429688007,0.410714,0.414063007,232556800
1995-06-30,0.347717047,0.414620996,0.427455008,0.411830008,0.421875,165491200
1995-07-03,0.351460725,0.419084996,0.420758992,0.412945986,0.415179014,39390400
1995-07-05,0.348185003,0.415179014,0.427455008,0.415179014,0.418527007,177060800
1995-07-06,0.351928651,0.419643015,0.419643015,0.408481985,0.415179014,184094400
1995-07-07,0.364096433,0.434152007,0.439731985,0.417411,0.418527007,387116800
1995-07-10,0.364096433,0.434152007,0.445313007,0.429688007,0.434152007,297931200
1995-07-11,0.352864623,0.420758992,0.434152007,0.420201004,0.426339,214692800
1995-07-12,0.351928651,0.419643015,0.428570986,0.411830008,0.421875,283808000
1995-07-13,0.356608212,0.425222993,0.435268015,0.420758992,0.422991008,352329600
1995-07-14,0.365032405,0.435268015,0.4375,0.419643015,0.422991008,277928000
1995-07-17,0.366904229,0.4375,0.444195986,0.434152007,0.436383992,226161600
1995-07-18,0.360352784,0.429688007,0.442521989,0.426339,0.4375,254632000
1995-07-19,0.340696722,0.40625,0.428570986,0.401786,0.419643015,521035200
1995-07-20,0.352396578,0.420201004,0.422991008,0.401786,0.410714,331273600
1995-07-21,0.327592999,0.390625,0.400669992,0.383929014,0.383929014,757881600
1995-07-24,0.3397609,0.405133992,0.40625,0.390625,0.392856985,214625600
1995-07-25,0.342568606,0.408481985,0.414063007,0.407366008,0.410714,263524800
1995-07-26,0.3397609,0.405133992,0.412945986,0.405133992,0.412945986,171449600
1995-07-27,0.350524724,0.417968988,0.424106985,0.40625,0.40625,325180800
1995-07-28,0.340696722,0.40625,0.421875,0.401786,0.417411,260937600
1995-07-31,0.336953163,0.401786,0.407366008,0.399554014,0.40625,158524800
1995-08-01,0.325721234,0.388393015,0.400669992,0.388393015,0.400669992,210918400
1995-08-02,0.332272589,0.396205008,0.401786,0.390625,0.391741008,275128000
1995-08-03,0.336953163,0.401786,0.407366008,0.391741008,0.393972993,213931200
1995-08-04,0.331336737,0.395089,0.402902007,0.390625,0.401786,192315200
1995-08-07,0.324785382,0.387277007,0.398438007,0.385044992,0.393972993,193760000
1995-08-08,0.318233013,0.379464,0.390625,0.378347993,0.389508992,234595200
1995-08-09,0.322913378,0.385044992,0.390625,0.379464,0.380580008,369017600
1995-08-10,0.320104778,0.381695986,0.386161,0.380580008,0.385044992,164024000
1995-08-11,0.322445482,0.384487003,0.385044992,0.373883992,0.382813007,206931200
1995-08-14,0.324785382,0.387277007,0.390625,0.382813007,0.383929014,167406400
1995-08-15,0.329932809,0.393415004,0.393972993,0.385044992,0.391741008,317867200
1995-08-16,0.334118098,0.397320986,0.397320986,0.389508992,0.392856985,292633600
1995-08-17,0.335057497,0.398438007,0.40625,0.393972993,0.398438007,246892800
1995-08-18,0.336934477,0.400669992,0.402902007,0.390625,0.400669992,241158400
1995-08-21,0.331302732,0.393972993,0.405133992,0.393972993,0.400669992,271779200
1995-08-22,0.335995942,0.399554014,0.402902007,0.393972993,0.396205008,217044800
1995-08-23,0.341626853,0.40625,0.409597993,0.398438007,0.400669992,253803200
1995-08-24,0.343503743,0.408481985,0.412945986,0.40625,0.407366008,287929600
1995-08-25,0.335995942,0.399554014,0.409597993,0.398438007,0.409597993,134344000
1995-08-28,0.322856545,0.383929014,0.401786,0.383929014,0.400669992,243040000
1995-08-29,0.323794842,0.385044992,0.386161,0.379464,0.383929014,317060800
1995-08-30,0.325671881,0.387277007,0.390625,0.385044992,0.386161,153473600
1995-08-31,0.322856545,0.383929014,0.388393015,0.383929014,0.387277007,87864000
1995-09-01,0.322387218,0.383370996,0.388393015,0.382813007,0.383929014,98380800
1995-09-05,0.326610386,0.388393015,0.388393015,0.381695986,0.388393015,179972800
1995-09-06,0.328487247,0.390625,0.394392014,0.388393015,0.391741008,200760000
1995-09-07,0.335995942,0.399554014,0.404576004,0.390625,0.392856985,262326400
1995-09-08,0.335995942,0.399554014,0.400669992,0.397320986,0.399554014,174776000
1995-09-11,0.332241297,0.395089,0.40625,0.395089,0.400669992,172491200
1995-09-12,0.322387218,0.383370996,0.400669992,0.380580008,0.397320986,326256000
1995-09-13,0.318163306,0.378347993,0.387277007,0.375,0.382813007,322750400
1995-09-14,0.300331384,0.357143015,0.371652007,0.354911,0.369419992,550558400
1995-09-15,0.269359976,0.320313007,0.356027007,0.316964,0.333705008,1211963200
1995-09-18,0.275460094,0.327567011,0.328682989,0.320313007,0.324777007,621488000
1995-09-19,0.275929332,0.328125,0.331472993,0.322544992,0.328125,490022400
1995-09-20,0.274990767,0.327008992,0.333705008,0.325893015,0.332589,321809600
1995-09-21,0.277806282,0.330356985,0.334820986,0.324777007,0.325893015,347334400
1995-09-22,0.278275669,0.330915004,0.332589,0.324777007,0.329241008,398641600
1995-09-25,0.281677872,0.334960997,0.341657013,0.333705008,0.341518015,315212800
1995-09-26,0.280621767,0.333705008,0.338169992,0.331472993,0.337054014,250902400
1995-09-27,0.272175342,0.323661,0.334820986,0.310268015,0.334820986,451236800
1995-09-28,0.283437937,0.337054014,0.338169992,0.325893015,0.325893015,331184000
1995-09-29,0.279683173,0.332589,0.341518015,0.329241008,0.339286,283416000
1995-10-02,0.282499373,0.335938007,0.34375,0.334820986,0.337054014,392000000
1995-10-03,0.282499373,0.335938007,0.34375,0.331472993,0.340402007,289822400
1995-10-04,0.273113877,0.324777007,0.330356985,0.321429014,0.327008992,266772800
1995-10-05,0.274052292,0.325893015,0.327008992,0.320313007,0.323661,244070400
1995-10-06,0.267951488,0.318637997,0.330356985,0.318080008,0.328125,309041600
1995-10-09,0.261382192,0.310826004,0.319195986,0.306919992,0.315847993,372568000
1995-10-10,0.260443628,0.309709996,0.3125,0.300222993,0.306919992,400265600
1995-10-11,0.26185137,0.311383992,0.318080008,0.304688007,0.314731985,332875200
1995-10-12,0.265136003,0.315290004,0.315847993,0.310268015,0.3125,162052800
1995-10-13,0.270298451,0.321429014,0.329241008,0.316964,0.319195986,235188800
1995-10-16,0.271236956,0.322544992,0.330356985,0.320313007,0.323661,182067200
1995-10-17,0.274990767,0.327008992,0.329241008,0.320313007,0.325893015,178617600
1995-10-18,0.280621767,0.333705008,0.353237003,0.328125,0.330356985,512400000
1995-10-19,0.260912895,0.310268015,0.322544992,0.310268015,0.320313007,944899200
1995-10-20,0.26372835,0.313616008,0.314731985,0.309152007,0.314731985,386332800
1995-10-23,0.26372835,0.313616008,0.313616008,0.310268015,0.313616008,197803200
1995-10-24,0.26372835,0.313616008,0.316964,0.311383992,0.316964,213494400
1995-10-25,0.260912895,0.310268015,0.315847993,0.310268015,0.314731985,133302400
1995-10-26,0.26185137,0.311383992,0.3125,0.308036,0.311383992,125865600
1995-10-27,0.260912895,0.310268015,0.311383992,0.304688007,0.311383992,154212800
1995-10-30,0.264666796,0.314731985,0.314731985,0.309152007,0.311383992,175638400
1995-10-31,0.272644669,0.324218988,0.327008992,0.313616008,0.314731985,289217600
1995-11-01,0.274990767,0.327008992,0.331472993,0.316964,0.327008992,193233600
1995-11-02,0.274990767,0.327008992,0.329241008,0.323661,0.329241008,152756800
1995-11-03,0.274052292,0.325893015,0.329241008,0.320313007,0.328125,179435200
1995-11-06,0.286253482,0.340402007,0.345981985,0.324777007,0.325893015,311774400
1995-11-07,0.297515988,0.353794992,0.361606985,0.334820986,0.337054014,736388800
1995-11-08,0.291884333,0.347097993,0.366070986,0.345981985,0.354911,358825600
1995-11-09,0.295639038,0.351563007,0.357143015,0.347097993,0.354911,260108800
1995-11-10,0.298454374,0.354911,0.359375,0.347097993,0.351563007,223115200
1995-11-13,0.30690065,0.364955008,0.368304014,0.357143015,0.359375,317374400
1995-11-14,0.31159398,0.370536,0.379464,0.366070986,0.366070986,407276800
1995-11-15,0.307839125,0.366070986,0.375,0.358258992,0.375,248136000
1995-11-16,0.299862087,0.356584996,0.370536,0.352679014,0.364955008,226228800
1995-11-17,0.301269799,0.358258992,0.360491008,0.354911,0.357143015,128531200
1995-11-20,0.290007263,0.344866008,0.359375,0.34375,0.359375,148456000
1995-11-21,0.290910721,0.344866008,0.345981985,0.338169992,0.345981985,191609600
1995-11-22,0.290910721,0.344866008,0.350445986,0.34375,0.344866008,98806400
1995-11-24,0.302679032,0.358817011,0.360491008,0.345981985,0.347097993,109950400
1995-11-27,0.296560019,0.351563007,0.362722993,0.351563007,0.362722993,115875200
1995-11-28,0.301266998,0.357143015,0.358258992,0.350445986,0.351563007,176288000
1995-11-29,0.2956177,0.350445986,0.358258992,0.348214,0.358258992,105268800
1995-11-30,0.287145227,0.340402007,0.348214,0.339286,0.347097993,174854400
1995-12-01,0.283379436,0.335938007,0.341518015,0.331472993,0.339286,204209600
1995-12-04,0.297501445,0.352679014,0.358258992,0.348214,0.358258992,480681600
1995-12-05,0.297501445,0.352679014,0.356027007,0.341518015,0.34375,363596800
1995-12-06,0.291852206,0.345981985,0.356027007,0.342633992,0.354911,201107200
1995-12-07,0.290440023,0.344307989,0.345981985,0.338169992,0.345981985,141926400
1995-12-08,0.296560019,0.351563007,0.351563007,0.338169992,0.345981985,141355200
1995-12-11,0.290910721,0.344866008,0.353794992,0.342633992,0.352679014,111652800
1995-12-12,0.286203712,0.339286,0.344866008,0.339286,0.344866008,177553600
1995-12-13,0.2890279,0.342633992,0.348214,0.328125,0.341518015,684902400
1995-12-14,0.288086623,0.341518015,0.351563007,0.339286,0.347097993,333502400
1995-12-15,0.265491307,0.314731985,0.327008992,0.306919992,0.316964,726880000
1995-12-18,0.242896065,0.287945986,0.314731985,0.284597993,0.313616008,666534400
1995-12-19,0.246662408,0.292411,0.296875,0.287945986,0.292411,430864000
1995-12-20,0.245721042,0.291294992,0.300222993,0.290179014,0.299106985,365736000
1995-12-21,0.244779691,0.290179014,0.292411,0.282366008,0.292411,332875200
1995-12-22,0.242896065,0.287945986,0.293527007,0.286830008,0.291294992,234662400
1995-12-26,0.241483927,0.286271989,0.290179014,0.283481985,0.290179014,139507200
1995-12-27,0.243838191,0.289063007,0.297991008,0.284597993,0.286830008,268564800
1995-12-28,0.241013214,0.285714,0.292411,0.284597993,0.286830008,249995200
1995-12-29,0.240071848,0.284597993,0.289063007,0.282366008,0.285714,304136000
1996-01-02,0.24195458,0.286830008,0.287945986,0.283481985,0.287945986,139294400
1996-01-03,0.24195458,0.286830008,0.293527007,0.284597993,0.285714,429833600
1996-01-04,0.237718448,0.281807989,0.289063007,0.280133992,0.289063007,300182400
1996-01-05,0.257960081,0.305804014,0.305804014,0.280133992,0.282366008,445928000
1996-01-08,0.260784358,0.309152007,0.316964,0.303570986,0.308036,121340800
1996-01-09,0.246662408,0.292411,0.309152007,0.292411,0.309152007,251216000
1996-01-10,0.257960081,0.305804014,0.310268015,0.287945986,0.290179014,365433600
1996-01-11,0.263608485,0.3125,0.3125,0.289063007,0.291294992,756739200
1996-01-12,0.25513503,0.302455008,0.310268015,0.296875,0.310268015,401856000
1996-01-15,0.257018775,0.304688007,0.308036,0.297991008,0.301339,363081600
1996-01-16,0.2603136,0.308593988,0.310268015,0.300222993,0.306919992,352912000
1996-01-17,0.256076485,0.303570986,0.306919992,0.301339,0.306919992,236409600
1996-01-18,0.240542427,0.285156012,0.297991008,0.271205008,0.293527007,698387200
1996-01-19,0.225008652,0.266741008,0.283481985,0.262277007,0.276786,829225600
1996-01-22,0.229715556,0.272320986,0.276786,0.261161,0.265625,499744000
1996-01-23,0.238189071,0.282366008,0.303570986,0.276786,0.301339,988288000
1996-01-24,0.242896065,0.287945986,0.287945986,0.283481985,0.286830008,655894400
1996-01-25,0.227832824,0.270089,0.285714,0.268972993,0.283481985,445200000
1996-01-26,0.230657846,0.273438007,0.279018015,0.255580008,0.271205008,735750400
1996-01-29,0.219360262,0.260044992,0.265625,0.256695986,0.258929014,332595200
1996-01-30,0.2057091,0.243862003,0.251116008,0.239815995,0.241071001,622843200
1996-01-31,0.208062544,0.246652007,0.25,0.244420007,0.247768,328059200
1996-02-01,0.213710934,0.253347993,0.253347993,0.245536,0.245536,333043200
1996-02-02,0.220301643,0.261161,0.264508992,0.256695986,0.257813007,555979200
1996-02-05,0.220301643,0.261161,0.265625,0.258929014,0.265067011,318729600
1996-02-06,0.22312586,0.264508992,0.267856985,0.261161,0.261161,226217600
1996-02-07,0.212769598,0.252231985,0.265625,0.247768,0.265625,360326400
1996-02-08,0.209945366,0.248884007,0.251116008,0.245536,0.245536,263166400
1996-02-09,0.20900397,0.247768,0.254464,0.246652007,0.248884007,205688000
1996-02-12,0.213710934,0.253347993,0.254464,0.25,0.251116008,194275200
1996-02-13,0.211828202,0.251116008,0.257813007,0.248884007,0.25,228502400
1996-02-14,0.208062544,0.246652007,0.252231985,0.244977996,0.252231985,163184000
1996-02-15,0.210886791,0.25,0.251116008,0.244420007,0.246652007,122080000
1996-02-16,0.207121193,0.245536,0.253347993,0.245536,0.251116008,156441600
1996-02-20,0.218418822,0.258929014,0.263393015,0.25,0.25,376913600
1996-02-21,0.22312586,0.264508992,0.265625,0.260044992,0.262277007,221838400
1996-02-22,0.225008652,0.266741008,0.268972993,0.264508992,0.267856985,184184000
1996-02-23,0.225008652,0.266741008,0.270089,0.264508992,0.266741008,173286400
1996-02-26,0.222184464,0.263393015,0.268972993,0.263393015,0.267856985,118283200
1996-02-27,0.2155938,0.255580008,0.266741008,0.254464,0.266741008,149161600
1996-02-28,0.20900397,0.247768,0.257813007,0.246652007,0.257813007,187913600
1996-02-29,0.207121193,0.245536,0.247768,0.243303999,0.245536,112884800
1996-03-01,0.20241341,0.239954993,0.246652007,0.237722993,0.246652007,231134400
1996-03-04,0.197706386,0.234375,0.244420007,0.234375,0.243303999,187555200
1996-03-05,0.200530544,0.237722993,0.238839,0.234375,0.236607,118440000
1996-03-06,0.197235659,0.233816996,0.239954993,0.233259007,0.238839,99052800
1996-03-07,0.194411471,0.230469003,0.235490993,0.226563007,0.234375,260064000
1996-03-08,0.19582358,0.232143,0.234375,0.223214,0.229911,149004800
1996-03-11,0.194882259,0.231027007,0.235490993,0.229911,0.234375,127008000
1996-03-12,0.194411471,0.230469003,0.235490993,0.228795007,0.232143,96152000
1996-03-13,0.193940744,0.229911,0.233259007,0.228795007,0.231027007,99680000
1996-03-14,0.192999423,0.228795007,0.231027007,0.227678999,0.231027007,93363200
1996-03-15,0.194882259,0.231027007,0.232143,0.227678999,0.232143,101382400
1996-03-18,0.196765006,0.233259007,0.233259007,0.229911,0.231584996,109132800
1996-03-19,0.193940744,0.229911,0.236607,0.228795007,0.235490993,124364800
1996-03-20,0.190174311,0.225446001,0.229911,0.224329993,0.229911,115987200
1996-03-21,0.189232945,0.224329993,0.227678999,0.223214,0.227678999,109984000
1996-03-22,0.191116601,0.226563007,0.226563007,0.222097993,0.225446001,107564800
1996-03-25,0.180760294,0.214286,0.229911,0.214286,0.227678999,164371200
1996-03-26,0.179818913,0.213170007,0.21875,0.210938007,0.214286,160798400
1996-03-27,0.190174311,0.225446001,0.225446001,0.205357,0.207589,429296000
1996-03-28,0.182172447,0.215959996,0.228795007,0.215402007,0.220982,295892800
1996-03-29,0.184996635,0.219308004,0.220982,0.212053999,0.216518,166521600
1996-04-01,0.192057967,0.227678999,0.231027007,0.218889996,0.224329993,158636800
1996-04-02,0.188291535,0.223214,0.228795007,0.222097993,0.228795007,101438400
1996-04-03,0.184996635,0.219308004,0.224329993,0.217215002,0.224329993,72240000
1996-04-04,0.181701779,0.215402007,0.219865993,0.214286,0.219865993,86049600
1996-04-08,0.183584571,0.217634007,0.21875,0.212053999,0.213170007,168828800
1996-04-09,0.19582358,0.232143,0.236607,0.217634007,0.222097993,235076800
1996-04-10,0.19582358,0.232143,0.236607,0.231027007,0.233259007,174764800
1996-04-11,0.193940744,0.229911,0.234375,0.227678999,0.233259007,98268800
1996-04-12,0.192057967,0.227678999,0.231027007,0.226563007,0.231027007,81435200
1996-04-15,0.193940744,0.229911,0.229911,0.223214,0.227678999,154078400
1996-04-16,0.194882259,0.231027007,0.232143,0.228795007,0.231027007,101416000
1996-04-17,0.190174311,0.225446001,0.232143,0.224329993,0.231027007,85411200
1996-04-18,0.186408788,0.220982,0.226702005,0.216518,0.226563007,217246400
1996-04-19,0.188762262,0.223772004,0.224329993,0.219865993,0.219865993,101796800
1996-04-22,0.189232945,0.224329993,0.227678999,0.222097993,0.225446001,111115200
1996-04-23,0.186408788,0.220982,0.225446001,0.219865993,0.224329993,169948800
1996-04-24,0.18264316,0.216518,0.220982,0.215959996,0.219865993,128340800
1996-04-25,0.187350139,0.222097993,0.222097993,0.215402007,0.217634007,174406400
1996-04-26,0.186408788,0.220982,0.224329993,0.219865993,0.223214,188865600
1996-04-29,0.186408788,0.220982,0.223214,0.21875,0.223214,121049600
1996-04-30,0.183584571,0.217634007,0.222097993,0.215402007,0.222097993,136662400
1996-05-01,0.183584571,0.217634007,0.220982,0.215402007,0.217634007,112705600
1996-05-02,0.178877547,0.212053999,0.21875,0.209821001,0.21875,188305600
1996-05-03,0.179818913,0.213170007,0.215402007,0.209821001,0.215402007,108460800
1996-05-06,0.192999423,0.228795007,0.231027007,0.220982,0.222097993,289486400
1996-05-07,0.20241341,0.239954993,0.244420007,0.234375,0.235490993,353539200
1996-05-08,0.201471955,0.238839,0.243303999,0.228795007,0.243303999,186793600
1996-05-09,0.196765006,0.233259007,0.236607,0.229911,0.235490993,98078400
1996-05-10,0.205238402,0.243303999,0.244420007,0.232143,0.234375,110588800
1996-05-13,0.203825489,0.241629004,0.246652007,0.237722993,0.242188007,187017600
1996-05-14,0.207121193,0.245536,0.25,0.245536,0.247768,197624000
1996-05-15,0.214652359,0.254464,0.257813007,0.247768,0.248884007,292364800
1996-05-16,0.213710934,0.253347993,0.255580008,0.248884007,0.252231985,130076800
1996-05-17,0.208062544,0.246652007,0.253347993,0.245536,0.253347993,123300800
1996-05-20,0.210416049,0.249441996,0.251116008,0.246652007,0.248884007,84515200
1996-05-21,0.204297066,0.242188007,0.251116008,0.242188007,0.25,114385600
1996-05-22,0.196294263,0.232701004,0.244420007,0.229911,0.244420007,201880000
1996-05-23,0.197706386,0.234375,0.237722993,0.229911,0.233259007,124051200
1996-05-24,0.201471955,0.238839,0.239954993,0.233259007,0.234375,113243200
1996-05-28,0.198647842,0.235490993,0.243303999,0.235490993,0.238839,101852800
1996-05-29,0.187350139,0.222097993,0.234375,0.220982,0.234375,219520000
1996-05-30,0.192057967,0.227678999,0.229911,0.220982,0.222097993,103465600
1996-05-31,0.196765006,0.233259007,0.237722993,0.227678999,0.228795007,162646400
1996-06-03,0.186408788,0.220982,0.232143,0.220982,0.231027007,125462400
1996-06-04,0.182172447,0.215959996,0.217634007,0.213170007,0.214286,762238400
1996-06-05,0.189232945,0.224329993,0.227678999,0.216518,0.226563007,510104000
1996-06-06,0.18264316,0.216518,0.225446001,0.215402007,0.223214,362096000
1996-06-07,0.183584571,0.217634007,0.217634007,0.209821001,0.214286,267769600
1996-06-10,0.181701779,0.215402007,0.21875,0.214286,0.217634007,106366400
1996-06-11,0.180760294,0.214286,0.216518,0.214286,0.216518,153059200
1996-06-12,0.18264316,0.216518,0.21875,0.214286,0.21875,151916800
1996-06-13,0.185467362,0.219865993,0.222516999,0.214286,0.217634007,191419200
1996-06-14,0.180289641,0.213727996,0.220982,0.213170007,0.220982,144961600
1996-06-17,0.177936137,0.210938007,0.215402007,0.210938007,0.215402007,112929600
1996-06-18,0.171345547,0.203125,0.212053999,0.202009007,0.210938007,223227200
1996-06-19,0.174169749,0.206472993,0.208704993,0.202009007,0.206472993,134467200
1996-06-20,0.171345547,0.203125,0.208704993,0.200893,0.208704993,147089600
1996-06-21,0.170404121,0.202009007,0.204240993,0.199777007,0.204240993,161851200
1996-06-24,0.167579919,0.198661,0.202009007,0.197545007,0.202009007,122763200
1996-06-25,0.155340865,0.184152007,0.198661,0.181920007,0.197545007,246960000
1996-06-26,0.149691671,0.177454993,0.185268,0.175222993,0.184152007,404331200
1996-06-27,0.155340865,0.184152007,0.1875,0.176339,0.178571001,229241600
1996-06-28,0.158165127,0.1875,0.1875,0.184152007,0.186384007,115684800
1996-07-01,0.161930695,0.191964,0.191964,0.1875,0.188615993,131980800
1996-07-02,0.158165127,0.1875,0.191964,0.1875,0.190847993,89006400
1996-07-03,0.145926103,0.172990993,0.181920007,0.172990993,0.181920007,288612800
1996-07-05,0.146867484,0.174107,0.176339,0.171875,0.172990993,106153600
1996-07-08,0.144043311,0.170759007,0.177454993,0.169643,0.175222993,188910400
1996-07-09,0.143101856,0.169643,0.175222993,0.169643,0.174107,187824000
1996-07-10,0.14121905,0.167411,0.174107,0.167411,0.170759007,169388800
1996-07-11,0.13462849,0.159597993,0.168527007,0.155134007,0.167411,291155200
1996-07-12,0.136040539,0.161272004,0.164063007,0.154018,0.164063007,268990400
1996-07-15,0.129450753,0.153459996,0.161829993,0.152902007,0.161829993,133224000
1996-07-16,0.127097249,0.150670007,0.155134007,0.142857,0.155134007,289217600
1996-07-17,0.127097249,0.150670007,0.15625,0.148438007,0.155134007,233598400
1996-07-18,0.157223687,0.186384007,0.194196001,0.181779996,0.191964,897052800
1996-07-19,0.156282336,0.185268,0.1875,0.185268,0.186384007,265977600
1996-07-22,0.152516752,0.180803999,0.186384007,0.178571001,0.186384007,152208000
1996-07-23,0.154399529,0.183036,0.184152007,0.180803999,0.183036,130121600
1996-07-24,0.156753018,0.185826004,0.1875,0.177454993,0.178571001,264073600
1996-07-25,0.158165127,0.1875,0.190847993,0.185268,0.188615993,114430400
1996-07-26,0.165697142,0.196428999,0.196428999,0.188615993,0.191964,123681600
1996-07-29,0.167579919,0.198661,0.200893,0.194196001,0.196428999,195697600
1996-07-30,0.160989299,0.190847993,0.203125,0.189732,0.202009007,189403200
1996-07-31,0.165697142,0.196428999,0.196428999,0.189732,0.189732,92780800
1996-08-01,0.160047859,0.189732,0.196428999,0.188615993,0.196428999,110163200
1996-08-02,0.162872061,0.193079993,0.196428999,0.189732,0.193079993,127948800
1996-08-05,0.158165127,0.1875,0.195313007,0.186384007,0.193079993,101012800
1996-08-06,0.161930695,0.191964,0.191964,0.185268,0.1875,93587200
1996-08-07,0.16852133,0.199777007,0.202009007,0.193079993,0.194196001,248460800
1996-08-08,0.166638508,0.197545007,0.199777007,0.195313007,0.199777007,101516800
1996-08-09,0.174169749,0.206472993,0.208704993,0.197545007,0.198661,230787200
1996-08-12,0.173228294,0.205357,0.210938007,0.199777007,0.208704993,151345600
1996-08-13,0.169462711,0.200893,0.206472993,0.199777007,0.204240993,103510400
1996-08-14,0.171345547,0.203125,0.205357,0.202009007,0.202009007,71859200
1996-08-15,0.167579919,0.198661,0.203125,0.198661,0.202009007,107620800
1996-08-16,0.169462711,0.200893,0.202009007,0.197545007,0.202009007,141758400
1996-08-19,0.177936137,0.210938007,0.210938007,0.199777007,0.199777007,226318400
1996-08-20,0.176993936,0.209821001,0.213170007,0.208704993,0.213170007,211758400
1996-08-21,0.173228294,0.205357,0.210938007,0.204240993,0.209821001,113344000
1996-08-22,0.175111145,0.207589,0.207589,0.204240993,0.205357,87684800
1996-08-23,0.179818913,0.213170007,0.214286,0.205357,0.205357,203459200
1996-08-26,0.181701779,0.215402007,0.215402007,0.209821001,0.213170007,89678400
1996-08-27,0.187232912,0.221958995,0.223214,0.214286,0.215402007,289307200
1996-08-28,0.187350139,0.222097993,0.223214,0.21875,0.222097993,163598400
1996-08-29,0.184525892,0.21875,0.222097993,0.217634007,0.222097993,106926400
1996-08-30,0.18264316,0.216518,0.220982,0.216518,0.220982,105728000
1996-09-03,0.181701779,0.215402007,0.217634007,0.213170007,0.215402007,68297600
1996-09-04,0.181701779,0.215402007,0.219865993,0.213170007,0.213170007,101449600
1996-09-05,0.172286928,0.204240993,0.212053999,0.204240993,0.209821001,279585600
1996-09-06,0.173228294,0.205357,0.207589,0.202009007,0.206472993,240833600
1996-09-09,0.165697142,0.196428999,0.203125,0.195313007,0.202009007,148243200
1996-09-10,0.161930695,0.191964,0.197545007,0.191964,0.197545007,155713600
1996-09-11,0.159106478,0.188615993,0.194196001,0.1875,0.191964,147201600
1996-09-12,0.153458148,0.181920007,0.188615993,0.180803999,0.1875,260915200
1996-09-13,0.158165127,0.1875,0.189732,0.181920007,0.181920007,166611200
1996-09-16,0.16852133,0.199777007,0.205357,0.190847993,0.191964,244652800
1996-09-17,0.173228294,0.205357,0.206472993,0.200893,0.204240993,209171200
1996-09-18,0.176993936,0.209821001,0.215402007,0.204240993,0.205357,353360000
1996-09-19,0.176052511,0.208704993,0.210938007,0.208704993,0.210938007,119470400
1996-09-20,0.172286928,0.204240993,0.209821001,0.203125,0.208704993,149150400
1996-09-23,0.16852133,0.199777007,0.204240993,0.199777007,0.204240993,45763200
1996-09-24,0.169462711,0.200893,0.204240993,0.199777007,0.199777007,143785600
1996-09-25,0.16852133,0.199777007,0.202009007,0.196428999,0.200893,109043200
1996-09-26,0.16852133,0.199777007,0.200893,0.198661,0.199777007,103286400
1996-09-27,0.168050647,0.199219003,0.199777007,0.197545007,0.198661,81569600
1996-09-30,0.167109221,0.198102996,0.199777007,0.197545007,0.197545007,85444800
1996-10-01,0.185467362,0.219865993,0.220982,0.196428999,0.196428999,539246400
1996-10-02,0.177936137,0.210938007,0.219865993,0.206472993,0.210938007,276819200
1996-10-03,0.16852133,0.199777007,0.212053999,0.199777007,0.210938007,227718400
1996-10-04,0.171816215,0.203683004,0.206472993,0.197545007,0.204240993,133459200
1996-10-07,0.174169749,0.206472993,0.208704993,0.204240993,0.205357,95715200
1996-10-08,0.175111145,0.207589,0.216518,0.207589,0.209821001,190433600
1996-10-09,0.173228294,0.205357,0.210938007,0.204240993,0.208704993,85209600
1996-10-10,0.182172447,0.215959996,0.21875,0.212053999,0.213170007,276696000
1996-10-11,0.18264316,0.216518,0.219865993,0.214286,0.217634007,120691200
1996-10-14,0.190174311,0.225446001,0.226563007,0.216518,0.21875,269684800
1996-10-15,0.190174311,0.225446001,0.231027007,0.223214,0.229911,363059200
1996-10-16,0.193940744,0.229911,0.233259007,0.219865993,0.225446001,334745600
1996-10-17,0.198647842,0.235490993,0.247768,0.235490993,0.245536,1026625600
1996-10-18,0.200059891,0.237165004,0.237722993,0.232143,0.236607,382659200
1996-10-21,0.192999423,0.228795007,0.237722993,0.227678999,0.236607,187611200
1996-10-22,0.187350139,0.222097993,0.228795007,0.216518,0.228795007,213718400
1996-10-23,0.186408788,0.220982,0.225446001,0.217634007,0.220982,160059200
1996-10-24,0.186408788,0.220982,0.223214,0.21875,0.223214,84369600
1996-10-25,0.184525892,0.21875,0.223214,0.21875,0.222097993,77560000
1996-10-28,0.184525892,0.21875,0.224329993,0.21875,0.224329993,119996800
1996-10-29,0.175111145,0.207589,0.220982,0.206472993,0.219865993,199628800
1996-10-30,0.172286928,0.204240993,0.214286,0.204240993,0.209821001,257051200
1996-10-31,0.173228294,0.205357,0.208704993,0.198661,0.207589,194219200
1996-11-01,0.18264316,0.216518,0.216518,0.206472993,0.208704993,211332800
1996-11-04,0.183584571,0.217634007,0.21875,0.212053999,0.217634007,91268800
1996-11-05,0.192057967,0.227678999,0.231027007,0.21875,0.21875,378112000
1996-11-06,0.192057967,0.227678999,0.229911,0.222097993,0.228795007,180308800
1996-11-07,0.194882259,0.231027007,0.232143,0.225446001,0.226563007,155075200
1996-11-08,0.197706386,0.234375,0.234375,0.229911,0.231027007,188708800
1996-11-11,0.19582358,0.232143,0.235490993,0.231027007,0.235490993,92534400
1996-11-12,0.190174311,0.225446001,0.234375,0.224329993,0.233259007,142956800
1996-11-13,0.192528695,0.228237003,0.231027007,0.223214,0.226563007,83608000
1996-11-14,0.192999423,0.228795007,0.229911,0.226563007,0.227678999,48529600
1996-11-15,0.188291535,0.223214,0.232143,0.223214,0.231027007,130715200
1996-11-18,0.186408788,0.220982,0.224329993,0.21875,0.223214,152835200
1996-11-19,0.187350139,0.222097993,0.224329993,0.219865993,0.222097993,124432000
1996-11-20,0.188291535,0.223214,0.226563007,0.222097993,0.222097993,103096000
1996-11-21,0.184525892,0.21875,0.223214,0.217634007,0.222097993,70604800
1996-11-22,0.190174311,0.225446001,0.225446001,0.21875,0.21875,103980800
1996-11-25,0.188291535,0.223214,0.227678999,0.223214,0.226563007,78948800
1996-11-26,0.18264316,0.216518,0.223214,0.214286,0.222097993,112985600
1996-11-27,0.184525892,0.21875,0.219865993,0.215402007,0.215402007,89040000
1996-11-29,0.181701779,0.215402007,0.219865993,0.214286,0.21875,42291200
1996-12-02,0.189232945,0.224329993,0.224329993,0.213170007,0.215402007,174977600
1996-12-03,0.189232945,0.224329993,0.227678999,0.223214,0.225446001,275531200
1996-12-04,0.188291535,0.223214,0.226563007,0.222097993,0.224329993,190825600
1996-12-05,0.188291535,0.223214,0.225446001,0.223214,0.223214,142139200
1996-12-06,0.189232945,0.224329993,0.226563007,0.214286,0.217634007,229387200
1996-12-09,0.188291535,0.223214,0.226563007,0.221540004,0.225446001,158648000
1996-12-10,0.184525892,0.21875,0.223214,0.216518,0.222097993,184284800
1996-12-11,0.180760294,0.214286,0.216518,0.212053999,0.212053999,163363200
1996-12-12,0.179818913,0.213170007,0.216518,0.213170007,0.215402007,87001600
1996-12-13,0.175111145,0.207589,0.213170007,0.207589,0.212053999,89096000
1996-12-16,0.170404121,0.202009007,0.209821001,0.200893,0.209821001,149240000
1996-12-17,0.169462711,0.200893,0.200893,0.198661,0.199777007,157248000
1996-12-18,0.174169749,0.206472993,0.206472993,0.202009007,0.203125,205072000
1996-12-19,0.167579919,0.198661,0.207589,0.198661,0.205357,136886400
1996-12-20,0.176993936,0.209821001,0.210938007,0.190847993,0.200893,546436800
1996-12-23,0.175111145,0.207589,0.216518,0.207589,0.214286,332304000
1996-12-24,0.174169749,0.206472993,0.208704993,0.204240993,0.207589,57612800
1996-12-26,0.173228294,0.205357,0.207589,0.204240993,0.207589,84884800
1996-12-27,0.174169749,0.206472993,0.212053999,0.204240993,0.204240993,136998400
1996-12-30,0.163813487,0.194196001,0.207589,0.194196001,0.206472993,261800000
1996-12-31,0.157223687,0.186384007,0.191964,0.185268,0.190847993,383745600
1997-01-02,0.158165127,0.1875,0.189732,0.185268,0.188615993,143113600
1997-01-03,0.163813487,0.194196001,0.198661,0.1875,0.188615993,119716800
1997-01-06,0.13462849,0.159597993,0.163782999,0.154018,0.157365993,1882832000
1997-01-07,0.131804243,0.15625,0.162946001,0.15625,0.161829993,976931200
1997-01-08,0.132745653,0.157365993,0.164063007,0.155134007,0.162946001,1100131200
1997-01-09,0.133687079,0.158482,0.159597993,0.15625,0.158482,446656000
1997-01-10,0.137452632,0.162946001,0.162946001,0.157365993,0.157365993,353718400
1997-01-13,0.136511192,0.161829993,0.165178999,0.161829993,0.165178999,305748800
1997-01-14,0.13462849,0.159597993,0.164063007,0.158482,0.164063007,255774400
1997-01-15,0.129921407,0.154018,0.160714,0.152902007,0.160714,433092800
1997-01-16,0.126155883,0.149553999,0.152902007,0.148438007,0.152902007,671305600
1997-01-17,0.126155883,0.149553999,0.152902007,0.148438007,0.149553999,325147200
1997-01-20,0.127567917,0.151227996,0.152902007,0.149553999,0.150670007,291625600
1997-01-21,0.129921407,0.154018,0.154018,0.150670007,0.151786,284827200
1997-01-22,0.129450753,0.153459996,0.15625,0.151786,0.155134007,205620800
1997-01-23,0.129921407,0.154018,0.155134007,0.152902007,0.154018,172345600
1997-01-24,0.127097249,0.150670007,0.154018,0.150670007,0.154018,188283200
1997-01-27,0.125214487,0.148438007,0.154018,0.148438007,0.152902007,214043200
1997-01-28,0.125214487,0.148438007,0.151786,0.147321001,0.151786,210560000
1997-01-29,0.125214487,0.148438007,0.149553999,0.147321001,0.148438007,151704000
1997-01-30,0.126155883,0.149553999,0.149553999,0.147321001,0.149553999,139932800
1997-01-31,0.125214487,0.148438007,0.148438007,0.147321001,0.148438007,199628800
1997-02-03,0.122860111,0.145647004,0.151786,0.145089,0.150670007,368110400
1997-02-04,0.115799606,0.137277007,0.146204993,0.135045007,0.145089,712644800
1997-02-05,0.114858203,0.136161,0.139509007,0.136161,0.136161,394486400
1997-02-06,0.120506607,0.142857,0.143972993,0.136161,0.136161,399504000
1997-02-07,0.119094536,0.141183004,0.147321001,0.140625,0.147321001,235267200
1997-02-10,0.117682442,0.139509007,0.143972993,0.139509007,0.143972993,185404800
1997-02-11,0.118153103,0.140066996,0.142857,0.138393,0.141740993,140078400
1997-02-12,0.118623808,0.140625,0.141740993,0.138393,0.140625,176265600
1997-02-13,0.121448033,0.143972993,0.143972993,0.138393,0.140625,195832000
1997-02-14,0.122860111,0.145647004,0.146204993,0.142857,0.145089,237249600
1997-02-18,0.13462849,0.159597993,0.159597993,0.145089,0.148438007,368278400
1997-02-19,0.132745653,0.157365993,0.159597993,0.152902007,0.159597993,241292800
1997-02-20,0.12803866,0.151786,0.157365993,0.151786,0.157365993,124947200
1997-02-21,0.123330802,0.146204993,0.151786,0.142857,0.150670007,211086400
1997-02-24,0.125214487,0.148438007,0.150670007,0.145089,0.145089,117588800
1997-02-25,0.127097249,0.150670007,0.155134007,0.150670007,0.151786,138084800
1997-02-26,0.128980041,0.152902007,0.152902007,0.149553999,0.151786,103174400
1997-02-27,0.12803866,0.151786,0.152902007,0.149553999,0.151786,102995200
1997-02-28,0.122389413,0.145089,0.150670007,0.145089,0.150670007,121878400
1997-03-03,0.121448033,0.143972993,0.147321001,0.142857,0.147321001,130457600
1997-03-04,0.124272227,0.147321001,0.147321001,0.142857,0.145089,103196800
1997-03-05,0.12803866,0.151786,0.151786,0.147321001,0.148438007,96163200
1997-03-06,0.125214487,0.148438007,0.151786,0.147321001,0.151786,116289600
1997-03-07,0.124272227,0.147321001,0.149553999,0.146204993,0.149553999,70616000
1997-03-10,0.125214487,0.148438007,0.149553999,0.146762997,0.148438007,99187200
1997-03-11,0.123330802,0.146204993,0.148438007,0.142857,0.148438007,98504000
1997-03-12,0.122389413,0.145089,0.149553999,0.143972993,0.145089,70996800
1997-03-13,0.123330802,0.146204993,0.146204993,0.143972993,0.146204993,105089600
1997-03-14,0.124742903,0.147879004,0.149553999,0.145089,0.146204993,230417600
1997-03-17,0.124272227,0.147321001,0.147321001,0.142857,0.145089,192752000
1997-03-18,0.122389413,0.145089,0.147321001,0.143972993,0.146204993,127075200
1997-03-19,0.121448033,0.143972993,0.146204993,0.141740993,0.146204993,208230400
1997-03-20,0.129921407,0.154018,0.15625,0.141740993,0.142857,317038400
1997-03-21,0.125214487,0.148438007,0.15625,0.146204993,0.15625,136460800
1997-03-24,0.124272227,0.147321001,0.148438007,0.145089,0.147321001,71220800
1997-03-25,0.124272227,0.147321001,0.148438007,0.143555,0.148438007,112560000
1997-03-26,0.126155883,0.149553999,0.150670007,0.145089,0.146204993,106836800
1997-03-27,0.140277684,0.166295007,0.171875,0.154018,0.15625,1138905600
1997-03-31,0.137452632,0.162946001,0.172990993,0.154018,0.166295007,970244800
1997-04-01,0.131804243,0.15625,0.159040004,0.155134007,0.157365993,220259200
1997-04-02,0.135569826,0.160714,0.161272004,0.157365993,0.159597993,222432000
1997-04-03,0.14216046,0.168527007,0.170759007,0.162946001,0.165178999,548856000
1997-04-04,0.144984707,0.171875,0.175222993,0.169643,0.170759007,475249600
1997-04-07,0.146867484,0.174107,0.177454993,0.171875,0.176339,255259200
1997-04-08,0.144043311,0.170759007,0.175222993,0.166295007,0.175222993,193827200
1997-04-09,0.143101856,0.169643,0.171875,0.168527007,0.171875,244988800
1997-04-10,0.14216046,0.168527007,0.170759007,0.165178999,0.169643,116984000
1997-04-11,0.137452632,0.162946001,0.168527007,0.161829993,0.168527007,79564800
1997-04-14,0.14121905,0.167411,0.168527007,0.160714,0.164063007,112358400
1997-04-15,0.13886562,0.164620996,0.171875,0.161829993,0.170759007,136046400
1997-04-16,0.139806986,0.165737003,0.169643,0.164063007,0.166295007,86217600
1997-04-17,0.143101856,0.169643,0.170759007,0.161829993,0.162946001,219464000
1997-04-18,0.138394877,0.164063007,0.170759007,0.164063007,0.170759007,141444800
1997-04-21,0.135569826,0.160714,0.166295007,0.160714,0.166295007,89152000
1997-04-22,0.139336288,0.165178999,0.165178999,0.159597993,0.161829993,94651200
1997-04-23,0.136511192,0.161829993,0.165178999,0.161829993,0.164063007,54488000
1997-04-24,0.13462849,0.159597993,0.165178999,0.158482,0.165178999,74939200
1997-04-25,0.131804243,0.15625,0.159597993,0.155134007,0.157365993,87382400
1997-04-28,0.132745653,0.157365993,0.159597993,0.15625,0.158482,46771200
1997-04-29,0.133216307,0.157923996,0.160714,0.15625,0.160714,51755200
1997-04-30,0.12803866,0.151786,0.154018,0.149553999,0.151786,257633600
1997-05-01,0.12803866,0.151786,0.152902007,0.149553999,0.150670007,72340800
1997-05-02,0.12803866,0.151786,0.152902007,0.149553999,0.151786,101987200
1997-05-05,0.12803866,0.151786,0.152902007,0.149553999,0.151786,98492800
1997-05-06,0.127097249,0.150670007,0.152902007,0.149553999,0.151786,83148800
1997-05-07,0.124272227,0.147321001,0.151786,0.146204993,0.150670007,114217600
1997-05-08,0.12803866,0.151786,0.152902007,0.147321001,0.148438007,82936000
1997-05-09,0.128509387,0.152344003,0.15625,0.151786,0.151786,188372800
1997-05-12,0.13227497,0.156808004,0.157365993,0.151786,0.154018,164976000
1997-05-13,0.13227497,0.156808004,0.159597993,0.151786,0.15625,197019200
1997-05-14,0.133216307,0.157923996,0.160714,0.15625,0.159597993,135643200
1997-05-15,0.133687079,0.158482,0.160714,0.15625,0.158482,99008000
1997-05-16,0.129921407,0.154018,0.157365993,0.154018,0.15625,93296000
1997-05-19,0.12803866,0.151786,0.157365993,0.151786,0.15625,52259200
1997-05-20,0.129921407,0.154018,0.155691996,0.149553999,0.151786,84828800
1997-05-21,0.127097249,0.150670007,0.152902007,0.147321001,0.152902007,122248000
1997-05-22,0.125214487,0.148438007,0.150670007,0.147321001,0.149553999,76764800
1997-05-23,0.127097249,0.150670007,0.151786,0.148438007,0.148438007,67032000
1997-05-27,0.129921407,0.154018,0.155134007,0.149553999,0.149553999,82084800
1997-05-28,0.12803866,0.151786,0.15625,0.151786,0.155134007,87539200
1997-05-29,0.125214487,0.148438007,0.152902007,0.148438007,0.152902007,111182400
1997-05-30,0.125214487,0.148438007,0.151786,0.146204993,0.147321001,177329600
1997-06-02,0.127567917,0.151227996,0.151786,0.149553999,0.151786,41585600
1997-06-03,0.12568517,0.148995996,0.151227996,0.148438007,0.149553999,65240000
1997-06-04,0.125214487,0.148438007,0.149553999,0.147321001,0.148438007,80404800
1997-06-05,0.12568517,0.148995996,0.152902007,0.147879004,0.148438007,64612800
1997-06-06,0.126155883,0.149553999,0.149553999,0.147321001,0.148438007,52875200
1997-06-09,0.125214487,0.148438007,0.151227996,0.148438007,0.148995996,74804800
1997-06-10,0.122389413,0.145089,0.149553999,0.143415004,0.149553999,139048000
1997-06-11,0.122860111,0.145647004,0.146762997,0.145089,0.145647004,105403200
1997-06-12,0.12097729,0.143415004,0.146204993,0.142857,0.146204993,78691200
1997-06-13,0.119094536,0.141183004,0.143972993,0.140625,0.143415004,132070400
1997-06-16,0.116741024,0.138393,0.141740993,0.137277007,0.141740993,134008000
1997-06-17,0.12309546,0.145925999,0.147321001,0.138393,0.138951004,142251200
1997-06-18,0.120035924,0.142298996,0.145089,0.140625,0.143972993,109648000
1997-06-19,0.118623808,0.140625,0.142857,0.140066996,0.142857,121027200
1997-06-20,0.117211685,0.138951004,0.140625,0.138393,0.140066996,110185600
1997-06-23,0.115799606,0.137277007,0.139509007,0.137277007,0.138393,99545600
1997-06-24,0.115328923,0.136719003,0.138951004,0.136161,0.137834996,111148800
1997-06-25,0.113916852,0.135045007,0.137277007,0.133928999,0.136719003,198632000
1997-06-26,0.110621102,0.131137997,0.135045007,0.130579993,0.135045007,381987200
1997-06-27,0.110621102,0.131137997,0.132254004,0.130579993,0.131137997,157953600
1997-06-30,0.10732618,0.127232,0.131696001,0.125,0.131696001,171180800
1997-07-01,0.099324308,0.117746003,0.125,0.117187999,0.124442004,450676800
1997-07-02,0.098382056,0.116628997,0.119419999,0.116071001,0.118303999,249961600
1997-07-03,0.103089921,0.122210003,0.123884,0.116071001,0.117187999,186782400
1997-07-07,0.104031272,0.123326004,0.127232,0.122768,0.124442004,191475200
1997-07-08,0.103560597,0.122768,0.125,0.122210003,0.123884,95692800
1997-07-09,0.103089921,0.122210003,0.123884,0.121652,0.123326004,142016000
1997-07-10,0.099795006,0.118303999,0.119419999,0.113839,0.114955001,492508800
1997-07-11,0.114387527,0.135602996,0.138393,0.118862003,0.119419999,734944000
1997-07-14,0.117682442,0.139509007,0.139509007,0.132813007,0.136161,411006400
1997-07-15,0.120035924,0.142298996,0.142857,0.139509007,0.140625,418353600
1997-07-16,0.123801537,0.146762997,0.147321001,0.139509007,0.141183004,446252800
1997-07-17,0.131804243,0.15625,0.161829993,0.146762997,0.151786,746267200
1997-07-18,0.130627483,0.154854998,0.160155997,0.152344003,0.159597993,317564800
1997-07-21,0.121683389,0.144252002,0.157923996,0.142857,0.156808004,354916800
1997-07-22,0.124742903,0.147879004,0.148995996,0.145647004,0.146204993,231336000
1997-07-23,0.121448033,0.143972993,0.150670007,0.142857,0.149553999,141288000
1997-07-24,0.119094536,0.141183004,0.143972993,0.139509007,0.143972993,133492800
1997-07-25,0.122389413,0.145089,0.147879004,0.140625,0.141740993,217963200
1997-07-28,0.123801537,0.146762997,0.147321001,0.145089,0.146762997,110510400
1997-07-29,0.124272227,0.147321001,0.148438007,0.146204993,0.146762997,71243200
1997-07-30,0.130862847,0.155134007,0.157923996,0.149553999,0.151227996,374304000
1997-07-31,0.131804243,0.15625,0.158482,0.154018,0.155134007,263816000
1997-08-01,0.14451395,0.171316996,0.171316996,0.156808004,0.157365993,481913600
1997-08-04,0.148750305,0.176339,0.176897004,0.171316996,0.171316996,611318400
1997-08-05,0.148750305,0.176339,0.178571001,0.173968002,0.178012997,247128000
1997-08-06,0.198177069,0.234933004,0.247768,0.223214,0.225446001,4190480000
1997-08-07,0.219830856,0.260603011,0.263951004,0.253347993,0.256695986,3755438400
1997-08-08,0.201942667,0.239397004,0.253347993,0.233259007,0.248326004,1814164800
1997-08-11,0.184996635,0.219308004,0.236048996,0.209821001,0.234933004,1550998400
1997-08-12,0.16616784,0.196987003,0.216518,0.195313007,0.214844003,1048398400
1997-08-13,0.177936137,0.210938007,0.213170007,0.182477996,0.198661,1201424000
1997-08-14,0.173228294,0.205357,0.216518,0.202566996,0.210938007,434448000
1997-08-15,0.175111145,0.207589,0.209262997,0.203683004,0.206472993,260960000
1997-08-18,0.177936137,0.210938007,0.212053999,0.203125,0.208147004,217840000
1997-08-19,0.184055239,0.218191996,0.21875,0.208147004,0.211495996,289161600
1997-08-20,0.185467362,0.219865993,0.224329993,0.215959996,0.218191996,324307200
1997-08-21,0.180760294,0.214286,0.220423996,0.213170007,0.21875,259280000
1997-08-22,0.177936137,0.210938007,0.214286,0.208704993,0.209262997,227628800
1997-08-25,0.173699021,0.205915004,0.211495996,0.204798996,0.210938007,138633600
1997-08-26,0.167579919,0.198661,0.205357,0.197545007,0.202009007,226206400
1997-08-27,0.170874819,0.202566996,0.203125,0.195313007,0.199777007,190635200
1997-08-28,0.165697142,0.196428999,0.200893,0.196428999,0.197545007,95670400
1997-08-29,0.163813487,0.194196001,0.196428999,0.191964,0.194754004,109670400
1997-09-02,0.16852133,0.199777007,0.201451004,0.195870996,0.196428999,186043200
1997-09-03,0.169462711,0.200893,0.207589,0.199219003,0.199777007,284132800
1997-09-04,0.169462711,0.200893,0.204240993,0.198661,0.201451004,122539200
1997-09-05,0.167109221,0.198102996,0.204240993,0.196428999,0.202009007,136707200
1997-09-08,0.161930695,0.191964,0.198661,0.191405997,0.198661,175156800
1997-09-09,0.164284185,0.194754004,0.195313007,0.189732,0.190290004,159028800
1997-09-10,0.172757611,0.204798996,0.206472993,0.193637997,0.194196001,274064000
1997-09-11,0.16852133,0.199777007,0.205357,0.196987003,0.204240993,209876800
1997-09-12,0.16616784,0.196987003,0.198661,0.191405997,0.198102996,113680000
1997-09-15,0.161930695,0.191964,0.197545007,0.191964,0.195313007,96913600
1997-09-16,0.165226415,0.195870996,0.197684005,0.194196001,0.196987003,134220800
1997-09-17,0.164284185,0.194754004,0.196428999,0.193637997,0.196428999,86766400
1997-09-18,0.168050647,0.199219003,0.200893,0.191964,0.191964,169164800
1997-09-19,0.165226415,0.195870996,0.198102996,0.194196001,0.198102996,94931200
1997-09-22,0.171816215,0.203683004,0.205915004,0.196428999,0.197545007,200368000
1997-09-23,0.163813487,0.194196001,0.198661,0.193637997,0.198661,200536000
1997-09-24,0.161930695,0.191964,0.194196001,0.190847993,0.193637997,222432000
1997-09-25,0.159106478,0.188615993,0.194196001,0.1875,0.190290004,223384000
1997-09-26,0.160518616,0.190290004,0.195870996,0.188615993,0.191964,208320000
1997-09-29,0.16616784,0.196987003,0.198661,0.192522004,0.193637997,167238400
1997-09-30,0.163342804,0.193637997,0.199219003,0.193637997,0.196428999,140571200
1997-10-01,0.162166059,0.192242995,0.194196001,0.190847993,0.193637997,130468800
1997-10-02,0.165226415,0.195870996,0.196428999,0.190847993,0.191405997,135408000
1997-10-03,0.166638508,0.197545007,0.198661,0.193637997,0.196428999,162232000
1997-10-06,0.165226415,0.195870996,0.198661,0.193637997,0.198102996,93296000
1997-10-07,0.164284185,0.194754004,0.196428999,0.194754004,0.195313007,109289600
1997-10-08,0.161930695,0.191964,0.194754004,0.190290004,0.194196001,108841600
1997-10-09,0.163813487,0.194196001,0.200893,0.189173996,0.189732,187331200
1997-10-10,0.170874819,0.202566996,0.203125,0.191964,0.191964,270401600
1997-10-13,0.170874819,0.202566996,0.204240993,0.198102996,0.203125,158625600
1997-10-14,0.170874819,0.202566996,0.203125,0.198102996,0.202566996,165816000
1997-10-15,0.179348245,0.212612003,0.220982,0.197545007,0.197545007,810868800
1997-10-16,0.161930695,0.191964,0.196987003,0.186384007,0.188615993,739188800
1997-10-17,0.151575327,0.179688007,0.188615993,0.177454993,0.188615993,438670400
1997-10-20,0.140748382,0.166852996,0.180245996,0.166295007,0.179688007,411835200
1997-10-21,0.143572614,0.170201004,0.172433004,0.166852996,0.168527007,475272000
1997-10-22,0.139806986,0.165737003,0.171875,0.165178999,0.170201004,151177600
1997-10-23,0.133687079,0.158482,0.162387997,0.158482,0.160714,186782400
1997-10-24,0.124742903,0.147879004,0.164063007,0.147321001,0.161829993,388236800
1997-10-27,0.126155883,0.149553999,0.161829993,0.149553999,0.149553999,329358400
1997-10-28,0.136511192,0.161829993,0.165178999,0.141740993,0.142857,343313600
1997-10-29,0.131804243,0.15625,0.165178999,0.154018,0.164620996,177587200
1997-10-30,0.124272227,0.147321001,0.156808004,0.147321001,0.152344003,188955200
1997-10-31,0.128273979,0.152064994,0.155134007,0.148438007,0.155134007,267086400
1997-11-03,0.130862847,0.155134007,0.158482,0.152344003,0.156808004,126011200
1997-11-04,0.135099173,0.160155997,0.161829993,0.15625,0.158482,168593600
1997-11-05,0.138394877,0.164063007,0.166295007,0.161272004,0.162946001,387116800
1997-11-06,0.143101856,0.169643,0.174107,0.168527007,0.168527007,617086400
1997-11-07,0.148750305,0.176339,0.178571001,0.167411,0.168527007,795614400
1997-11-10,0.140748382,0.166852996,0.191964,0.165178999,0.1875,1398241600
1997-11-11,0.138394877,0.164063007,0.169643,0.161829993,0.169643,332483200
1997-11-12,0.132745653,0.157365993,0.165178999,0.156808004,0.161272004,208062400
1997-11-13,0.135569826,0.160714,0.161272004,0.15625,0.160714,257521600
1997-11-14,0.13886562,0.164620996,0.165178999,0.160714,0.162946001,135038400
1997-11-17,0.139336288,0.165178999,0.169084996,0.163644001,0.168527007,205027200
1997-11-18,0.136040539,0.161272004,0.165178999,0.161272004,0.165178999,146641600
1997-11-19,0.137452632,0.162946001,0.163504004,0.159597993,0.159597993,79587200
1997-11-20,0.139336288,0.165178999,0.166295007,0.161829993,0.162387997,128172800
1997-11-21,0.136981905,0.162387997,0.166852996,0.160714,0.166295007,97776000
1997-11-24,0.132745653,0.157365993,0.160714,0.15625,0.156808004,157348800
1997-11-25,0.130862847,0.155134007,0.159597993,0.150670007,0.157923996,205430400
1997-11-26,0.131804243,0.15625,0.157923996,0.154018,0.155134007,60412800
1997-11-28,0.133687079,0.158482,0.159597993,0.155691996,0.157365993,41316800
1997-12-01,0.133687079,0.158482,0.160155997,0.154018,0.157923996,87236800
1997-12-02,0.119565189,0.141740993,0.15625,0.141740993,0.155134007,396816000
1997-12-03,0.118623808,0.140625,0.143972993,0.140066996,0.143415004,343056000
1997-12-04,0.117682442,0.139509007,0.142857,0.139509007,0.142857,199640000
1997-12-05,0.119094536,0.141183004,0.142857,0.138951004,0.138951004,221468800
1997-12-08,0.117211685,0.138951004,0.140625,0.137277007,0.138951004,133582400
1997-12-09,0.114858203,0.136161,0.140066996,0.133928999,0.138393,243051200
1997-12-10,0.111091778,0.131696001,0.134487003,0.129464,0.134487003,194880000
1997-12-11,0.109679684,0.130022004,0.130022004,0.123884,0.128905997,256939200
1997-12-12,0.106384799,0.126115993,0.132813007,0.125,0.131696001,160563200
1997-12-15,0.104972683,0.124442004,0.127232,0.122768,0.126115993,165894400
1997-12-16,0.1077969,0.127790004,0.128347993,0.125,0.125,185628800
1997-12-17,0.104972683,0.124442004,0.130022004,0.124442004,0.127790004,265294400
1997-12-18,0.104031272,0.123326004,0.125,0.122768,0.125,202048000
1997-12-19,0.103089921,0.122210003,0.123884,0.118303999,0.121094003,190612800
1997-12-22,0.100265689,0.118862003,0.125,0.117746003,0.123884,159476800
1997-12-23,0.097440675,0.115512997,0.118862003,0.115512997,0.117187999,458830400
1997-12-24,0.098853618,0.117187999,0.118303999,0.116071001,0.116071001,97832000
1997-12-26,0.100265689,0.118862003,0.119419999,0.116071001,0.116628997,107878400
1997-12-29,0.098853618,0.117187999,0.119978003,0.114955001,0.118862003,278196800
1997-12-30,0.099324308,0.117746003,0.119978003,0.113839,0.116071001,342507200
1997-12-31,0.098853618,0.117187999,0.121652,0.115512997,0.117187999,406358400
1998-01-02,0.122389413,0.145089,0.145089,0.120536,0.121652,718110400
1998-01-05,0.119565189,0.141740993,0.147879004,0.135602996,0.147321001,651873600
1998-01-06,0.142631218,0.169084996,0.178571001,0.131696001,0.142298996,1812473600
1998-01-07,0.131804243,0.15625,0.169643,0.154576004,0.167969003,1041622400
1998-01-08,0.136981905,0.162387997,0.166295007,0.151227996,0.155691996,774020800
1998-01-09,0.136981905,0.162387997,0.172990993,0.15625,0.161829993,886547200
1998-01-12,0.137452632,0.162946001,0.166295007,0.152902007,0.155691996,516398400
1998-01-13,0.146867484,0.174107,0.175222993,0.165178999,0.166295007,636854400
1998-01-14,0.148750305,0.176339,0.178012997,0.171875,0.177454993,589265600
1998-01-15,0.14451395,0.171316996,0.176339,0.166295007,0.171316996,559272000
1998-01-16,0.141689718,0.167969003,0.173548996,0.166852996,0.173548996,246355200
1998-01-20,0.143572614,0.170201004,0.172433004,0.166295007,0.170201004,241561600
1998-01-21,0.142395809,0.168806002,0.170201004,0.165737003,0.167411,190209600
1998-01-22,0.144984707,0.171875,0.176339,0.166295007,0.166852996,329728000
1998-01-23,0.146867484,0.174107,0.175780997,0.171875,0.172990993,233161600
1998-01-26,0.146396816,0.173548996,0.174665004,0.167969003,0.173548996,146440000
1998-01-27,0.144043311,0.170759007,0.175780997,0.169643,0.171316996,112235200
1998-01-28,0.14451395,0.171316996,0.172990993,0.166295007,0.171316996,151121600
1998-01-29,0.139336288,0.165178999,0.170759007,0.165178999,0.169084996,211881600
1998-01-30,0.13792336,0.163504004,0.168527007,0.162946001,0.163504004,162444800
1998-02-02,0.133216307,0.157923996,0.165178999,0.155134007,0.165178999,636742400
1998-02-03,0.13792336,0.163504004,0.166295007,0.157923996,0.157923996,402617600
1998-02-04,0.137452632,0.162946001,0.165178999,0.160714,0.161272004,170195200
1998-02-05,0.13792336,0.163504004,0.165178999,0.160714,0.162946001,238268800
1998-02-06,0.139336288,0.165178999,0.166852996,0.162946001,0.164063007,202339200
1998-02-09,0.14451395,0.171316996,0.174107,0.164063007,0.164063007,494670400
1998-02-10,0.146396816,0.173548996,0.174665004,0.170201004,0.170759007,422016000
1998-02-11,0.143101856,0.169643,0.174107,0.168527007,0.174107,211668800
1998-02-12,0.145926103,0.172990993,0.173548996,0.170201004,0.170759007,203750400
1998-02-13,0.146867484,0.174107,0.177454993,0.169643,0.171316996,207995200
1998-02-17,0.14780885,0.175222993,0.176339,0.174107,0.174107,182750400
1998-02-18,0.154870182,0.183594003,0.185268,0.174665004,0.174665004,494592000
1998-02-19,0.153928787,0.182477996,0.186941996,0.178571001,0.186384007,399660800
1998-02-20,0.150633037,0.178571001,0.183594003,0.176897004,0.183036,325416000
1998-02-23,0.160047859,0.189732,0.193079993,0.178571001,0.179688007,477489600
1998-02-24,0.160518616,0.190290004,0.190847993,0.185268,0.190290004,456590400
1998-02-25,0.168050647,0.199219003,0.203125,0.186941996,0.190290004,712667200
1998-02-26,0.176993936,0.209821001,0.210379004,0.195313007,0.199219003,595134400
1998-02-27,0.177936137,0.210938007,0.213170007,0.201451004,0.208147004,519601600
1998-03-02,0.171345547,0.203125,0.210379004,0.198661,0.210379004,400444800
1998-03-03,0.174169749,0.206472993,0.207030997,0.193079993,0.195313007,334073600
1998-03-04,0.184055239,0.218191996,0.220982,0.204240993,0.204240993,817824000
1998-03-05,0.181231081,0.214844003,0.216518,0.206472993,0.207589,675124800
1998-03-06,0.184055239,0.218191996,0.21875,0.208704993,0.213170007,666467200
1998-03-09,0.171345547,0.203125,0.217076004,0.200893,0.212053999,574929600
1998-03-10,0.181231081,0.214844003,0.21875,0.204798996,0.205357,712902400
1998-03-11,0.196765006,0.233259007,0.233816996,0.219308004,0.224329993,1214337600
1998-03-12,0.203354776,0.241071001,0.241071001,0.228237003,0.233259007,744363200
1998-03-13,0.204297066,0.242188007,0.243303999,0.234375,0.243303999,566160000
1998-03-16,0.201001272,0.238280997,0.243303999,0.233816996,0.242188007,402360000
1998-03-17,0.198412463,0.235211998,0.238280997,0.231027007,0.236607,410256000
1998-03-18,0.202884093,0.240512997,0.240512997,0.232143,0.232143,276998400
1998-03-19,0.201471955,0.238839,0.240512997,0.237165004,0.239954993,160059200
1998-03-20,0.198647842,0.235490993,0.239954993,0.232143,0.238280997,215476800
1998-03-23,0.196765006,0.233259007,0.234375,0.219865993,0.231584996,414736000
1998-03-24,0.210886791,0.25,0.25,0.234375,0.235490993,675931200
1998-03-25,0.204532281,0.242467001,0.247768,0.235490993,0.246652007,387374400
1998-03-26,0.200059891,0.237165004,0.241071001,0.236048996,0.238839,202966400
1998-03-27,0.202884093,0.240512997,0.243862003,0.235490993,0.237722993,255595200
1998-03-30,0.206650496,0.244977996,0.245536,0.238839,0.238839,250700800
1998-03-31,0.207121193,0.245536,0.248326004,0.243303999,0.244977996,266896000
1998-04-01,0.207121193,0.245536,0.248326004,0.241629004,0.244977996,186883200
1998-04-02,0.2057091,0.243862003,0.244977996,0.240512997,0.243862003,194308800
1998-04-03,0.203825489,0.241629004,0.243303999,0.239397004,0.242188007,203067200
1998-04-06,0.197706386,0.234375,0.241071001,0.233816996,0.241071001,347592000
1998-04-07,0.192057967,0.227678999,0.232143,0.222097993,0.230469003,292700800
1998-04-08,0.188291535,0.223214,0.226563007,0.220423996,0.225446001,225198400
1998-04-09,0.192999423,0.228795007,0.231027007,0.223214,0.223772004,170307200
1998-04-13,0.199118495,0.236048996,0.238280997,0.223214,0.228795007,288299200
1998-04-14,0.202884093,0.240512997,0.243303999,0.235490993,0.235490993,327846400
1998-04-15,0.206650496,0.244977996,0.245536,0.237722993,0.242745996,557513600
1998-04-16,0.2155938,0.255580008,0.264508992,0.251673996,0.261161,1837953600
1998-04-17,0.210416049,0.249441996,0.255580008,0.247209996,0.255021989,592166400
1998-04-20,0.218418822,0.258929014,0.263393015,0.246094003,0.246652007,517776000
1998-04-21,0.218418822,0.258929014,0.260044992,0.254464,0.259487003,348028800
1998-04-22,0.207121193,0.245536,0.258929014,0.245536,0.256695986,284950400
1998-04-23,0.208533317,0.247209996,0.258929014,0.242745996,0.244977996,475294400
1998-04-24,0.210416049,0.249441996,0.252231985,0.245536,0.247768,215544000
1998-04-27,0.20900397,0.247768,0.247768,0.238839,0.238839,409796800
1998-04-28,0.202884093,0.240512997,0.25,0.234375,0.248884007,237171200
1998-04-29,0.203354776,0.241071001,0.244977996,0.238839,0.240512997,189537600
1998-04-30,0.206179842,0.244420007,0.246652007,0.241629004,0.244420007,179950400
1998-05-01,0.210886791,0.25,0.252231985,0.239954993,0.245536,184072000
1998-05-04,0.218889505,0.259487003,0.263393015,0.257813007,0.257813007,571144000
1998-05-05,0.223596469,0.265067011,0.266741008,0.260044992,0.261161,419283200
1998-05-06,0.228303567,0.270646989,0.271762997,0.261161,0.266741008,897008000
1998-05-07,0.227362141,0.269531012,0.273438007,0.266741008,0.272879004,552899200
1998-05-08,0.229244962,0.271762997,0.272320986,0.267298996,0.268415004,270816000
1998-05-11,0.233011335,0.276228011,0.282366008,0.274554014,0.275669992,665022400
1998-05-12,0.226891413,0.268972993,0.274554014,0.267298996,0.272879004,257812800
1998-05-13,0.229244962,0.271762997,0.275112003,0.264508992,0.268415004,314417600
1998-05-14,0.22642076,0.268415004,0.271762997,0.265625,0.271205008,162680000
1998-05-15,0.222655088,0.263951004,0.271205008,0.261161,0.268415004,272585600
1998-05-18,0.214652359,0.254464,0.263951004,0.253347993,0.262277007,232388800
1998-05-19,0.221242979,0.262277007,0.262834996,0.257254004,0.258370996,218265600
1998-05-20,0.222655088,0.263951004,0.266741008,0.256695986,0.264508992,190176000
1998-05-21,0.217477441,0.257813007,0.265067011,0.255580008,0.263951004,130995200
1998-05-22,0.209945366,0.248884007,0.256695986,0.243862003,0.256695986,266593600
1998-05-26,0.201001272,0.238280997,0.252231985,0.237722993,0.250557989,311774400
1998-05-27,0.201471955,0.238839,0.239397004,0.228795007,0.229352996,370193600
1998-05-28,0.206650496,0.244977996,0.248884007,0.238839,0.238839,298491200
1998-05-29,0.200530544,0.237722993,0.246094003,0.236048996,0.245536,216720000
1998-06-01,0.197706386,0.234375,0.246652007,0.228795007,0.236607,319692800
1998-06-02,0.20241341,0.239954993,0.243862003,0.232143,0.236048996,179300800
1998-06-03,0.198177069,0.234933004,0.243303999,0.233816996,0.242188007,145140800
1998-06-04,0.201942667,0.239397004,0.239954993,0.230469003,0.237722993,156139200
1998-06-05,0.20241341,0.239954993,0.243303999,0.235490993,0.239954993,123323200
1998-06-08,0.205238402,0.243303999,0.247209996,0.239397004,0.241071001,126627200
1998-06-09,0.212769598,0.252231985,0.254464,0.244420007,0.244420007,275744000
1998-06-10,0.211357445,0.250557989,0.258929014,0.246652007,0.25,229230400
1998-06-11,0.209474698,0.248326004,0.255580008,0.248326004,0.251673996,180118400
1998-06-12,0.211828202,0.251116008,0.252231985,0.244420007,0.246652007,223854400
1998-06-15,0.207121193,0.245536,0.252231985,0.243303999,0.243303999,136662400
1998-06-16,0.210886791,0.25,0.251116008,0.243862003,0.247209996,129684800
1998-06-17,0.211828202,0.251116008,0.255021989,0.249441996,0.25,187174400
1998-06-18,0.2057091,0.243862003,0.250557989,0.242745996,0.247768,119996800
1998-06-19,0.203825489,0.241629004,0.244977996,0.238839,0.244420007,137558400
1998-06-22,0.206179842,0.244420007,0.246094003,0.238839,0.241071001,134568000
1998-06-23,0.209474698,0.248326004,0.251116008,0.243303999,0.244977996,231056000
1998-06-24,0.212769598,0.252231985,0.255580008,0.243862003,0.247768,273795200
1998-06-25,0.215123117,0.255021989,0.257254004,0.252790004,0.255021989,191811200
1998-06-26,0.21229893,0.251673996,0.255580008,0.247768,0.254464,111115200
1998-06-29,0.216064468,0.256137997,0.257254004,0.250557989,0.252231985,166185600
1998-06-30,0.216064468,0.256137997,0.257254004,0.251116008,0.255580008,131062400
1998-07-01,0.225479349,0.267298996,0.267856985,0.254464,0.257813007,314115200
1998-07-02,0.218418822,0.258929014,0.268415004,0.258929014,0.265067011,298110400
1998-07-06,0.228774205,0.271205008,0.271205008,0.260044992,0.263393015,270950400
1998-07-07,0.229715556,0.272320986,0.275669992,0.267856985,0.271205008,241472000
1998-07-08,0.245250344,0.290737003,0.294084996,0.273995996,0.274554014,932814400
1998-07-09,0.238659874,0.282923996,0.300222993,0.280692011,0.294084996,566608000
1998-07-10,0.241483927,0.286271989,0.291294992,0.283481985,0.287387997,302523200
1998-07-13,0.255605727,0.303012997,0.304688007,0.284597993,0.285156012,715388800
1998-07-14,0.251840204,0.298548996,0.303570986,0.295758992,0.303012997,548531200
1998-07-15,0.259372205,0.307478011,0.309709996,0.299106985,0.300781012,594966400
1998-07-16,0.282437325,0.334820986,0.340402007,0.319195986,0.338169992,2561350400
1998-07-17,0.277730346,0.329241008,0.332589,0.323103011,0.332589,629552000
1998-07-20,0.273023248,0.323661,0.327008992,0.316964,0.326451004,383891200
1998-07-21,0.268315524,0.318080008,0.330356985,0.317521989,0.322544992,329504000
1998-07-22,0.263608485,0.3125,0.318080008,0.305804014,0.311942011,280728000
1998-07-23,0.263137817,0.311942011,0.318080008,0.310268015,0.310826004,253131200
1998-07-24,0.261254966,0.309709996,0.316964,0.301896989,0.315847993,271286400
1998-07-27,0.259372205,0.307478011,0.311383992,0.296875,0.305804014,214233600
1998-07-28,0.253252208,0.300222993,0.309152007,0.294643015,0.304129004,225377600
1998-07-29,0.264549941,0.313616008,0.320313007,0.300781012,0.301339,447720000
1998-07-30,0.274906039,0.325893015,0.328125,0.316964,0.319754004,362297600
1998-07-31,0.260784358,0.309152007,0.328125,0.308036,0.327008992,183108800
1998-08-03,0.264549941,0.313616008,0.317521989,0.296875,0.305804014,301761600
1998-08-04,0.257489324,0.305245996,0.321429014,0.303570986,0.316964,293921600
1998-08-05,0.271140486,0.321429014,0.321429014,0.299106985,0.301339,454081600
1998-08-06,0.277730346,0.329241008,0.329241008,0.311383992,0.313057989,438614400
1998-08-07,0.274906039,0.325893015,0.333705008,0.321429014,0.332031012,298020800
1998-08-10,0.285733074,0.338728011,0.339843988,0.323661,0.324218988,488600000
1998-08-11,0.293734968,0.348214,0.366070986,0.333705008,0.337054014,1759475200
1998-08-12,0.301737756,0.357701004,0.365512997,0.352539003,0.354911,689774400
1998-08-13,0.297030598,0.352120996,0.363839,0.351563007,0.356584996,390779200
1998-08-14,0.30503273,0.361606985,0.363839,0.352679014,0.363281012,450777600
1998-08-17,0.315859497,0.374442011,0.382254004,0.356027007,0.366070986,930876800
1998-08-18,0.320566535,0.380021989,0.387277007,0.377231985,0.378906012,605953600
1998-08-19,0.308798134,0.366070986,0.390625,0.366070986,0.388393015,485990400
1998-08-20,0.305973977,0.362722993,0.367188007,0.359375,0.366070986,391921600
1998-08-21,0.323862314,0.383929014,0.388951004,0.348214,0.357143015,813377600
1998-08-24,0.310211271,0.367745996,0.388393015,0.358258992,0.387834996,610176000
1998-08-25,0.307386041,0.364396989,0.378347993,0.359932989,0.378347993,495566400
1998-08-26,0.304091156,0.360491008,0.367188007,0.352679014,0.356027007,406481600
1998-08-27,0.282437325,0.334820986,0.350445986,0.318080008,0.350445986,1114243200
1998-08-28,0.257489324,0.305245996,0.34375,0.304688007,0.331472993,932254400
1998-08-31,0.234894127,0.278459996,0.311383992,0.276786,0.310268015,868224000
1998-09-01,0.257018775,0.304688007,0.315847993,0.273438007,0.280133992,869075200
1998-09-02,0.267844826,0.317521989,0.333705008,0.314731985,0.316964,843001600
1998-09-03,0.260784358,0.309152007,0.313616008,0.303570986,0.3125,409752000
1998-09-04,0.264549941,0.313616008,0.325334996,0.301339,0.316964,377272000
1998-09-08,0.288086623,0.341518015,0.341518015,0.328125,0.339286,402796800
1998-09-09,0.281495988,0.333705008,0.340402007,0.330356985,0.339843988,354692800
1998-09-10,0.287145227,0.340402007,0.341518015,0.319195986,0.323661,526881600
1998-09-11,0.283379436,0.335938007,0.353794992,0.329241008,0.34375,352284800
1998-09-14,0.280083776,0.332031012,0.346540004,0.331472993,0.341518015,247072000
1998-09-15,0.287615836,0.340959996,0.344307989,0.325893015,0.328125,433652800
1998-09-16,0.281025231,0.333146989,0.345981985,0.330356985,0.344866008,258876800
1998-09-17,0.271140486,0.321429014,0.331472993,0.320313007,0.321987003,269292800
1998-09-18,0.27678892,0.328125,0.328125,0.317521989,0.321987003,305076800
1998-09-21,0.278201014,0.329798996,0.329798996,0.315290004,0.318637997,295870400
1998-09-22,0.278671712,0.330356985,0.335938007,0.324777007,0.331472993,257936000
1998-09-23,0.288557291,0.342076004,0.342633992,0.326451004,0.332589,287918400
1998-09-24,0.289969414,0.34375,0.353237003,0.337054014,0.338169992,482843200
1998-09-25,0.291852206,0.345981985,0.349887997,0.335938007,0.340959996,228289600
1998-09-28,0.294205636,0.348771989,0.358817011,0.339286,0.354911,405417600
1998-09-29,0.297501445,0.352679014,0.357143015,0.340402007,0.348771989,305132800
1998-09-30,0.287145227,0.340402007,0.350445986,0.339286,0.345981985,167182400
1998-10-01,0.268786222,0.318637997,0.339286,0.315847993,0.328125,370216000
1998-10-02,0.264079154,0.313057989,0.323661,0.304688007,0.316964,475574400
1998-10-05,0.242425308,0.287387997,0.308593988,0.28125,0.303570986,551880000
1998-10-06,0.245250344,0.290737003,0.306362003,0.290179014,0.300781012,399862400
1998-10-07,0.240542427,0.285156012,0.297432989,0.284597993,0.289063007,473356800
1998-10-08,0.232069969,0.275112003,0.278459996,0.254464,0.276786,689214400
1998-10-09,0.264549941,0.313616008,0.314731985,0.274554014,0.283481985,668236800
1998-10-12,0.281966537,0.334262997,0.343192011,0.326451004,0.334820986,622899200
1998-10-13,0.291852206,0.345981985,0.349887997,0.321429014,0.339843988,941628800
1998-10-14,0.281495988,0.333705008,0.368862003,0.328682989,0.354911,2280017600
1998-10-15,0.275847435,0.327008992,0.332589,0.316964,0.323661,840672000
1998-10-16,0.276318222,0.327567011,0.339843988,0.325893015,0.331472993,615563200
1998-10-19,0.282437325,0.334820986,0.339843988,0.320313007,0.327567011,475776000
1998-10-20,0.271611214,0.321987003,0.340959996,0.321429014,0.338728011,382088000
1998-10-21,0.279613107,0.331472993,0.334262997,0.319195986,0.328125,430617600
1998-10-22,0.27678892,0.328125,0.335938007,0.323661,0.329241008,317374400
1998-10-23,0.267374158,0.316964,0.329241008,0.313616008,0.328125,355980800
1998-10-26,0.281966537,0.334262997,0.337054014,0.316964,0.321987003,475843200
1998-10-27,0.265491307,0.314731985,0.347656012,0.313057989,0.339286,538193600
1998-10-28,0.277259529,0.328682989,0.330356985,0.313616008,0.314731985,363708800
1998-10-29,0.27443549,0.325334996,0.334262997,0.319754004,0.325334996,344579200
1998-10-30,0.279613107,0.331472993,0.334820986,0.323661,0.328682989,317643200
1998-11-02,0.283379436,0.335938007,0.337054014,0.332589,0.334820986,253769600
1998-11-03,0.284791619,0.337612003,0.341518015,0.333146989,0.333705008,370451200
1998-11-04,0.291381478,0.345423996,0.349330008,0.340402007,0.344307989,627883200
1998-11-05,0.287615836,0.340959996,0.351563007,0.339843988,0.342633992,607118400
1998-11-06,0.28667444,0.339843988,0.341518015,0.332589,0.338169992,797339200
1998-11-09,0.275847435,0.327008992,0.340402007,0.316964,0.336495996,660788800
1998-11-10,0.264549941,0.313616008,0.323661,0.3125,0.323103011,883982400
1998-11-11,0.252781421,0.299665004,0.319754004,0.292411,0.319195986,948505600
1998-11-12,0.256076485,0.303570986,0.307478011,0.293527007,0.295758992,595100800
1998-11-13,0.268786222,0.318637997,0.321987003,0.309709996,0.311942011,791817600
1998-11-16,0.271140486,0.321429014,0.328125,0.316406012,0.320870996,384529600
1998-11-17,0.262196451,0.310826004,0.319754004,0.310268015,0.319195986,210728000
1998-11-18,0.2669034,0.316406012,0.321429014,0.311383992,0.314173996,329660800
1998-11-19,0.269256979,0.319195986,0.332031012,0.316406012,0.316964,346528000
1998-11-20,0.265961975,0.315290004,0.328125,0.310268015,0.325334996,399224000
1998-11-23,0.273023248,0.323661,0.328682989,0.314173996,0.317521989,577953600
1998-11-24,0.270669907,0.320870996,0.328125,0.319195986,0.322544992,319748800
1998-11-25,0.264549941,0.313616008,0.321987003,0.311942011,0.320313007,303800000
1998-11-27,0.264079154,0.313057989,0.313616008,0.310268015,0.313057989,153104000
1998-11-30,0.240542427,0.285156012,0.310826004,0.283481985,0.308593988,561489600
1998-12-01,0.257018775,0.304688007,0.310826004,0.282366008,0.285714,865737600
1998-12-02,0.271140486,0.321429014,0.329241008,0.299106985,0.304688007,962483200
1998-12-03,0.253722876,0.300781012,0.325893015,0.300222993,0.324218988,626046400
1998-12-04,0.246662408,0.292411,0.307478011,0.285714,0.306362003,721369600
1998-12-07,0.254193634,0.301339,0.301339,0.292411,0.297991008,566596800
1998-12-08,0.241483927,0.286271989,0.303012997,0.285714,0.303012997,680108800
1998-12-09,0.241013214,0.285714,0.293527007,0.282366008,0.291853011,592916800
1998-12-10,0.241013214,0.285714,0.294084996,0.284597993,0.291853011,391249600
1998-12-11,0.254193634,0.301339,0.303570986,0.285714,0.287945986,689998400
1998-12-14,0.244779691,0.290179014,0.297432989,0.287945986,0.293527007,501446400
1998-12-15,0.252781421,0.299665004,0.300222993,0.292411,0.292411,264712000
1998-12-16,0.247133121,0.292968988,0.305245996,0.291294992,0.301339,374348800
1998-12-17,0.251840204,0.298548996,0.301339,0.292411,0.294084996,330612800
1998-12-18,0.265020579,0.314173996,0.315847993,0.296875,0.297991008,791492800
1998-12-21,0.264079154,0.313057989,0.318080008,0.305804014,0.315847993,357448000
1998-12-22,0.286203712,0.339286,0.340402007,0.321429014,0.324777007,1150800000
1998-12-23,0.299854785,0.355468988,0.361606985,0.342633992,0.344866008,1235035200
1998-12-24,0.2956177,0.350445986,0.357143015,0.349887997,0.356027007,199987200
1998-12-28,0.307856739,0.364955008,0.367188007,0.348214,0.348214,725312000
1998-12-29,0.307386041,0.364396989,0.370536,0.359375,0.367188007,387352000
1998-12-30,0.301737756,0.357701004,0.367188007,0.357143015,0.358258992,237361600
1998-12-31,0.308327436,0.365512997,0.369419992,0.352679014,0.361606985,271689600
1999-01-04,0.310681731,0.368304014,0.377231985,0.357143015,0.376116008,952884800
1999-01-05,0.326215744,0.386718988,0.392298996,0.370536,0.374442011,1410113600
1999-01-06,0.314447373,0.372768015,0.393972993,0.366070986,0.393972993,1348569600
1999-01-07,0.338925421,0.401786,0.402343988,0.376116008,0.377231985,1429019200
1999-01-08,0.338925421,0.401786,0.418527007,0.392856985,0.415737003,678832000
1999-01-11,0.345515221,0.409597993,0.411271989,0.400669992,0.408481985,560974400
1999-01-12,0.347398043,0.411830008,0.416294992,0.393972993,0.413504004,820736000
1999-01-13,0.350223124,0.415179014,0.422432989,0.377231985,0.382813007,1047816000
1999-01-14,0.311623156,0.369419992,0.410714,0.366629004,0.40625,1723859200
1999-01-15,0.311152458,0.368862003,0.376116008,0.357143015,0.373326004,1006006400
1999-01-19,0.307856739,0.364955008,0.377790004,0.360491008,0.374442011,534889600
1999-01-20,0.305503339,0.362165004,0.375,0.361606985,0.366629004,778120000
1999-01-21,0.292322934,0.346540004,0.362165004,0.334820986,0.361048996,600488000
1999-01-22,0.291852206,0.345981985,0.352679014,0.330915004,0.336495996,345766400
1999-01-25,0.296560019,0.351563007,0.353237003,0.346540004,0.350445986,385336000
1999-01-26,0.30503273,0.361606985,0.364955008,0.353794992,0.356584996,560044800
1999-01-27,0.302208334,0.358258992,0.369419992,0.356584996,0.366070986,364952000
1999-01-28,0.307856739,0.364955008,0.368304014,0.359932989,0.364955008,336280000
1999-01-29,0.310211271,0.367745996,0.371093988,0.357143015,0.367745996,242715200
1999-02-01,0.308327436,0.365512997,0.374442011,0.359932989,0.372209996,278913600
1999-02-02,0.295147032,0.349887997,0.363839,0.348214,0.360491008,307160000
1999-02-03,0.302679032,0.358817011,0.362165004,0.345981985,0.348214,338744000
1999-02-04,0.285262436,0.338169992,0.359375,0.337054014,0.358817011,463780800
1999-02-05,0.273494035,0.324218988,0.342633992,0.316964,0.341518015,777201600
1999-02-08,0.284320921,0.337054014,0.338728011,0.323661,0.327567011,468227200
1999-02-09,0.280083776,0.332031012,0.348771989,0.330915004,0.338728011,701153600
1999-02-10,0.288557291,0.342076004,0.345423996,0.321429014,0.329241008,563628800
1999-02-11,0.298442841,0.353794992,0.354911,0.344307989,0.345981985,565196800
1999-02-12,0.283850223,0.336495996,0.349330008,0.330356985,0.349330008,428904000
1999-02-16,0.288557291,0.342076004,0.347097993,0.338169992,0.347097993,300227200
1999-02-17,0.278671712,0.330356985,0.345423996,0.329798996,0.340402007,296060800
1999-02-18,0.271140486,0.321429014,0.338169992,0.317521989,0.335379004,500169600
1999-02-19,0.280083776,0.332031012,0.336495996,0.323103011,0.323661,361692800
1999-02-22,0.289498657,0.343192011,0.347097993,0.332589,0.333705008,298670400
1999-02-23,0.289498657,0.343192011,0.353237003,0.338728011,0.344307989,322179200
1999-02-24,0.281966537,0.334262997,0.348214,0.333705008,0.346540004,212755200
1999-02-25,0.278201014,0.329798996,0.336495996,0.325893015,0.333146989,264600000
1999-02-26,0.262196451,0.310826004,0.330356985,0.308036,0.325893015,667251200
1999-03-01,0.254193634,0.301339,0.310826004,0.300222993,0.310826004,487827200
1999-03-02,0.260784358,0.309152007,0.315290004,0.301339,0.304688007,683054400
1999-03-03,0.257489324,0.305245996,0.313616008,0.299106985,0.310268015,293350400
1999-03-04,0.251840204,0.298548996,0.308036,0.289063007,0.308036,367270400
1999-03-05,0.249957293,0.296317011,0.306362003,0.289063007,0.306362003,468036800
1999-03-08,0.258901507,0.306919992,0.309709996,0.296317011,0.296875,550670400
1999-03-09,0.257018775,0.304688007,0.306919992,0.299106985,0.306362003,319692800
1999-03-10,0.245250344,0.290737003,0.305245996,0.289620996,0.305245996,546280000
1999-03-11,0.242425308,0.287387997,0.302455008,0.285714,0.287945986,473659200
1999-03-12,0.249957293,0.296317011,0.299106985,0.288504004,0.288504004,271398400
1999-03-15,0.256547153,0.304129004,0.3125,0.296875,0.297432989,352161600
1999-03-16,0.267374158,0.316964,0.317521989,0.311942011,0.3125,399828800
1999-03-17,0.256547153,0.304129004,0.321987003,0.303012997,0.320870996,366318400
1999-03-18,0.267374158,0.316964,0.318080008,0.305804014,0.306919992,227080000
1999-03-19,0.252310902,0.299106985,0.321429014,0.293527007,0.320870996,536502400
1999-03-22,0.264079154,0.313057989,0.314173996,0.294084996,0.303570986,593611200
1999-03-23,0.248545244,0.294643015,0.307478011,0.292411,0.307478011,415553600
1999-03-24,0.253722876,0.300781012,0.301339,0.290179014,0.296875,400153600
1999-03-25,0.254664332,0.301896989,0.311383992,0.297991008,0.306919992,399963200
1999-03-26,0.25042817,0.296875,0.301896989,0.294643015,0.301339,253836800
1999-03-29,0.266432613,0.315847993,0.316406012,0.298548996,0.299106985,568870400
1999-03-30,0.27019909,0.320313007,0.324777007,0.3125,0.3125,554523200
1999-03-31,0.270669907,0.320870996,0.331472993,0.320313007,0.324777007,422352000
1999-04-01,0.271611214,0.321987003,0.327567011,0.319195986,0.321987003,262057600
1999-04-05,0.279142559,0.330915004,0.338169992,0.321429014,0.321429014,460936000
1999-04-06,0.286203712,0.339286,0.342076004,0.328682989,0.328682989,628588800
1999-04-07,0.279613107,0.331472993,0.341518015,0.324777007,0.339843988,411812800
1999-04-08,0.277730346,0.329241008,0.330915004,0.321429014,0.329241008,296408000
1999-04-09,0.27678892,0.328125,0.332589,0.320870996,0.323661,268542400
1999-04-12,0.273023248,0.323661,0.329241008,0.311383992,0.3125,395819200
1999-04-13,0.260784358,0.309152007,0.328682989,0.308036,0.324218988,412384000
1999-04-14,0.267609417,0.31724301,0.330915004,0.3125,0.314731985,681027200
1999-04-15,0.269256979,0.319195986,0.323103011,0.306362003,0.315847993,1734476800
1999-04-16,0.2669034,0.316406012,0.321987003,0.314731985,0.320313007,502219200
1999-04-19,0.25513503,0.302455008,0.321429014,0.299106985,0.318637997,921816000
1999-04-20,0.256547153,0.304129004,0.310268015,0.299106985,0.302455008,523857600
1999-04-21,0.258901507,0.306919992,0.306919992,0.299106985,0.303570986,351400000
1999-04-22,0.273964703,0.324777007,0.327008992,0.313057989,0.313057989,740174400
1999-04-23,0.295147032,0.349887997,0.352120996,0.323661,0.323661,1046841600
1999-04-26,0.308327436,0.365512997,0.368304014,0.350445986,0.352679014,927931200
1999-04-27,0.344573855,0.408481985,0.409040004,0.383929014,0.383929014,2106048000
1999-04-28,0.331864059,0.393415004,0.407923996,0.389508992,0.398438007,954990400
1999-04-29,0.323862314,0.383929014,0.396205008,0.373046994,0.386161,789308800
1999-04-30,0.346456587,0.410714,0.420758992,0.392856985,0.392856985,1472329600
1999-05-03,0.373288214,0.442521989,0.446429014,0.408481985,0.411271989,1470436800
1999-05-04,0.350223124,0.415179014,0.434152007,0.412387997,0.430804014,811238400
1999-05-05,0.353988737,0.419643015,0.419643015,0.398438007,0.413504004,579297600
1999-05-06,0.335158974,0.397320986,0.418527007,0.392856985,0.415737003,433148800
1999-05-07,0.345515221,0.409597993,0.409597993,0.381695986,0.398438007,434716800
1999-05-10,0.340808243,0.404018015,0.419084996,0.398438007,0.417411,392996800
1999-05-11,0.33704266,0.399554014,0.412387997,0.388951004,0.400669992,458595200
1999-05-12,0.350223124,0.415179014,0.415179014,0.393972993,0.400669992,395124800
1999-05-13,0.347868621,0.412387997,0.417968988,0.40625,0.414620996,295523200
1999-05-14,0.334217578,0.396205008,0.409040004,0.396205008,0.402902007,226632000
1999-05-17,0.334217578,0.396205008,0.398995996,0.383929014,0.390625,210761600
1999-05-18,0.340808243,0.404018015,0.410714,0.396205008,0.400112003,418376000
1999-05-19,0.340337485,0.403459996,0.408481985,0.388393015,0.40625,298278400
1999-05-20,0.320095718,0.379464,0.408481985,0.379464,0.405692011,417715200
1999-05-21,0.330922633,0.392298996,0.395646989,0.380021989,0.383929014,463187200
1999-05-24,0.315859497,0.374442011,0.395646989,0.373883992,0.389508992,260926400
1999-05-25,0.312564671,0.370536,0.378906012,0.365512997,0.371093988,366508800
1999-05-26,0.331864059,0.393415004,0.396205008,0.368304014,0.372768015,437550400
1999-05-27,0.327627867,0.388393015,0.390625,0.381137997,0.385603011,336761600
1999-05-28,0.331864059,0.393415004,0.395646989,0.385044992,0.386718988,201129600
1999-06-01,0.337513328,0.400112003,0.404576004,0.396205008,0.401786,461025600
1999-06-02,0.350693852,0.415737003,0.428012997,0.392856985,0.397320986,521057600
1999-06-03,0.357283533,0.423548996,0.428570986,0.417968988,0.418527007,488510400
1999-06-04,0.362462163,0.429688007,0.430245996,0.421875,0.425222993,368681600
1999-06-07,0.368581235,0.436942011,0.4375,0.424106985,0.429688007,418286400
1999-06-08,0.359166473,0.425781012,0.435826004,0.424665004,0.435268015,313656000
1999-06-09,0.364815623,0.432478011,0.433036,0.423548996,0.423548996,353785600
1999-06-10,0.362462163,0.429688007,0.430804014,0.422432989,0.427455008,317049600
1999-06-11,0.349752367,0.414620996,0.433036,0.412945986,0.429688007,185046400
1999-06-14,0.342220336,0.405692011,0.416294992,0.402902007,0.415179014,157080000
1999-06-15,0.346927375,0.411271989,0.417411,0.402902007,0.403459996,130390400
1999-06-16,0.361049175,0.428012997,0.429129004,0.414063007,0.414063007,225019200
1999-06-17,0.349281698,0.414063007,0.428570986,0.408481985,0.425222993,224403200
1999-06-18,0.354930162,0.420758992,0.421875,0.403459996,0.405133992,208062400
1999-06-21,0.350223124,0.415179014,0.421875,0.410714,0.419643015,135150400
1999-06-22,0.341749638,0.405133992,0.419084996,0.405133992,0.413504004,151076800
1999-06-23,0.329039872,0.390067011,0.402622998,0.388951004,0.402343988,531496000
1999-06-24,0.318683684,0.377790004,0.389508992,0.377231985,0.389508992,433361600
1999-06-25,0.317742378,0.376673996,0.381137997,0.375557989,0.379464,294134400
1999-06-28,0.320566535,0.380021989,0.383370996,0.378347993,0.378906012,277692800
1999-06-29,0.341749638,0.405133992,0.406807989,0.380580008,0.381417006,380385600
1999-06-30,0.348810166,0.413504004,0.419084996,0.401228011,0.407923996,343268800
1999-07-01,0.34127894,0.404576004,0.415737003,0.404018015,0.413504004,149217600
1999-07-02,0.348810166,0.413504004,0.418527007,0.403459996,0.406529009,123681600
1999-07-06,0.356812865,0.422991008,0.425222993,0.409040004,0.410156012,453812800
1999-07-07,0.375642508,0.445313007,0.453125,0.419643015,0.422991008,1099156800
1999-07-08,0.41047591,0.486606985,0.491629004,0.454241008,0.456472993,1625041600
1999-07-09,0.418949395,0.496652007,0.496652007,0.473214,0.486606985,608697600
1999-07-12,0.41047591,0.486606985,0.496652007,0.483817011,0.495536,303912000
1999-07-13,0.404356927,0.479353011,0.483817011,0.472097993,0.477679014,283259200
1999-07-14,0.421302885,0.499442011,0.505580008,0.486606985,0.486606985,624556800
1999-07-15,0.401061088,0.475445986,0.499442011,0.458146989,0.498883992,1691804800
1999-07-16,0.399649054,0.473771989,0.486606985,0.473214,0.478794992,411499200
1999-07-19,0.410005182,0.486048996,0.498326004,0.467076004,0.481584996,561299200
1999-07-20,0.39823699,0.472097993,0.495536,0.470981985,0.487165004,442075200
1999-07-21,0.407181054,0.482701004,0.494978011,0.472097993,0.482701004,718166400
1999-07-22,0.394471318,0.467633992,0.481027007,0.456472993,0.478794992,406728000
1999-07-23,0.401531786,0.476004004,0.479911,0.470423996,0.471540004,229051200
1999-07-26,0.383644402,0.454798996,0.473214,0.454241008,0.472097993,351187200
1999-07-27,0.404356927,0.479353011,0.481584996,0.46875,0.469866008,395908800
1999-07-28,0.409534603,0.485491008,0.494419992,0.473214,0.481027007,328910400
1999-07-29,0.40576905,0.481027007,0.493304014,0.474330008,0.476563007,275475200
1999-07-30,0.419420093,0.497209996,0.501115978,0.486606985,0.486606985,383140800
1999-08-02,0.419890732,0.497768015,0.517857015,0.495536,0.496652007,362443200
1999-08-03,0.416125089,0.493304014,0.512835026,0.478794992,0.506695986,368379200
1999-08-04,0.405298322,0.480468988,0.498883992,0.475445986,0.492745996,371425600
1999-08-05,0.41235885,0.488839,0.489955008,0.465402007,0.477679014,322537600
1999-08-06,0.407651901,0.483258992,0.493862003,0.477679014,0.482701004,435556800
1999-08-09,0.410005182,0.486048996,0.492745996,0.484375,0.485211998,233284800
1999-08-10,0.417066634,0.494419992,0.5,0.478794992,0.482143015,416225600
1999-08-11,0.449546576,0.532923996,0.533482015,0.499442011,0.5,850337600
1999-08-12,0.451900035,0.535713971,0.547990978,0.523437977,0.527343988,666108800
1999-08-13,0.452370763,0.536271989,0.553570986,0.534597993,0.541294992,298435200
1999-08-16,0.455666572,0.540179014,0.541853011,0.53125,0.534039974,276931200
1999-08-17,0.454253435,0.538504004,0.539062977,0.526228011,0.538504004,320936000
1999-08-18,0.45284152,0.536830008,0.553570986,0.532365978,0.536271989,468574400
1999-08-19,0.442485958,0.524554014,0.540179014,0.522879004,0.534039974,550020800
1999-08-20,0.445780933,0.528460026,0.530134022,0.519531012,0.529017985,327947200
1999-08-23,0.457549334,0.542411029,0.547990978,0.529576004,0.530134022,355566400
1999-08-24,0.454724967,0.539062977,0.542411029,0.535156012,0.539062977,502264000
1999-08-25,0.462256312,0.547990978,0.549107015,0.536830008,0.541853011,295164800
1999-08-26,0.467905641,0.554687977,0.563615978,0.545759022,0.545759022,404488000
1999-08-27,0.487675667,0.578125,0.580357015,0.559710026,0.560267985,446835200
1999-08-30,0.46743381,0.554129004,0.580357015,0.553570986,0.580357015,336593600
1999-08-31,0.491441309,0.582588971,0.588169992,0.554129004,0.558872998,634547200
1999-09-01,0.516860902,0.612722993,0.614396989,0.589286029,0.598213971,788625600
1999-09-02,0.531453431,0.630021989,0.637835026,0.597097993,0.603794992,895148800
1999-09-03,0.55357784,0.65625,0.671875,0.629463971,0.642298996,1635267200
1999-09-07,0.575231671,0.681919992,0.695870996,0.65625,0.658482015,984793600
1999-09-08,0.561109841,0.665179014,0.693638027,0.665179014,0.680245996,762204800
1999-09-09,0.569111705,0.674664974,0.678013027,0.659597993,0.674107015,534083200
1999-09-10,0.583233535,0.691406012,0.693638027,0.666853011,0.678570986,458763200
1999-09-13,0.564875364,0.669642985,0.688058019,0.667968988,0.688058019,252000000
1999-09-14,0.586057782,0.694754004,0.700892985,0.666853011,0.66713202,388292800
1999-09-15,0.56769973,0.672990978,0.706472993,0.671875,0.704240978,359576000
1999-09-16,0.578526676,0.685826004,0.696986973,0.659597993,0.679129004,441884800
1999-09-17,0.579468071,0.686941981,0.694195986,0.680804014,0.690289974,277278400
1999-09-20,0.595472395,0.705914974,0.715402007,0.686384022,0.6875,456668800
1999-09-21,0.521568716,0.618304014,0.654017985,0.616070986,0.653460026,3357558400
1999-09-22,0.529570401,0.627789974,0.639509022,0.616210997,0.622767985,1123169600
1999-09-23,0.476848751,0.565289974,0.636161029,0.5625,0.635044992,1143755200
1999-09-24,0.489087909,0.579798996,0.598353982,0.5625,0.565847993,1179875200
1999-09-27,0.461785674,0.547433019,0.595982015,0.546316981,0.592634022,948192000
1999-09-28,0.449075788,0.532365978,0.553570986,0.512835026,0.549107015,1414963200
1999-09-29,0.444839567,0.527343988,0.546875,0.517857015,0.537945986,657283200
1999-09-30,0.476848751,0.565289974,0.573103011,0.529017985,0.531808019,908084800
1999-10-01,0.464845091,0.551060021,0.557478011,0.53125,0.554687977,614790400
1999-10-04,0.486263514,0.576451004,0.579240978,0.556919992,0.556919992,459356800
1999-10-05,0.511682928,0.606585026,0.608259022,0.578125,0.585937977,814206400
1999-10-06,0.506033838,0.599888027,0.621652007,0.598213971,0.619419992,804272000
1999-10-07,0.499914587,0.592634022,0.612722993,0.579240978,0.611048996,605886400
1999-10-08,0.493794888,0.585379004,0.592076004,0.566963971,0.590960026,382804800
1999-10-11,0.502268314,0.595423996,0.609375,0.589286029,0.589286029,263121600
1999-10-12,0.509800315,0.604353011,0.621652007,0.598213971,0.606027007,563752000
1999-10-13,0.482262522,0.571708024,0.620536029,0.569195986,0.594865978,636731200
1999-10-14,0.551224232,0.653460026,0.654576004,0.616070986,0.618304014,1898803200
1999-10-15,0.561580658,0.665736973,0.676896989,0.626673996,0.635044992,1173177600
1999-10-18,0.55169487,0.654017985,0.662945986,0.635044992,0.659597993,776406400
1999-10-19,0.515919328,0.611607015,0.669642985,0.611048996,0.639509022,1022582400
1999-10-20,0.565816939,0.670759022,0.671875,0.625,0.625,1081404800
1999-10-21,0.57334888,0.679687977,0.688058019,0.646205008,0.647879004,793452800
1999-10-22,0.556872904,0.660156012,0.689732015,0.655134022,0.688615978,419507200
1999-10-25,0.561109841,0.665179014,0.679687977,0.658482015,0.662945986,326592000
1999-10-26,0.565346241,0.670201004,0.674107015,0.654576004,0.669085026,361435200
1999-10-27,0.575231671,0.681919992,0.684152007,0.655691981,0.664062977,443072000
1999-10-28,0.586529195,0.695312977,0.705357015,0.679129004,0.688058019,504089600
1999-10-29,0.603475511,0.715402007,0.723771989,0.703683019,0.703683019,523051200
1999-11-01,0.584645867,0.693080008,0.720423996,0.690847993,0.714286029,278577600
1999-11-02,0.604416668,0.716517985,0.729353011,0.690289974,0.696429014,399235200
1999-11-03,0.61383158,0.727679014,0.743304014,0.723213971,0.728794992,328462400
1999-11-04,0.6298365,0.746652007,0.762277007,0.719865978,0.732701004,379086400
1999-11-05,0.66514039,0.788504004,0.789062977,0.75,0.755580008,416808000
1999-11-08,0.725864887,0.860490978,0.872627974,0.774554014,0.783482015,950924800
1999-11-09,0.675025702,0.800222993,0.84375,0.785713971,0.842634022,809177600
1999-11-10,0.688676953,0.816406012,0.832588971,0.786830008,0.787945986,577897600
1999-11-11,0.694796979,0.823661029,0.827009022,0.802455008,0.817800999,269875200
1999-11-12,0.682557881,0.809152007,0.821429014,0.780134022,0.820870996,279059200
1999-11-15,0.673613667,0.798548996,0.829240978,0.790179014,0.800222993,259907200
1999-11-16,0.686794221,0.814173996,0.819195986,0.790179014,0.803570986,233856000
1999-11-17,0.679733634,0.805804014,0.845982015,0.803570986,0.809710026,364571200
1999-11-18,0.675025702,0.800222993,0.813615978,0.789620996,0.813058019,364784000
1999-11-19,0.696209192,0.825335026,0.829240978,0.786271989,0.799107015,312513600
1999-11-22,0.682557881,0.809152007,0.819195986,0.796875,0.819195986,202361600
1999-11-23,0.69903326,0.828683019,0.850445986,0.790179014,0.819195986,543312000
1999-11-24,0.713154674,0.845423996,0.848213971,0.818638027,0.830357015,215107200
1999-11-26,0.715979099,0.848771989,0.852679014,0.840402007,0.845982015,132070400
1999-11-29,0.712213695,0.844308019,0.890625,0.832588971,0.841517985,464161600
1999-11-30,0.737162471,0.873884022,0.926338971,0.869419992,0.876115978,843180800
1999-12-01,0.776232958,0.920201004,0.933036029,0.893414974,0.901786029,618564800
1999-12-02,0.829895914,0.983816981,0.987722993,0.908482015,0.920759022,567358400
1999-12-03,0.866142392,1.02678597,1.031808019,0.998884022,1.001674056,647920000
1999-12-06,0.873673737,1.03571403,1.047433019,0.994978011,1.022879004,466782400
1999-12-07,0.88732475,1.051897049,1.053570986,1.017856956,1.040737033,445020800
1999-12-08,0.828954518,0.982701004,1.052454948,0.977679014,1.037945986,412350400
1999-12-09,0.792708278,0.939732015,0.991070986,0.900669992,0.991070986,855198400
1999-12-10,0.775762141,0.919642985,0.975445986,0.883929014,0.940289974,637761600
1999-12-13,0.745636046,0.883929014,0.915179014,0.883370996,0.914201975,529961600
1999-12-14,0.714567065,0.847097993,0.890625,0.845982015,0.878347993,435870400
1999-12-15,0.730571687,0.866070986,0.868304014,0.813058019,0.832588971,622977600
1999-12-16,0.740457177,0.877789974,0.878347993,0.839286029,0.875,463825600
1999-12-17,0.753166974,0.892857015,0.910713971,0.879463971,0.900669992,495006400
1999-12-20,0.738103569,0.875,0.889509022,0.862722993,0.888951004,283987200
1999-12-21,0.771996796,0.915179014,0.920201004,0.874441981,0.876673996,307596800
1999-12-22,0.752696216,0.892298996,0.933593988,0.881695986,0.918527007,327073600
1999-12-23,0.779528081,0.924107015,0.930804014,0.902343988,0.909039974,229532800
1999-12-27,0.747989535,0.886718988,0.932478011,0.886161029,0.931919992,168392000
1999-12-28,0.739515781,0.876673996,0.889509022,0.848213971,0.885044992,247576000
1999-12-29,0.758345425,0.898995996,0.912388027,0.852679014,0.864396989,284502400
1999-12-30,0.755520582,0.895646989,0.929687977,0.889509022,0.912388027,207144000
1999-12-31,0.774350047,0.917968988,0.918527007,0.888392985,0.901228011,163811200
2000-01-03,0.843076527,0.999441981,1.00446403,0.907923996,0.936384022,535796800
2000-01-04,0.771996796,0.915179014,0.987722993,0.903460026,0.966517985,512377600
2000-01-05,0.783293486,0.928570986,0.987164974,0.919642985,0.926338971,778321600
2000-01-06,0.715508521,0.848213971,0.955357015,0.848213971,0.947544992,767972800
2000-01-07,0.749401391,0.888392985,0.901786029,0.852679014,0.861607015,460734400
2000-01-10,0.736220956,0.872767985,0.912945986,0.845982015,0.910713971,505064000
2000-01-11,0.698562443,0.828125,0.887277007,0.808036029,0.856585026,441548800
2000-01-12,0.656667769,0.778460026,0.852679014,0.772320986,0.848213971,976068800
2000-01-13,0.728688836,0.863838971,0.881695986,0.825892985,0.843609989,1032684800
2000-01-14,0.756461799,0.896763027,0.912945986,0.887277007,0.892857015,390376000
2000-01-18,0.782822669,0.928013027,0.946429014,0.896763027,0.901786029,459177600
2000-01-19,0.802593768,0.951451004,0.970982015,0.922990978,0.943080008,597643200
2000-01-20,0.854844689,1.013393044,1.084820986,1.013393044,1.03125,1831132800
2000-01-21,0.838369429,0.993861973,1.02008903,0.983816981,1.02008903,495924800
2000-01-24,0.800240457,0.948661029,1.006695986,0.938615978,0.968191981,440876800
2000-01-25,0.845429778,1.002231956,1.010045052,0.914062977,0.9375,497145600
2000-01-26,0.829895914,0.983816981,1.019531012,0.979911029,0.982142985,367158400
2000-01-27,0.82848388,0.982142985,1.008929014,0.955357015,0.971539974,340144000
2000-01-28,0.765405774,0.907365978,0.989955008,0.898437977,0.965960026,423348800
2000-01-31,0.781410694,0.926338971,0.927455008,0.84375,0.901786029,701680000
2000-02-01,0.755049765,0.895088971,0.9375,0.892857015,0.928570986,318035200
2000-02-02,0.744222701,0.882254004,0.911830008,0.866070986,0.899554014,464195200
2000-02-03,0.778115928,0.922433019,0.930804014,0.895088971,0.895646989,475193600
2000-02-04,0.813420892,0.964286029,0.982142985,0.925222993,0.928013027,425320000
2000-02-07,0.859081209,1.018414974,1.02008903,0.945870996,0.964286029,441067200
2000-02-08,0.865200996,1.025670052,1.036829948,0.993304014,1.017856956,408643200
2000-02-09,0.848254025,1.005579948,1.045758963,1.003906012,1.018972993,299364800
2000-02-10,0.854844689,1.013393044,1.016741037,0.982142985,1.007812977,302982400
2000-02-11,0.819069207,0.970982015,1.018972993,0.966517985,1.014508963,212251200
2000-02-14,0.872261584,1.034039974,1.034597993,0.969865978,0.976004004,367539200
2000-02-15,0.896268725,1.0625,1.070870996,1.028460026,1.029018044,485744000
2000-02-16,0.859551787,1.018972993,1.054687977,1.001116037,1.05133903,378246400
2000-02-17,0.865200996,1.025670052,1.03125,1.010045052,1.028460026,289497600
2000-02-18,0.837898791,0.993304014,1.030133963,0.989955008,1.023437977,233441600
2000-02-22,0.857198119,1.016183019,1.044085026,0.952566981,0.983259022,422296000
2000-02-23,0.87555635,1.037945986,1.0625,0.991070986,1.011021018,473099200
2000-02-24,0.867671728,1.028599024,1.063616037,0.997767985,1.047433019,376432000
2000-02-25,0.831308365,0.985490978,1.044643044,0.983259022,1.025112033,249144000
2000-02-28,0.852962136,1.01116097,1.02678597,0.967634022,0.983259022,328328000
2000-02-29,0.863318205,1.023437977,1.046875,1.005022049,1.013950944,368961600
2000-03-01,0.981470525,1.163504004,1.179129004,1.05803597,1.058593988,1077003200
2000-03-02,0.918863952,1.08928597,1.142299056,1.077566981,1.133929014,311259200
2000-03-03,0.96405369,1.142856956,1.144950032,1.071429014,1.114954948,323366400
2000-03-06,0.946637034,1.122210026,1.152902007,1.116070986,1.125,210560000
2000-03-07,0.925453782,1.097097993,1.137835026,1.081472993,1.128906012,273011200
2000-03-08,0.918863952,1.08928597,1.106585026,1.058593988,1.097097993,271230400
2000-03-09,0.920746863,1.091518044,1.116070986,1.055804014,1.079241037,276718400
2000-03-10,0.947107911,1.122768044,1.142299056,1.080356956,1.086495996,248606400
2000-03-13,0.913685858,1.083147049,1.12946403,1.06696403,1.090402007,303956800
2000-03-14,0.860493362,1.02008903,1.109375,1.017856956,1.082309961,428579200
2000-03-15,0.87555635,1.037945986,1.07366097,1.018972993,1.032366037,443609600
2000-03-16,0.91556865,1.085379004,1.08928597,1.022320986,1.047433019,378100800
2000-03-17,0.941458583,1.116070986,1.116070986,1.068079948,1.072545052,305043200
2000-03-20,0.926395118,1.09821403,1.127231956,1.092633963,1.102679014,204489600
2000-03-21,1.016304851,1.204799056,1.220981956,1.085937977,1.094308019,524328000
2000-03-22,1.085972548,1.287387967,1.289062977,1.174664974,1.185546994,567996800
2000-03-23,1.064319611,1.261718988,1.342633963,1.25,1.267856956,562564800
2000-03-24,1.044548392,1.238281012,1.285156012,1.209820986,1.271762967,446913600
2000-03-27,1.051139116,1.246093988,1.29241097,1.222097993,1.228795052,279182400
2000-03-28,1.047843814,1.242187977,1.267856956,1.224329948,1.225445986,202966400
2000-03-29,1.02383709,1.213727951,1.244977951,1.194893956,1.244420052,239836800
2000-03-30,0.947107911,1.122768044,1.229352951,1.119977951,1.192522049,414400000
2000-03-31,1.022895575,1.212612033,1.225445986,1.125,1.137835026,404633600
2000-04-03,1.00406599,1.190289974,1.24553597,1.155691981,1.209820986,328563200
2000-04-04,0.958876193,1.136718988,1.1875,1.04241097,1.184152007,660329600
2000-04-05,0.981942117,1.164062977,1.186383963,1.107143044,1.129184961,457665600
2000-04-06,0.942871571,1.117745996,1.200893044,1.100445986,1.166295052,259627200
2000-04-07,0.99229753,1.17633903,1.177454948,1.12053597,1.13616097,242435200
2000-04-10,0.941458583,1.116070986,1.185268044,1.11383903,1.175781012,212262400
2000-04-11,0.899563849,1.066406012,1.114954948,1.054129004,1.102679014,541822400
2000-04-12,0.822834909,0.975445986,1.0625,0.936384022,1.0625,941136000
2000-04-13,0.857198119,1.016183019,1.071429014,0.96875,0.995536029,529827200
2000-04-14,0.84260577,0.998884022,1.053570986,0.973213971,0.976004004,667620800
2000-04-17,0.9329862,1.106027007,1.106585026,0.973771989,0.977679014,409561600
2000-04-18,0.955581069,1.132812977,1.132812977,1.065847993,1.102679014,390924800
2000-04-19,0.912273228,1.081472993,1.162945986,1.069195986,1.126674056,520150400
2000-04-20,0.89532733,1.061383963,1.11383903,1.045200944,1.104352951,722120000
2000-04-24,0.907566547,1.075893044,1.075893044,1.024554014,1.02678597,443620800
2000-04-25,0.966407716,1.145647049,1.149554014,1.089843988,1.090402007,391641600
2000-04-26,0.913685858,1.083147049,1.142856956,1.071429014,1.130579948,366912000
2000-04-27,0.954639494,1.131695986,1.133929014,1.040876031,1.046316981,326603200
2000-04-28,0.934397876,1.107700944,1.138393044,1.083147049,1.135045052,249580800
2000-05-01,0.936281085,1.109933019,1.117187977,1.088170052,1.114954948,226195200
2000-05-02,0.887795091,1.052454948,1.127231956,1.049106956,1.100445986,236432000
2000-05-03,0.866613328,1.027343988,1.08258903,0.996652007,1.061941981,489798400
2000-05-04,0.833661735,0.988281012,1.029018044,0.987164974,1.027902007,399515200
2000-05-05,0.852020621,1.010045052,1.024554014,0.988560021,0.989396989,284076800
2000-05-08,0.829425395,0.983259022,1.015066981,0.982142985,1.000836968,184900800
2000-05-09,0.794120193,0.941406012,0.993304014,0.936384022,0.984933019,327140800
2000-05-10,0.747989535,0.886718988,0.9375,0.881695986,0.929129004,535091200
2000-05-11,0.774350047,0.917968988,0.930804014,0.883929014,0.905134022,499744000
2000-05-12,0.810596645,0.960937977,0.986607015,0.935406983,0.946429014,306913600
2000-05-15,0.760699034,0.901786029,0.964843988,0.893972993,0.964843988,678932800
2000-05-16,0.796003222,0.943638027,0.973771989,0.917411029,0.933175027,440451200
2000-05-17,0.763523221,0.905134022,0.925781012,0.896205008,0.925222993,398092800
2000-05-18,0.758816183,0.899554014,0.936941981,0.898437977,0.919642985,373777600
2000-05-19,0.707977474,0.839286029,0.886161029,0.833705008,0.886161029,740667200
2000-05-22,0.67737931,0.803013027,0.837054014,0.767857015,0.837054014,755507200
2000-05-23,0.646311641,0.766183019,0.833705008,0.764509022,0.808036029,517585600
2000-05-24,0.660433233,0.782923996,0.801338971,0.741070986,0.769531012,678462400
2000-05-25,0.657255709,0.779156983,0.827287972,0.767857015,0.790179014,406750400
2000-05-26,0.650547862,0.771205008,0.802455008,0.761161029,0.785713971,181148800
2000-05-30,0.659492075,0.781808019,0.786830008,0.729911029,0.782365978,713059200
2000-05-31,0.632660508,0.75,0.814732015,0.748326004,0.775669992,433507200
2000-06-01,0.671260297,0.795759022,0.799664974,0.717634022,0.729911029,903840000
2000-06-02,0.69715029,0.826451004,0.890625,0.794642985,0.837054014,792848000
2000-06-05,0.687735498,0.815289974,0.850445986,0.800781012,0.833146989,323668800
2000-06-06,0.699503899,0.829240978,0.863838971,0.806361973,0.821150005,525481600
2000-06-07,0.727276862,0.862164974,0.866070986,0.818080008,0.835937977,337019200
2000-06-08,0.714096665,0.846539974,0.879463971,0.831472993,0.871652007,238526400
2000-06-09,0.721157849,0.854911029,0.874441981,0.842634022,0.863838971,252358400
2000-06-12,0.686794221,0.814173996,0.861048996,0.811384022,0.860490978,290337600
2000-06-13,0.711742938,0.84375,0.845423996,0.787388027,0.814173996,351456000
2000-06-14,0.681145608,0.807478011,0.859375,0.804687977,0.845423996,277446400
2000-06-15,0.695738137,0.824777007,0.833705008,0.794642985,0.814732015,248572800
2000-06-16,0.686794221,0.814173996,0.837054014,0.795201004,0.834820986,303564800
2000-06-19,0.72774756,0.862722993,0.873884022,0.801896989,0.808593988,394004800
2000-06-20,0.762581527,0.904017985,0.928013027,0.878347993,0.879463971,501390400
2000-06-21,0.837898791,0.993304014,1.016741037,0.898437977,0.901786029,490000000
2000-06-22,0.809654295,0.959820986,1.029018044,0.956472993,0.995536029,467712000
2000-06-23,0.778586328,0.922990978,0.975445986,0.907365978,0.960379004,204965600
2000-06-26,0.815303802,0.966517985,0.977679014,0.930804014,0.9375,185354400
2000-06-27,0.779528081,0.924107015,0.991070986,0.921875,0.960379004,203470400
2000-06-28,0.820010364,0.972097993,0.988838971,0.919642985,0.952009022,286428800
2000-06-29,0.771996796,0.915179014,0.963169992,0.911830008,0.947544992,203660800
2000-06-30,0.788942635,0.935267985,0.981027007,0.922990978,0.943080008,323097600
2000-07-03,0.803064466,0.952009022,0.969865978,0.930804014,0.930804014,70828800
2000-07-05,0.777645111,0.921875,0.985490978,0.90625,0.950892985,265216000
2000-07-06,0.780469179,0.925222993,0.945312977,0.886161029,0.9375,309545600
2000-07-07,0.820010364,0.972097993,0.978794992,0.930804014,0.939173996,263603200
2000-07-10,0.860493362,1.02008903,1.040179014,0.959820986,0.965960026,397796000
2000-07-11,0.857668996,1.016741037,1.05803597,0.989955008,1.017856956,357896000
2000-07-12,0.886854172,1.05133903,1.052454948,1.006695986,1.037945986,225433600
2000-07-13,0.851079285,1.008929014,1.08258903,0.977679014,1.044643044,445659200
2000-07-14,0.868966639,1.030133963,1.053570986,1.015625,1.02008903,190276800
2000-07-17,0.87838161,1.041295052,1.050222993,1.02008903,1.040179014,260002400
2000-07-18,0.862375975,1.022320986,1.05133903,1.015625,1.044643044,318404800
2000-07-19,0.793649852,0.940847993,1.014508963,0.924107015,0.985490978,457872800
2000-07-20,0.830366731,0.984375,1.018972993,0.966517985,0.982142985,465572800
2000-07-21,0.806830227,0.956472993,0.993304014,0.945312977,0.970703006,196235200
2000-07-24,0.733396828,0.869419992,0.944195986,0.848213971,0.938615978,412171200
2000-07-25,0.754108429,0.893972993,0.904017985,0.876115978,0.898437977,211607200
2000-07-26,0.754108429,0.893972993,0.915179014,0.879463971,0.890066981,210470400
2000-07-27,0.783293486,0.928570986,0.950892985,0.890625,0.892857015,294985600
2000-07-28,0.72774756,0.862722993,0.9375,0.837054014,0.933593988,237893600
2000-07-31,0.765405774,0.907365978,0.921875,0.870536029,0.877789974,155299200
2000-08-01,0.742810786,0.880580008,0.913504004,0.879463971,0.898437977,137284000
2000-08-02,0.711742938,0.84375,0.891740978,0.842634022,0.875,162355200
2000-08-03,0.723040342,0.857142985,0.858259022,0.790179014,0.813615978,339897600
2000-08-04,0.713625729,0.845982015,0.915179014,0.827009022,0.883370996,263121600
2000-08-07,0.722099185,0.856027007,0.876115978,0.842634022,0.854911029,187348000
2000-08-08,0.704210877,0.834820986,0.857142985,0.827009022,0.856027007,176674400
2000-08-09,0.715508521,0.848213971,0.864955008,0.84375,0.859375,379640800
2000-08-10,0.716449857,0.849330008,0.864955008,0.845982015,0.857142985,251714400
2000-08-11,0.718333721,0.851562977,0.857142985,0.813615978,0.836495996,238056000
2000-08-14,0.708918571,0.840402007,0.851562977,0.827009022,0.849888027,156660000
2000-08-15,0.703269482,0.833705008,0.856027007,0.830357015,0.84375,114200800
2000-08-16,0.730571687,0.866070986,0.875,0.835937977,0.837054014,143673600
2000-08-17,0.774820864,0.918527007,0.936384022,0.862722993,0.863838971,270900000
2000-08-18,0.753166974,0.892857015,0.925222993,0.890625,0.917411029,190176000
2000-08-21,0.760699034,0.901786029,0.920759022,0.886161029,0.897320986,134467200
2000-08-22,0.778586328,0.922990978,0.943080008,0.899554014,0.904017985,276802400
2000-08-23,0.818127692,0.969865978,0.977679014,0.911830008,0.919085026,236863200
2000-08-24,0.845194697,1.001953006,1.01116097,0.953125,0.976283014,310766400
2000-08-25,0.855786026,1.014508963,1.02678597,1.006695986,1.008929014,334460000
2000-08-28,0.874615014,1.036829948,1.053570986,1.018972993,1.022320986,359004800
2000-08-29,0.891561866,1.056920052,1.061383963,1.030133963,1.033481956,267030400
2000-08-30,0.896268725,1.0625,1.071429014,1.048269987,1.053570986,285392800
2000-08-31,0.917922556,1.088170052,1.09821403,1.052454948,1.053012967,419596800
2000-09-01,0.955581069,1.132812977,1.13616097,1.091518044,1.094866037,256872000
2000-09-05,0.94051677,1.114954948,1.14508903,1.111606956,1.118862033,298642400
2000-09-06,0.880264342,1.043527007,1.11383903,1.03125,1.095981956,355404000
2000-09-07,0.933927298,1.107143044,1.117187977,1.040179014,1.055804014,217464800
2000-09-08,0.886854172,1.05133903,1.100445986,1.044643044,1.100445986,195518400
2000-09-11,0.880264342,1.043527007,1.078125,1.037945986,1.047991037,187381600
2000-09-12,0.869907975,1.03125,1.072545052,1.017856956,1.023995996,187997600
2000-09-13,0.873673737,1.03571403,1.0625,1.013393044,1.013393044,305984000
2000-09-14,0.856492162,1.01534605,1.064731956,1.014508963,1.045758963,426552000
2000-09-15,0.832014263,0.986328006,1.039062977,0.96875,1.03125,394514400
2000-09-18,0.913685858,1.083147049,1.084820986,0.983259022,0.986607015,424536000
2000-09-19,0.902859449,1.070312977,1.080356956,1.045758963,1.06696403,271510400
2000-09-20,0.919569969,1.090123057,1.097097993,1.045758963,1.060825944,227388000
2000-09-21,0.853903413,1.012277007,1.064731956,0.986607015,1.044643044,510490400
2000-09-22,0.786118448,0.931919992,0.936384022,0.892857015,0.898437977,726700800
2000-09-25,0.805888593,0.955357015,0.991070986,0.929687977,0.941963971,435551200
2000-09-26,0.774820864,0.918527007,0.977679014,0.917411029,0.952009022,290936800
2000-09-27,0.737162471,0.873884022,0.941963971,0.861607015,0.924107015,402259200
2000-09-28,0.805888593,0.955357015,0.960937977,0.859375,0.880580008,979585600
2000-09-29,0.387880623,0.459820986,0.517857015,0.453125,0.503347993,7421640800
2000-10-02,0.36528632,0.433036,0.477679014,0.419643015,0.476563007,2424788800
2000-10-03,0.336101294,0.398438007,0.446429014,0.396205008,0.445313007,2038120000
2000-10-04,0.355871469,0.421875,0.424106985,0.390625,0.399554014,1466024000
2000-10-05,0.332334816,0.393972993,0.4375,0.392856985,0.419643015,873006400
2000-10-06,0.334217578,0.396205008,0.409597993,0.375,0.405133992,612656800
2000-10-09,0.327627867,0.388393015,0.408481985,0.377231985,0.404018015,597564800
2000-10-10,0.314447373,0.372768015,0.400669992,0.366070986,0.386161,691101600
2000-10-11,0.2956177,0.350445986,0.375,0.341518015,0.359375,1198422400
2000-10-12,0.301266998,0.357143015,0.371652007,0.348214,0.362722993,1191064000
2000-10-13,0.332334816,0.393972993,0.395089,0.357143015,0.361606985,1247752800
2000-10-16,0.323862314,0.383929014,0.415179014,0.381695986,0.398438007,820176000
2000-10-17,0.30314976,0.359375,0.391741008,0.351563007,0.387277007,601720000
2000-10-18,0.30314976,0.359375,0.376116008,0.334820986,0.347097993,834265600
2000-10-19,0.285262436,0.338169992,0.353794992,0.327008992,0.342076004,1506724800
2000-10-20,0.293734968,0.348214,0.363839,0.338169992,0.340402007,791263200
2000-10-23,0.306915313,0.363839,0.367188007,0.347097993,0.361885995,551292000
2000-10-24,0.284320921,0.337054014,0.372768015,0.335938007,0.369419992,804451200
2000-10-25,0.278671712,0.330356985,0.342633992,0.329241008,0.340402007,663969600
2000-10-26,0.278671712,0.330356985,0.337054014,0.3125,0.335938007,721851200
2000-10-27,0.279613107,0.331472993,0.342633992,0.319195986,0.337054014,744503200
2000-10-30,0.290910721,0.344866008,0.356027007,0.334820986,0.341518015,639189600
2000-10-31,0.294676304,0.349330008,0.361606985,0.34375,0.352679014,885880800
2000-11-01,0.308798134,0.366070986,0.372768015,0.347097993,0.347097993,575366400
2000-11-02,0.336101294,0.398438007,0.400669992,0.376116008,0.377231985,590693600
2000-11-03,0.335158974,0.397320986,0.410714,0.391741008,0.410714,515821600
2000-11-06,0.322920799,0.382813007,0.404018015,0.372768015,0.400669992,393478400
2000-11-07,0.321037233,0.380580008,0.389508992,0.371652007,0.383929014,301963200
2000-11-08,0.302208334,0.358258992,0.382813007,0.353794992,0.381695986,422088800
2000-11-09,0.304091156,0.360491008,0.366070986,0.340402007,0.354911,476834400
2000-11-10,0.287145227,0.340402007,0.354911,0.340402007,0.345703006,422251200
2000-11-13,0.291852206,0.345981985,0.357143015,0.325893015,0.334820986,431816000
2000-11-14,0.30503273,0.361606985,0.366070986,0.349330008,0.356027007,409001600
2000-11-15,0.299384147,0.354911,0.360491008,0.34375,0.357701004,282357600
2000-11-16,0.286203712,0.339286,0.353794992,0.337054014,0.348214,239372000
2000-11-17,0.278671712,0.330356985,0.34375,0.325893015,0.342633992,446180000
2000-11-20,0.285262436,0.338169992,0.348214,0.325893015,0.332031012,408066400
2000-11-21,0.283379436,0.335938007,0.348214,0.334820986,0.342633992,301952000
2000-11-22,0.278671712,0.330356985,0.341518015,0.328125,0.335938007,280532000
2000-11-24,0.290910721,0.344866008,0.348214,0.335938007,0.336775005,160932800
2000-11-27,0.281495988,0.333705008,0.356027007,0.330356985,0.354911,258792800
2000-11-28,0.271611214,0.321987003,0.339286,0.320313007,0.333705008,269124800
2000-11-29,0.264549941,0.313616008,0.327008992,0.308036,0.323103011,492150400
2000-11-30,0.248545244,0.294643015,0.303570986,0.287945986,0.297991008,809597600
2000-12-01,0.257018775,0.304688007,0.3125,0.300222993,0.303570986,385705600
2000-12-04,0.251369506,0.297991008,0.306919992,0.293527007,0.306919992,371520800
2000-12-05,0.256076485,0.303570986,0.311383992,0.292411,0.302455008,613978400
2000-12-06,0.2155938,0.255580008,0.267856985,0.25,0.261161,1374464000
2000-12-07,0.2155938,0.255580008,0.265625,0.25,0.257813007,408917600
2000-12-08,0.226891413,0.268972993,0.273438007,0.257813007,0.264508992,435624000
2000-12-11,0.228774205,0.271205008,0.274554014,0.265625,0.271205008,332511200
2000-12-12,0.231599212,0.274554014,0.285714,0.267856985,0.272320986,386260000
2000-12-13,0.225950018,0.267856985,0.277902007,0.265625,0.277902007,344887200
2000-12-14,0.217477441,0.257813007,0.272320986,0.257813007,0.268415004,263317600
2000-12-15,0.211828202,0.251116008,0.262277007,0.25,0.260044992,513945600
2000-12-18,0.214652359,0.254464,0.261161,0.248884007,0.260044992,325808000
2000-12-19,0.210886791,0.25,0.272320986,0.25,0.256695986,374007200
2000-12-20,0.216535136,0.256695986,0.261161,0.243303999,0.246094003,565331200
2000-12-21,0.211828202,0.251116008,0.267856985,0.247768,0.254464,366844800
2000-12-22,0.225950018,0.267856985,0.267856985,0.252231985,0.252231985,318052000
2000-12-26,0.221242979,0.262277007,0.267856985,0.254464,0.265625,216815200
2000-12-27,0.22312586,0.264508992,0.264508992,0.253347993,0.256137997,325466400
2000-12-28,0.22312586,0.264508992,0.266741008,0.255580008,0.256695986,305177600
2000-12-29,0.224067181,0.265625,0.267856985,0.258929014,0.262277007,630336000
2001-01-02,0.224067181,0.265625,0.272320986,0.260044992,0.265625,452312000
2001-01-03,0.246662408,0.292411,0.297991008,0.257813007,0.258929014,817073600
2001-01-04,0.257018775,0.304688007,0.330356985,0.300222993,0.323940009,739396000
2001-01-05,0.246662408,0.292411,0.310268015,0.286830008,0.302455008,412356000
2001-01-08,0.24948673,0.295758992,0.303292006,0.284597993,0.302455008,373699200
2001-01-09,0.258901507,0.306919992,0.315010995,0.295758992,0.300222993,588929600
2001-01-10,0.24948673,0.295758992,0.303570986,0.286830008,0.297991008,580781600
2001-01-11,0.271140486,0.321429014,0.330356985,0.290179014,0.290179014,803734400
2001-01-12,0.258901507,0.306919992,0.321429014,0.304688007,0.319195986,423376800
2001-01-16,0.257960081,0.305804014,0.325893015,0.303570986,0.311383992,306118400
2001-01-17,0.253252208,0.300222993,0.313616008,0.294643015,0.313616008,840873600
2001-01-18,0.281495988,0.333705008,0.334820986,0.314731985,0.318080008,1227010400
2001-01-19,0.293734968,0.348214,0.349330008,0.333705008,0.347097993,776664000
2001-01-22,0.289969414,0.34375,0.350445986,0.329241008,0.340402007,519327200
2001-01-23,0.308798134,0.366070986,0.373883992,0.340402007,0.344866008,879530400
2001-01-24,0.308798134,0.366070986,0.369419992,0.349330008,0.368304014,717091200
2001-01-25,0.300325662,0.356027007,0.367188007,0.352679014,0.367188007,489708800
2001-01-26,0.294676304,0.349330008,0.353794992,0.340402007,0.348214,482820800
2001-01-29,0.326686442,0.387277007,0.388393015,0.349330008,0.349330008,855528800
2001-01-30,0.327627867,0.388393015,0.392856985,0.372768015,0.385044992,692423200
2001-01-31,0.325744987,0.386161,0.401786,0.382813007,0.383929014,730704800
2001-02-01,0.318212956,0.377231985,0.383929014,0.366070986,0.369419992,369695200
2001-02-02,0.310681731,0.368304014,0.391741008,0.366070986,0.377231985,427341600
2001-02-05,0.304091156,0.360491008,0.367188007,0.352679014,0.366070986,286115200
2001-02-06,0.318212956,0.377231985,0.381974995,0.357143015,0.359932989,462711200
2001-02-07,0.312564671,0.370536,0.372768015,0.353794992,0.368862003,393887200
2001-02-08,0.312564671,0.370536,0.376116008,0.360491008,0.367188007,604128000
2001-02-09,0.288086623,0.341518015,0.371652007,0.333705008,0.366070986,590083200
2001-02-12,0.296560019,0.351563007,0.357143015,0.335938007,0.340402007,274120000
2001-02-13,0.288086623,0.341518015,0.364955008,0.339286,0.356027007,237070400
2001-02-14,0.293734968,0.348214,0.350445986,0.330356985,0.342633992,309120000
2001-02-15,0.302208334,0.358258992,0.367188007,0.351563007,0.351563007,311416000
2001-02-16,0.286203712,0.339286,0.348214,0.334820986,0.339286,263911200
2001-02-20,0.275847435,0.327008992,0.347097993,0.324777007,0.342633992,314893600
2001-02-21,0.284320921,0.337054014,0.356027007,0.325893015,0.325893015,390258400
2001-02-22,0.283379436,0.335938007,0.345981985,0.321429014,0.340402007,431961600
2001-02-23,0.283379436,0.335938007,0.337054014,0.325893015,0.332589,293865600
2001-02-26,0.293734968,0.348214,0.351563007,0.331472993,0.340402007,206438400
2001-02-27,0.291852206,0.345981985,0.347097993,0.333705008,0.344307989,348516000
2001-02-28,0.274906039,0.325893015,0.347097993,0.323661,0.345981985,508233600
2001-03-01,0.282437325,0.334820986,0.334820986,0.306919992,0.318080008,330461600
2001-03-02,0.289969414,0.34375,0.364955008,0.325893015,0.327008992,406201600
2001-03-05,0.306915313,0.363839,0.366070986,0.34375,0.345981985,324172800
2001-03-06,0.323862314,0.383929014,0.393972993,0.369419992,0.369978011,731802400
2001-03-07,0.320095718,0.379464,0.386161,0.370536,0.380580008,419540800
2001-03-08,0.313506037,0.371652007,0.377231985,0.364955008,0.369419992,204859200
2001-03-09,0.30503273,0.361606985,0.369419992,0.357143015,0.368304014,299135200
2001-03-12,0.280554444,0.332589,0.354911,0.323661,0.351563007,391020000
2001-03-13,0.294676304,0.349330008,0.349330008,0.324777007,0.337054014,443329600
2001-03-14,0.307856739,0.364955008,0.366070986,0.329241008,0.330356985,477775200
2001-03-15,0.296560019,0.351563007,0.381695986,0.351563007,0.372768015,529317600
2001-03-16,0.2956177,0.350445986,0.362722993,0.337054014,0.339286,470316000
2001-03-19,0.309740365,0.367188007,0.368304014,0.348214,0.352679014,356008800
2001-03-20,0.296560019,0.351563007,0.373883992,0.351563007,0.369978011,499206400
2001-03-21,0.30314976,0.359375,0.372768015,0.345981985,0.353237003,371375200
2001-03-22,0.325744987,0.386161,0.388393015,0.360491008,0.363839,723301600
2001-03-23,0.346456587,0.410714,0.420758992,0.392856985,0.393972993,944888000
2001-03-26,0.328079998,0.388929009,0.424106985,0.377321005,0.413035989,734451200
2001-03-27,0.344498754,0.408392996,0.411606997,0.391070992,0.391786009,543821600
2001-03-28,0.333954424,0.395893008,0.401786,0.383929014,0.394286007,584662400
2001-03-29,0.339376807,0.402321011,0.418749988,0.383929014,0.388749987,613065600
2001-03-30,0.332447827,0.394107014,0.405714005,0.381071001,0.402678996,400349600
2001-04-02,0.325217783,0.385535985,0.404642999,0.382142991,0.394463986,340911200
2001-04-03,0.304882348,0.361429006,0.382142991,0.35946399,0.381428987,368687200
2001-04-04,0.293734968,0.348214,0.361606985,0.334820986,0.352856994,685484800
2001-04-05,0.314372301,0.372678995,0.401786,0.357143015,0.367857009,446762400
2001-04-06,0.310154527,0.367679,0.375714004,0.355356991,0.371428996,324889600
2001-04-09,0.309401155,0.366786003,0.381071001,0.358213991,0.36946401,266582400
2001-04-10,0.331995666,0.393570989,0.405357003,0.371071011,0.373214006,457374400
2001-04-11,0.32838127,0.389286011,0.410714,0.379999995,0.410356998,334096000
2001-04-12,0.337720037,0.400357008,0.411071002,0.37767899,0.382499993,298933600
2001-04-16,0.322957963,0.382856995,0.400000006,0.372500002,0.394463986,285224800
2001-04-17,0.307292551,0.364286005,0.378749996,0.349999994,0.378571004,685199200
2001-04-18,0.343293339,0.406964004,0.430000007,0.376428992,0.385179013,1100842400
2001-04-19,0.387429476,0.459286004,0.459820986,0.421429008,0.456250012,1873670400
2001-04-20,0.37718612,0.447142988,0.457679003,0.439285994,0.445178986,693403200
2001-04-23,0.36528632,0.433036,0.446429014,0.428570986,0.434643,541525600
2001-04-24,0.361971915,0.42910701,0.441964,0.419820994,0.434464008,377137600
2001-04-25,0.37236622,0.441428989,0.443928987,0.420893013,0.432321012,330780800
2001-04-26,0.371914089,0.440892994,0.46607101,0.440714002,0.449463993,799696800
2001-04-27,0.3946594,0.467857003,0.469464004,0.441964,0.449999988,453012000
2001-04-30,0.383964986,0.455179006,0.48428601,0.444106996,0.476785988,494776800
2001-05-01,0.390592635,0.463036001,0.473214,0.449999988,0.453750014,427252000
2001-05-02,0.400533915,0.474821001,0.476785988,0.460000008,0.470357001,368524800
2001-05-03,0.375980735,0.445713997,0.46875,0.441606998,0.463750005,301543200
2001-05-04,0.387880623,0.459820986,0.461607009,0.427857012,0.432857007,281052800
2001-05-07,0.375980735,0.445713997,0.460000008,0.443571001,0.457500011,276550400
2001-05-08,0.37010631,0.438749999,0.454463989,0.427679002,0.452679008,315436800
2001-05-09,0.361218631,0.428214014,0.438392997,0.422679007,0.431071013,324889600
2001-05-10,0.346456587,0.410714,0.4375,0.409821004,0.432321012,288976800
2001-05-11,0.344197512,0.408035994,0.419463992,0.406428993,0.410892993,203044800
2001-05-14,0.35082534,0.415892988,0.422856987,0.40625,0.408749998,309220800
2001-05-15,0.349168599,0.413928986,0.455356985,0.411428988,0.417320997,237025600
2001-05-16,0.3630265,0.430357009,0.4375,0.408035994,0.415356994,322330400
2001-05-17,0.35474205,0.420536011,0.434464008,0.415179014,0.432678998,332119200
2001-05-18,0.354440898,0.420179009,0.422143012,0.412856996,0.417142987,159051200
2001-05-21,0.354892105,0.420713991,0.426964015,0.411606997,0.42196399,460997600
2001-05-22,0.353988737,0.419643015,0.430893004,0.417856991,0.428570986,412916000
2001-05-23,0.349921048,0.414820999,0.424106985,0.408214003,0.424106985,281041600
2001-05-24,0.349469841,0.414285988,0.416070998,0.403928995,0.415892988,271756800
2001-05-25,0.342842132,0.406428993,0.415892988,0.401786,0.414285988,158743200
2001-05-29,0.323410124,0.38339299,0.401786,0.371607006,0.398571014,515989600
2001-05-30,0.297952712,0.353213996,0.370714009,0.344642997,0.370714009,777078400
2001-05-31,0.300513685,0.356249988,0.361429006,0.348035991,0.353570998,442892800
2001-06-01,0.314673454,0.373035997,0.376607001,0.356786013,0.35946399,456075200
2001-06-04,0.311209053,0.368928999,0.376964003,0.365357012,0.376428992,281920800
2001-06-05,0.315426767,0.373928994,0.376785994,0.363393009,0.371428996,471794400
2001-06-06,0.312263459,0.370178998,0.373750001,0.363036007,0.373750001,223176800
2001-06-07,0.32627213,0.386786014,0.387499988,0.365179002,0.369821012,325180800
2001-06-08,0.321150213,0.380713999,0.386606991,0.369821012,0.386606991,342624800
2001-06-11,0.301869273,0.357856989,0.376249999,0.356249988,0.375892997,294000000
2001-06-12,0.305936873,0.362679005,0.36946401,0.352856994,0.353035986,303794400
2001-06-13,0.308346808,0.365536004,0.388036013,0.358213991,0.382499993,511487200
2001-06-14,0.299459279,0.354999989,0.365179002,0.353035986,0.357856989,297348800
2001-06-15,0.307894796,0.36500001,0.370536,0.345535994,0.358929008,454624800
2001-06-18,0.306237966,0.363036007,0.37232101,0.357143015,0.364464015,345912000
2001-06-19,0.304129153,0.360536009,0.382142991,0.357320994,0.37232101,321087200
2001-06-20,0.326422334,0.386963993,0.390179008,0.356786013,0.357143015,431620000
2001-06-21,0.338774472,0.401607007,0.410714,0.376785994,0.384820998,341331200
2001-06-22,0.335310102,0.397500008,0.410714,0.388570994,0.401428998,286025600
2001-06-25,0.361369699,0.428393006,0.428570986,0.400893003,0.401786,439549600
2001-06-26,0.35775426,0.424106985,0.424463987,0.410892993,0.416785985,272781600
2001-06-27,0.351578593,0.416785985,0.428570986,0.401786,0.425536007,374130400
2001-06-28,0.354590982,0.420356989,0.426964015,0.409642994,0.411606997,348409600
2001-06-29,0.350223124,0.415179014,0.448213995,0.414285988,0.422500014,515390400
2001-07-02,0.360014081,0.426786005,0.432678998,0.413213998,0.422143012,230048000
2001-07-03,0.359109879,0.425713986,0.431786001,0.419643015,0.419820994,112543200
2001-07-05,0.349318832,0.414106995,0.424463987,0.410892993,0.421429008,152292000
2001-07-06,0.331845462,0.39339301,0.409999996,0.38785699,0.406428993,302920800
2001-07-09,0.341937661,0.405357003,0.410714,0.387142986,0.394463986,337467200
2001-07-10,0.318438977,0.377499998,0.411963999,0.372143,0.409821004,395270400
2001-07-11,0.339527726,0.402500004,0.402678996,0.375,0.375535995,470506400
2001-07-12,0.366942972,0.435000002,0.44303599,0.416070998,0.416070998,614801600
2001-07-13,0.374324083,0.443749994,0.446606994,0.425713986,0.430893004,454742400
2001-07-16,0.360917598,0.427857012,0.448213995,0.426964015,0.444285989,278667200
2001-07-17,0.378089547,0.448213995,0.45035699,0.410892993,0.428214014,647830400
2001-07-18,0.313166976,0.371250004,0.406785995,0.364643008,0.388929009,1137012800
2001-07-19,0.300664723,0.356429011,0.382499993,0.352679014,0.379106998,861140000
2001-07-20,0.300965816,0.356786013,0.358213991,0.348035991,0.351785988,444584000
2001-07-23,0.294338018,0.348928988,0.366070986,0.348392993,0.358749986,241360000
2001-07-24,0.287559271,0.340893,0.355713993,0.334464014,0.346249998,348376000
2001-07-25,0.27821967,0.329820991,0.344642997,0.32089299,0.341428995,443878400
2001-07-26,0.2800273,0.331963986,0.335714012,0.318749994,0.330000013,369140800
2001-07-27,0.285600632,0.338571012,0.34375,0.330356985,0.334820986,334135200
2001-07-30,0.285149366,0.338036001,0.345714003,0.330536008,0.341428995,243359200
2001-07-31,0.283040494,0.335536003,0.346785992,0.330536008,0.344107002,235026400
2001-08-01,0.287107348,0.340357006,0.353213996,0.338393003,0.339464009,304136000
2001-08-02,0.298555881,0.353929013,0.354820997,0.343928993,0.350892991,252089600
2001-08-03,0.293734968,0.348214,0.355356991,0.339286,0.355179012,186054400
2001-08-06,0.288161665,0.341607004,0.351071,0.339286,0.340000004,99652000
2001-08-07,0.289969414,0.34375,0.351249993,0.338928998,0.345178992,168548800
2001-08-08,0.284697205,0.337500006,0.351785988,0.331070989,0.343928993,276169600
2001-08-09,0.286957085,0.340178996,0.341964006,0.334286004,0.338571012,200664800
2001-08-10,0.286504835,0.339643002,0.344999999,0.331963986,0.340000004,186961600
2001-08-13,0.287559271,0.340893,0.345178992,0.335000008,0.34107101,147996800
2001-08-14,0.282136232,0.334464014,0.345714003,0.333393008,0.342857003,228950400
2001-08-15,0.277768344,0.329286009,0.33821401,0.324999988,0.335000008,289279200
2001-08-16,0.280931592,0.333036005,0.334820986,0.32089299,0.326249987,288092000
2001-08-17,0.272195041,0.322679013,0.329463989,0.321249992,0.321429014,208426400
2001-08-20,0.27294746,0.323570997,0.325536013,0.31803599,0.323929012,252302400
2001-08-21,0.269935071,0.319999993,0.323929012,0.316071004,0.323929012,185701600
2001-08-22,0.274303794,0.325179011,0.325893015,0.314464003,0.320356995,173975200
2001-08-23,0.268278331,0.31803599,0.327499986,0.313928992,0.324999988,217078400
2001-08-24,0.279726088,0.331607014,0.332500011,0.31517899,0.321429014,290332000
2001-08-27,0.284998298,0.337857008,0.344642997,0.324286014,0.332143009,175644000
2001-08-28,0.277165115,0.328570992,0.341785997,0.328570992,0.337500006,171735200
2001-08-29,0.268579543,0.318392992,0.336250007,0.318392992,0.329286009,239971200
2001-08-30,0.268579543,0.318392992,0.324642986,0.308571011,0.316785991,368692800
2001-08-31,0.279424936,0.331250012,0.332143009,0.31517899,0.316606998,216904800
2001-09-04,0.274906039,0.325893015,0.340714008,0.324642986,0.330356985,348213600
2001-09-05,0.279424936,0.331250012,0.338393003,0.323570997,0.325713992,360057600
2001-09-06,0.266922742,0.316428989,0.338036001,0.31517899,0.328570992,282368800
2001-09-07,0.260294318,0.308571011,0.323213995,0.307143003,0.3125,241830400
2001-09-10,0.261650562,0.310178995,0.3125,0.302143008,0.303570986,308845600
2001-09-17,0.255926371,0.303393006,0.304821014,0.280892998,0.285714,458007200
2001-09-18,0.245230824,0.290713996,0.316428989,0.288749993,0.301786005,327101600
2001-09-19,0.256378472,0.303929001,0.305357009,0.27857101,0.294643015,373318400
2001-09-20,0.236193225,0.280000001,0.302679002,0.276786,0.290892988,411174400
2001-09-21,0.236946538,0.280892998,0.290179014,0.262142986,0.264286011,570516800
2001-09-24,0.247791931,0.293749988,0.300713986,0.284821004,0.287678987,294537600
2001-09-25,0.234084338,0.277500004,0.28964299,0.274107009,0.288213998,374404800
2001-09-26,0.228209913,0.270536005,0.283749998,0.266606987,0.282321006,493796800
2001-09-27,0.233632222,0.276964009,0.28125,0.271429002,0.272320986,322240800
2001-09-28,0.233632222,0.276964009,0.284107,0.274821013,0.280535996,365108800
2001-10-01,0.234084338,0.277500004,0.285535991,0.271964014,0.276607007,208208000
2001-10-02,0.226703361,0.268750012,0.282678992,0.26571399,0.275536001,235883200
2001-10-03,0.22564885,0.267500013,0.274286002,0.264820993,0.266963989,683043200
2001-10-04,0.239205495,0.283571005,0.290179014,0.267679006,0.274107009,401122400
2001-10-05,0.243122205,0.288213998,0.288392991,0.267679006,0.275000006,342686400
2001-10-08,0.244026497,0.289285988,0.291963995,0.276786,0.278035998,207984000
2001-10-09,0.241013214,0.285714,0.289285988,0.279107004,0.286606997,174025600
2001-10-10,0.253365338,0.300357014,0.300893009,0.284821004,0.287499994,307759200
2001-10-11,0.267223954,0.316785991,0.316785991,0.300893009,0.302143008,334163200
2001-10-12,0.271290749,0.321606994,0.322856992,0.301070988,0.309107006,287812000
2001-10-15,0.270989567,0.321249992,0.32821399,0.320535988,0.320535988,318752000
2001-10-16,0.271290749,0.321606994,0.324999988,0.317321002,0.323035985,202949600
2001-10-17,0.255926371,0.303393006,0.328750014,0.302857012,0.327499986,285538400
2001-10-18,0.271140486,0.321429014,0.325536013,0.308750004,0.308750004,612572800
2001-10-19,0.275659442,0.326786011,0.328570992,0.319285989,0.320356995,166790400
2001-10-22,0.286504835,0.339643002,0.340535998,0.323035985,0.325179011,391938400
2001-10-23,0.273249388,0.323929012,0.346785992,0.319106996,0.341428995,684980800
2001-10-24,0.285450548,0.338393003,0.340893,0.316964,0.32249999,374427200
2001-10-25,0.289065838,0.342678994,0.34375,0.324286014,0.329286009,254951200
2001-10-26,0.281232655,0.333393008,0.34375,0.332500011,0.336786002,278964000
2001-10-29,0.265566349,0.314821005,0.333393008,0.314285994,0.331607014,239181600
2001-10-30,0.265115142,0.314285994,0.321429014,0.304643005,0.310357004,276763200
2001-10-31,0.264511943,0.313571006,0.328570992,0.311428994,0.316606998,273750400
2001-11-01,0.2800273,0.331963986,0.33535701,0.308036,0.31517899,312995200
2001-11-02,0.279726088,0.331607014,0.336786002,0.324286014,0.330713987,197204000
2001-11-05,0.287258208,0.340535998,0.34375,0.332320988,0.336429,235793600
2001-11-06,0.294789493,0.349463999,0.350356996,0.33089301,0.338571012,316019200
2001-11-07,0.295090526,0.349821001,0.35946399,0.345178992,0.347499996,382989600
2001-11-08,0.28183499,0.334107012,0.355179012,0.331607014,0.350535989,342143200
2001-11-09,0.28183499,0.334107012,0.34375,0.331250012,0.332143009,134293600
2001-11-12,0.282437325,0.334820986,0.342321008,0.320713997,0.333214015,201499200
2001-11-13,0.291777045,0.345892996,0.346249998,0.334107012,0.340714008,224672000
2001-11-14,0.295392513,0.350178987,0.355356991,0.341964006,0.349821001,221149600
2001-11-15,0.292981684,0.347321004,0.355356991,0.343392998,0.347321004,213029600
2001-11-16,0.285751611,0.338750005,0.344464004,0.328570992,0.344107002,230664000
2001-11-19,0.301266998,0.357143015,0.358036011,0.338571012,0.339286,332589600
2001-11-20,0.294187069,0.348749995,0.360713989,0.348214,0.353929013,276584000
2001-11-21,0.296446949,0.351428986,0.353570998,0.343928993,0.350178987,201583200
2001-11-23,0.298857093,0.354285985,0.356249988,0.349463999,0.351963997,60004000
2001-11-26,0.321903527,0.381606996,0.384820998,0.354999989,0.356070995,460689600
2001-11-27,0.316330254,0.375,0.384285986,0.366070986,0.378571004,268553600
2001-11-28,0.309250325,0.36660701,0.378749996,0.364464015,0.37232101,250611200
2001-11-29,0.307593524,0.364643008,0.369643003,0.360536009,0.367857009,202764800
2001-11-30,0.320848972,0.380356997,0.382856995,0.361606985,0.365536004,303912000
2001-12-03,0.317083448,0.375892997,0.379999995,0.367857009,0.376071006,181165600
2001-12-04,0.337418795,0.400000006,0.402857006,0.370000005,0.375892997,380419200
2001-12-05,0.357905328,0.424286008,0.42910701,0.395893008,0.399286002,568579200
2001-12-06,0.343143314,0.406785995,0.419643015,0.395357013,0.419286013,338934400
2001-12-07,0.339527726,0.402500004,0.405535996,0.392856985,0.401071012,203515200
2001-12-10,0.339527726,0.402500004,0.410535991,0.396964014,0.398036003,170010400
2001-12-11,0.328079998,0.388929009,0.408035994,0.386606991,0.404821008,205475200
2001-12-12,0.323711306,0.383749992,0.391429007,0.379464,0.39053601,192460800
2001-12-13,0.316330254,0.375,0.384820998,0.366070986,0.383749992,197842400
2001-12-14,0.307141423,0.364107013,0.371964008,0.358749986,0.370178998,189884800
2001-12-17,0.310605824,0.368214011,0.375,0.360536009,0.364286005,173712000
2001-12-18,0.316481054,0.375178993,0.380892992,0.361070991,0.373035997,235239200
2001-12-19,0.325668991,0.386070997,0.387142986,0.365536004,0.367500007,289956800
2001-12-20,0.311359137,0.369107008,0.38339299,0.368214011,0.382142991,220864000
2001-12-21,0.316330254,0.375,0.384642988,0.371428996,0.375178993,256334400
2001-12-24,0.321753323,0.381428987,0.383035988,0.373214006,0.373214006,50629600
2001-12-26,0.323711306,0.383749992,0.398214012,0.377499998,0.381249994,146400800
2001-12-27,0.332447827,0.394107014,0.397320986,0.385356992,0.385356992,191508800
2001-12-28,0.337871045,0.400536001,0.410714,0.392143011,0.392320991,299124000
2001-12-31,0.329886913,0.391070992,0.404642999,0.389820993,0.401964009,137782400
2002-01-02,0.350975603,0.416070998,0.416070998,0.392143011,0.393750012,529496800
2002-01-03,0.355193168,0.421070993,0.424106985,0.406607002,0.410714,612007200
2002-01-04,0.356850833,0.423036009,0.427679002,0.410535991,0.416785985,409976000
2002-01-07,0.344950885,0.40892899,0.428570986,0.40625,0.423570991,444584000
2002-01-08,0.340582222,0.403750002,0.411606997,0.401071012,0.40625,450038400
2002-01-09,0.326121271,0.386606991,0.409464002,0.379999995,0.407142997,327835200
2002-01-10,0.319794714,0.379106998,0.383213997,0.361606985,0.378928989,452737600
2002-01-11,0.317083448,0.375892997,0.389999986,0.367857009,0.381963998,348801600
2002-01-14,0.318590134,0.37767899,0.382142991,0.373214006,0.375178993,415996000
2002-01-15,0.326874524,0.387499988,0.388570994,0.378749996,0.380713999,290320800
2002-01-16,0.313015908,0.371071011,0.382321,0.366070986,0.382321,566893600
2002-01-17,0.338624328,0.401428998,0.406071007,0.39053601,0.392143011,660576000
2002-01-18,0.333954424,0.395893008,0.40357101,0.392143011,0.392856985,338811200
2002-01-22,0.328682303,0.389643013,0.399464011,0.389643013,0.397679001,327314400
2002-01-23,0.346757799,0.411071002,0.411428988,0.385535985,0.389286011,443279200
2002-01-24,0.349619955,0.414463997,0.419820994,0.40892899,0.409107,344002400
2002-01-25,0.350223124,0.415179014,0.418213993,0.404642999,0.408749998,185914400
2002-01-28,0.350524187,0.415535986,0.420536011,0.405714005,0.417856991,186446400
2002-01-29,0.347511083,0.411963999,0.420356989,0.408035994,0.41464299,240324000
2002-01-30,0.362876326,0.430179,0.431071013,0.409642994,0.411963999,471576000
2002-01-31,0.37236622,0.441428989,0.441606998,0.430536002,0.431428999,468445600
2002-02-01,0.367696315,0.435892999,0.445713997,0.434643,0.434643,398305600
2002-02-04,0.381856114,0.452679008,0.455713987,0.432143003,0.434285998,522373600
2002-02-05,0.383361816,0.454463989,0.463928998,0.447856992,0.448035985,456887200
2002-02-06,0.371612877,0.440535992,0.463928998,0.431250006,0.457143009,597576000
2002-02-07,0.366039604,0.433928996,0.451606989,0.430000007,0.44017899,347832800
2002-02-08,0.361971915,0.42910701,0.439999998,0.417320997,0.435714006,355331200
2002-02-11,0.376281887,0.446070999,0.446429014,0.423929006,0.427320987,398602400
2002-02-12,0.372215271,0.441249996,0.447142988,0.436607003,0.440357,224280000
2002-02-13,0.376734138,0.446606994,0.450713992,0.44017899,0.441606998,312872000
2002-02-14,0.37055856,0.439285994,0.450536013,0.435357004,0.447320998,260170400
2002-02-15,0.360014081,0.426786005,0.446070999,0.425893009,0.438035995,260187200
2002-02-19,0.340733171,0.403928995,0.426250011,0.401428998,0.424286008,390258400
2002-02-20,0.348415375,0.413035989,0.414285988,0.399107009,0.406607002,285443200
2002-02-21,0.323862314,0.383929014,0.410714,0.383035988,0.409285992,446751200
2002-02-22,0.342540085,0.406071007,0.409821004,0.383929014,0.386786014,406476000
2002-02-25,0.358658582,0.425179005,0.441428989,0.399286002,0.408035994,426848800
2002-02-26,0.35654971,0.422679007,0.435178995,0.415179014,0.426964015,260131200
2002-02-27,0.330791146,0.392143011,0.433036,0.373928994,0.42750001,1030159200
2002-02-28,0.326874524,0.387499988,0.403393,0.381249994,0.395536005,456937600
2002-03-01,0.353235424,0.418749988,0.419643015,0.389643013,0.391606987,348992000
2002-03-04,0.365888566,0.433750004,0.438928992,0.406428993,0.415356994,348258400
2002-03-05,0.354440898,0.420179009,0.436250001,0.417856991,0.431250006,274702400
2002-03-06,0.362574369,0.429821014,0.434643,0.409464002,0.419286013,226206400
2002-03-07,0.367244184,0.435357004,0.438035995,0.421606988,0.429643005,258249600
2002-03-08,0.371461928,0.440357,0.448035985,0.433928996,0.441785991,269774400
2002-03-11,0.377487302,0.44749999,0.448929012,0.430357009,0.439285994,262785600
2002-03-12,0.37236622,0.441428989,0.441785991,0.430357009,0.437678993,254055200
2002-03-13,0.368900895,0.437321007,0.443749994,0.431250006,0.435178995,200765600
2002-03-14,0.367997557,0.436250001,0.439285994,0.426250011,0.433928996,217296800
2002-03-15,0.375830591,0.445535988,0.445713997,0.433036,0.436785996,240900800
2002-03-18,0.372667402,0.441785991,0.447320998,0.434285998,0.445535988,304556000
2002-03-19,0.374324083,0.443749994,0.451786011,0.433928996,0.440892994,242345600
2002-03-20,0.375378609,0.444999993,0.448929012,0.4375,0.440357,294319200
2002-03-21,0.365587533,0.433393002,0.433928996,0.415356994,0.426070988,616352800
2002-03-22,0.362876326,0.430179,0.438571006,0.426250011,0.432500005,202193600
2002-03-25,0.351728708,0.416963995,0.430179,0.414999992,0.429821014,262830400
2002-03-26,0.353386402,0.418929011,0.422143012,0.410714,0.414285988,257840800
2002-03-27,0.353536546,0.41910699,0.423570991,0.415356994,0.416963995,127702400
2002-03-28,0.35654971,0.422679007,0.426429003,0.418929011,0.423213989,108455200
2002-04-01,0.368449539,0.436785996,0.441071004,0.415713996,0.417499989,199046400
2002-04-02,0.362574369,0.429821014,0.433928996,0.426250011,0.428570986,203795200
2002-04-03,0.35775426,0.424106985,0.437321007,0.421429008,0.429464012,214530400
2002-04-04,0.375077486,0.444642991,0.447320998,0.422679007,0.422679007,338497600
2002-04-05,0.372667402,0.441785991,0.449820995,0.430357009,0.445535988,278348000
2002-04-08,0.369955271,0.438571006,0.440714002,0.42464301,0.431428999,261514400
2002-04-09,0.3630265,0.430357009,0.446429014,0.428750008,0.439107001,191531200
2002-04-10,0.371461928,0.440357,0.445535988,0.428750008,0.432321012,224980000
2002-04-11,0.374475002,0.443928987,0.449999988,0.441964,0.446963996,407254400
2002-04-12,0.377487302,0.44749999,0.449463993,0.438749999,0.446606994,320241600
2002-04-15,0.376583934,0.446429014,0.449106991,0.442856997,0.44749999,299370400
2002-04-16,0.387730509,0.459643006,0.464107007,0.448570997,0.449106991,614577600
2002-04-17,0.393303901,0.466250002,0.467321008,0.45321399,0.463036001,396250400
2002-04-18,0.382759541,0.453750014,0.455713987,0.444285989,0.455356985,401710400
2002-04-19,0.376281887,0.446070999,0.455179006,0.445178986,0.455179006,375407200
2002-04-22,0.369503945,0.438035995,0.445178986,0.432678998,0.443571001,269427200
2002-04-23,0.36528632,0.433036,0.442499995,0.430179,0.438214004,233469600
2002-04-24,0.358055383,0.424463987,0.4375,0.422856987,0.433928996,140448000
2002-04-25,0.363327622,0.430714011,0.434643,0.420536011,0.420713991,194202400
2002-04-26,0.346607596,0.410892993,0.435178995,0.410714,0.433571011,304981600
2002-04-29,0.360917598,0.427857012,0.429643005,0.412321001,0.413571,272288800
2002-04-30,0.365587533,0.433393002,0.435357004,0.424106985,0.426607013,280963200
2002-05-01,0.361218631,0.428214014,0.433750004,0.417142987,0.433750004,214704000
2002-05-02,0.356850833,0.423036009,0.434643,0.421429008,0.425179005,239344000
2002-05-03,0.354138792,0.419820994,0.428929001,0.418392986,0.420893013,230781600
2002-05-06,0.341184527,0.404464006,0.419643015,0.401071012,0.416963995,249664800
2002-05-07,0.33847335,0.401250005,0.409821004,0.395357013,0.409642994,242748800
2002-05-08,0.36709407,0.435178995,0.437857002,0.411428988,0.414285988,436682400
2002-05-09,0.364382118,0.43196401,0.43482101,0.425000012,0.433036,224616000
2002-05-10,0.35127753,0.416429013,0.433750004,0.410356998,0.433750004,235396000
2002-05-13,0.360616535,0.42750001,0.430179,0.409642994,0.419999987,265608000
2002-05-14,0.385771841,0.457320988,0.458570987,0.432500005,0.436607003,526506400
2002-05-15,0.380801648,0.451429009,0.463928998,0.443571001,0.45303601,335826400
2002-05-16,0.379747242,0.450179011,0.454463989,0.441964,0.44749999,227052000
2002-05-17,0.376734138,0.446606994,0.46035701,0.439464003,0.455179006,236493600
2002-05-20,0.372667402,0.441785991,0.445178986,0.438035995,0.438749999,269914400
2002-05-21,0.353386402,0.418929011,0.446429014,0.417856991,0.443392992,280991200
2002-05-22,0.366340905,0.434285998,0.435178995,0.416429013,0.417320997,290875200
2002-05-23,0.379295051,0.449642986,0.450713992,0.429821014,0.436607003,369398400
2002-05-24,0.363779575,0.431250006,0.446249992,0.427857012,0.446249992,166174400
2002-05-28,0.361218631,0.428214014,0.432143003,0.418392986,0.423036009,149716000
2002-05-29,0.361218631,0.428214014,0.436428994,0.418749988,0.427143008,221793600
2002-05-30,0.364533067,0.432143003,0.435357004,0.419820994,0.424463987,196375200
2002-05-31,0.350975603,0.416070998,0.433036,0.415713996,0.430179,365495200
2002-06-03,0.345100999,0.409107,0.418749988,0.403214008,0.417679012,235110400
2002-06-04,0.343143314,0.406785995,0.411428988,0.396070987,0.408571005,347821600
2002-06-05,0.342238903,0.405714005,0.407678992,0.399107009,0.407678992,277082400
2002-06-06,0.333803564,0.395714015,0.414820999,0.393570989,0.409999996,259996800
2002-06-07,0.322355658,0.382142991,0.391786009,0.373750001,0.388570994,612376800
2002-06-10,0.323560268,0.383570999,0.389999986,0.381071001,0.383570999,277575200
2002-06-11,0.308195919,0.365357012,0.387499988,0.364464015,0.386429012,349496000
2002-06-12,0.302622586,0.358749986,0.370536,0.356070995,0.364464015,528718400
2002-06-13,0.294338018,0.348928988,0.358036011,0.346071005,0.357499987,352083200
2002-06-14,0.302773505,0.358929008,0.363570988,0.323392987,0.343571007,424900000
2002-06-17,0.309401155,0.366786003,0.368393004,0.354463995,0.361429006,324609600
2002-06-18,0.303525984,0.359820992,0.367679,0.356786013,0.364643008,353360000
2002-06-19,0.257884145,0.305714011,0.314285994,0.301429003,0.310178995,1709467200
2002-06-20,0.257733971,0.305536002,0.314285994,0.300893009,0.306607008,396636800
2002-06-21,0.253817499,0.300893009,0.312321007,0.299820989,0.303036004,445177600
2002-06-24,0.260144055,0.308393002,0.316606998,0.298213989,0.299463987,431933600
2002-06-25,0.258185327,0.306071013,0.315714002,0.301070988,0.310714006,301201600
2002-06-26,0.249298498,0.295536011,0.308750004,0.285356998,0.300000012,558952800
2002-06-27,0.256980777,0.304643005,0.308393002,0.293213993,0.299820989,251658400
2002-06-28,0.266922742,0.316428989,0.318213999,0.303570986,0.305357009,269858400
2002-07-01,0.256980777,0.304643005,0.319285989,0.304464012,0.316249996,222689600
2002-07-02,0.255173057,0.30250001,0.306428999,0.300536007,0.30410701,305188800
2002-07-03,0.26436168,0.313392997,0.315714002,0.299106985,0.300179005,199029600
2002-07-05,0.282287151,0.334643006,0.334820986,0.316249996,0.316249996,161649600
2002-07-08,0.271290749,0.321606994,0.332320988,0.315714002,0.330713987,211204000
2002-07-09,0.264060587,0.313035995,0.326606989,0.311785996,0.323035985,226749600
2002-07-10,0.260897279,0.309285998,0.324463993,0.308036,0.316249996,206880800
2002-07-11,0.275659442,0.326786011,0.327679008,0.303036004,0.308214009,373676800
2002-07-12,0.263759553,0.312678993,0.335536003,0.308214009,0.331250012,443492000
2002-07-15,0.274604976,0.325536013,0.332143009,0.300179005,0.311250001,295993600
2002-07-16,0.269031644,0.318928987,0.331607014,0.314464003,0.324106991,446768000
2002-07-17,0.235439956,0.279107004,0.289285988,0.27125001,0.288035989,1215485600
2002-07-18,0.225799933,0.267679006,0.277857006,0.263393015,0.276786,559462400
2002-07-19,0.225347772,0.267143011,0.270893008,0.259463996,0.262499988,385207200
2002-07-22,0.224745393,0.266429007,0.27125001,0.260892987,0.263393015,430897600
2002-07-23,0.217966706,0.25839299,0.270179003,0.257856995,0.266070992,399890400
2002-07-24,0.228963241,0.271429002,0.271786004,0.254464,0.255892992,406593600
2002-07-25,0.216309965,0.256428987,0.266963989,0.250178993,0.266606987,479354400
2002-07-26,0.216007933,0.256071001,0.259463996,0.246428996,0.258213997,207704000
2002-07-29,0.2262512,0.268213987,0.269643009,0.256606996,0.258570999,274960000
2002-07-30,0.232427657,0.275536001,0.276964009,0.25999999,0.265179008,354838400
2002-07-31,0.229866639,0.272500008,0.275357008,0.266070992,0.275000006,310699200
2002-08-01,0.222937703,0.264286011,0.275357008,0.263036013,0.269820988,228956000
2002-08-02,0.217665493,0.258035988,0.267856985,0.254464,0.263213992,179060000
2002-08-05,0.210735828,0.249821007,0.262499988,0.249464005,0.259106994,204024800
2002-08-06,0.222033411,0.263213992,0.271964014,0.251428992,0.253749996,272053600
2002-08-07,0.226402178,0.26839301,0.274286002,0.256249994,0.269463986,333474400
2002-08-08,0.230468869,0.273214012,0.274643004,0.263749987,0.263749987,227348800
2002-08-09,0.225950018,0.267856985,0.272320986,0.263393015,0.272320986,205716000
2002-08-12,0.225799933,0.267679006,0.268213987,0.262320995,0.266070992,179765600
2002-08-13,0.21977438,0.260535985,0.271607012,0.259820998,0.266070992,269869600
2002-08-14,0.228511065,0.270893008,0.274107009,0.259642988,0.261963993,399084000
2002-08-15,0.235138789,0.278750002,0.28125,0.268036008,0.272320986,322078400
2002-08-16,0.238151059,0.282321006,0.287499994,0.27285701,0.275893003,245224000
2002-08-19,0.240712106,0.285356998,0.290179014,0.280714005,0.281785995,216557600
2002-08-20,0.2396577,0.284107,0.287321001,0.277321011,0.285178989,186625600
2002-08-21,0.242820978,0.287856996,0.289999992,0.275893003,0.285892993,202428800
2002-08-22,0.240561977,0.285178989,0.290179014,0.279642999,0.289285988,258311200
2002-08-23,0.236946538,0.280892998,0.284464002,0.275893003,0.28392899,163245600
2002-08-26,0.233933419,0.277321011,0.284821004,0.270714015,0.284821004,189968800
2002-08-27,0.223691016,0.265179008,0.281071007,0.262679011,0.280535996,262231200
2002-08-28,0.221431106,0.262499988,0.270000011,0.261606991,0.264286011,247973600
2002-08-29,0.221431106,0.262499988,0.269286007,0.259106994,0.261606991,164169600
2002-08-30,0.222184464,0.263393015,0.270357013,0.260356992,0.263036013,193519200
2002-09-03,0.211640075,0.250892997,0.259820998,0.250892997,0.258749992,276936800
2002-09-04,0.218116835,0.258570999,0.263929009,0.253035992,0.253571004,420660800
2002-09-05,0.213597924,0.253214002,0.256428987,0.250892997,0.253928989,226178400
2002-09-06,0.216611132,0.256785989,0.261606991,0.254106998,0.259106994,181591200
2002-09-09,0.216460183,0.256606996,0.259463996,0.25267899,0.254999995,158244800
2002-09-10,0.215857789,0.255892992,0.258749992,0.252142996,0.257321,249468800
2002-09-11,0.215255573,0.255178988,0.260713995,0.25267899,0.256071001,202412000
2002-09-12,0.212995678,0.252499998,0.259106994,0.252142996,0.253571004,269830400
2002-09-13,0.213447779,0.253035992,0.256071001,0.250892997,0.252321005,282951200
2002-09-16,0.218418822,0.258929014,0.260892987,0.252142996,0.252499998,286641600
2002-09-17,0.222937703,0.264286011,0.26839301,0.260179013,0.260179013,427996800
2002-09-18,0.2262512,0.268213987,0.269463986,0.259285986,0.262320995,328641600
2002-09-19,0.219623446,0.260356992,0.264286011,0.258570999,0.263393015,205945600
2002-09-20,0.223992184,0.26553601,0.266786009,0.259285986,0.261070997,352788800
2002-09-23,0.223691016,0.265179008,0.267143011,0.258035988,0.263570994,263709600
2002-09-24,0.220527664,0.261429012,0.264643013,0.257142991,0.257142991,250661600
2002-09-25,0.224895597,0.266606987,0.270893008,0.261606991,0.262320995,254682400
2002-09-26,0.221431106,0.262499988,0.27125001,0.259820998,0.269643009,208644800
2002-09-27,0.221732229,0.26285699,0.265179008,0.258570999,0.258749992,206152800
2002-09-30,0.218418822,0.258929014,0.260179013,0.252499998,0.257142991,237697600
2002-10-01,0.218568966,0.259106994,0.260713995,0.25,0.260535985,342423200
2002-10-02,0.213447779,0.253035992,0.261249989,0.251785994,0.255892992,229348000
2002-10-03,0.215405628,0.255356997,0.260713995,0.251071006,0.253214002,217896000
2002-10-04,0.211338922,0.250535995,0.257142991,0.249821007,0.256428987,190825600
2002-10-07,0.207422331,0.245893002,0.253749996,0.245713994,0.249464005,244697600
2002-10-08,0.206066787,0.244286001,0.249285996,0.238571003,0.248214006,453644800
2002-10-09,0.204711184,0.242679,0.247320995,0.239464,0.241786003,356686400
2002-10-10,0.212543532,0.251964003,0.253928989,0.242500007,0.243393004,321574400
2002-10-11,0.218568966,0.259106994,0.263929009,0.251785994,0.254464,294677600
2002-10-14,0.222485557,0.263749987,0.267500013,0.257856995,0.259820998,194404000
2002-10-15,0.228360012,0.270714015,0.272320986,0.263929009,0.271786004,405518400
2002-10-16,0.219322279,0.25999999,0.270179003,0.248214006,0.265356988,307624800
2002-10-17,0.212543532,0.251964003,0.256785989,0.249642998,0.253749996,469296800
2002-10-18,0.216007933,0.256071001,0.256249994,0.248750001,0.25,288299200
2002-10-21,0.219322279,0.25999999,0.261249989,0.25,0.254642993,238520800
2002-10-22,0.221431106,0.262499988,0.26571399,0.254642993,0.25839299,218148000
2002-10-23,0.224142343,0.26571399,0.267500013,0.258929014,0.261249989,209036800
2002-10-24,0.221280113,0.262320995,0.271607012,0.259820998,0.268213987,174748000
2002-10-25,0.232276633,0.275357008,0.275893003,0.260535985,0.262320995,279070400
2002-10-28,0.235138789,0.278750002,0.284821004,0.272320986,0.277678996,349300000
2002-10-29,0.232577801,0.27571401,0.283571005,0.267143011,0.278035998,259179200
2002-10-30,0.240712106,0.285356998,0.292320997,0.276428998,0.276607007,270676000
2002-10-31,0.24206765,0.286963999,0.293570995,0.284285992,0.285535991,295836800
2002-11-01,0.246436402,0.292142987,0.294643015,0.283749998,0.284642994,189828800
2002-11-04,0.254419774,0.301607013,0.310357004,0.291963995,0.294643015,376818400
2002-11-05,0.254570693,0.301786005,0.302857012,0.291963995,0.299106985,210694400
2002-11-06,0.259390682,0.307500005,0.309285998,0.298213989,0.305000007,216389600
2002-11-07,0.241013214,0.285714,0.305357009,0.282321006,0.30250001,336179200
2002-11-08,0.238603264,0.282857001,0.289285988,0.277143002,0.285892993,190064000
2002-11-11,0.228360012,0.270714015,0.283749998,0.270000011,0.281071007,152975200
2002-11-12,0.235590875,0.279285997,0.286428988,0.27285701,0.273571014,223792800
2002-11-13,0.234837666,0.278393,0.286963999,0.27285701,0.276786,231739200
2002-11-14,0.245532155,0.291070998,0.293036014,0.281785995,0.28392899,141713600
2002-11-15,0.240259945,0.284821004,0.289999992,0.281428993,0.289820999,160994400
2002-11-18,0.235741109,0.279464006,0.289285988,0.277143002,0.289106995,164578400
2002-11-19,0.230017617,0.272679001,0.28125,0.268036008,0.277678996,210952000
2002-11-20,0.233933419,0.277321011,0.280357003,0.272320986,0.273214012,208740000
2002-11-21,0.246285364,0.291963995,0.293570995,0.28125,0.28392899,418482400
2002-11-22,0.241164178,0.285892993,0.291070998,0.28392899,0.287321001,227858400
2002-11-25,0.240561977,0.285178989,0.288213998,0.280535996,0.286249995,199427200
2002-11-26,0.2321264,0.275178999,0.28392899,0.272679001,0.283035994,240262400
2002-11-27,0.236795515,0.280714005,0.283214003,0.275893003,0.27857101,286798400
2002-11-29,0.233482048,0.276786,0.283571005,0.275178999,0.281964004,143432800
2002-12-02,0.228661209,0.271070987,0.287499994,0.268036008,0.28392899,398742400
2002-12-03,0.228360012,0.270714015,0.273929,0.269643009,0.271429002,227869600
2002-12-04,0.225497857,0.267320991,0.27125001,0.258929014,0.271070987,325757600
2002-12-05,0.22037667,0.261249989,0.269286007,0.259463996,0.26839301,243398400
2002-12-06,0.225196719,0.266963989,0.27125001,0.259285986,0.261606991,245358400
2002-12-09,0.222184464,0.263393015,0.266963989,0.261963993,0.266786009,236084800
2002-12-10,0.230167687,0.27285701,0.275893003,0.263036013,0.263393015,308610400
2002-12-11,0.23333104,0.276607007,0.276607007,0.269286007,0.273214012,253500800
2002-12-12,0.228812173,0.27125001,0.277678996,0.268036008,0.276964009,149340800
2002-12-13,0.22278662,0.264106989,0.270536005,0.261606991,0.270357013,164780000
2002-12-16,0.223691016,0.265179008,0.269643009,0.260892987,0.264463991,251624800
2002-12-17,0.227155492,0.269286007,0.27125001,0.261786014,0.265179008,222661600
2002-12-18,0.219473287,0.260179013,0.265356988,0.258929014,0.264286011,150701600
2002-12-19,0.21389915,0.253571004,0.266429007,0.251785994,0.259463996,347519200
2002-12-20,0.212995678,0.252499998,0.25999999,0.246070996,0.255178988,318096800
2002-12-23,0.218267858,0.258749992,0.259820998,0.252142996,0.252857,125826400
2002-12-24,0.216309965,0.256428987,0.25839299,0.255356997,0.257856995,39340000
2002-12-26,0.21691221,0.257142991,0.264463991,0.254999995,0.257499993,85422400
2002-12-27,0.211790293,0.251071006,0.256785989,0.250178993,0.25553599,80035200
2002-12-30,0.211941198,0.251249999,0.25267899,0.247143,0.251428992,155041600
2002-12-31,0.215857789,0.255892992,0.256428987,0.249107003,0.25,200726400
2003-01-02,0.222937703,0.264286011,0.266429007,0.256249994,0.256428987,181428800
2003-01-03,0.224443495,0.266070992,0.266606987,0.260535985,0.264286011,147453600
2003-01-06,0.224443495,0.266070992,0.274643004,0.26571399,0.26839301,390532800
2003-01-07,0.223691016,0.265179008,0.267856985,0.25839299,0.264106989,342344800
2003-01-08,0.219171301,0.259820998,0.262679011,0.257856995,0.260356992,229644800
2003-01-09,0.221130013,0.262142986,0.266429007,0.258929014,0.261070997,215252800
2003-01-10,0.221732229,0.26285699,0.264643013,0.258749992,0.260356992,175100800
2003-01-13,0.22037667,0.261249989,0.266070992,0.256428987,0.266070992,178942400
2003-01-14,0.220075577,0.260892987,0.264643013,0.258749992,0.262320995,186860800
2003-01-15,0.217364445,0.257678986,0.262499988,0.254642993,0.260535985,371128800
2003-01-16,0.220225647,0.261070997,0.263570994,0.253749996,0.253749996,559070400
2003-01-17,0.212393343,0.251785994,0.25999999,0.251428992,0.25999999,266761600
2003-01-21,0.211187929,0.250357002,0.257321,0.25,0.253749996,253456000
2003-01-22,0.209079117,0.247857004,0.25267899,0.246428996,0.249642998,215140800
2003-01-23,0.213447779,0.253035992,0.256428987,0.249107003,0.250892997,228256000
2003-01-24,0.207874477,0.246428996,0.254285991,0.242143005,0.254285991,305468800
2003-01-27,0.212844655,0.252321005,0.258929014,0.243750006,0.244286001,391406400
2003-01-28,0.219623446,0.260356992,0.262320995,0.252857,0.254285991,286255200
2003-01-29,0.224895597,0.266606987,0.269643009,0.255356997,0.259820998,373044000
2003-01-30,0.21570684,0.255713999,0.269107014,0.255178988,0.267500013,407058400
2003-01-31,0.216309965,0.256428987,0.259820998,0.250892997,0.253392994,341224800
2003-02-03,0.220828906,0.261786014,0.266250014,0.256249994,0.257321,264784800
2003-02-04,0.219924569,0.260713995,0.261606991,0.25553599,0.258035988,317413600
2003-02-05,0.217665493,0.258035988,0.266606987,0.257856995,0.262679011,221614400
2003-02-06,0.217364445,0.257678986,0.260535985,0.253928989,0.256428987,179149600
2003-02-07,0.213146642,0.25267899,0.260713995,0.251249999,0.259820998,269701600
2003-02-10,0.216158912,0.256249994,0.260179013,0.251071006,0.254642993,167888000
2003-02-11,0.216158912,0.256249994,0.261249989,0.253571004,0.258929014,164780000
2003-02-12,0.216761276,0.256963998,0.260713995,0.254821002,0.254821002,228687200
2003-02-13,0.219021082,0.259642988,0.261429012,0.254285991,0.257321,208493600
2003-02-14,0.220978975,0.261963993,0.26285699,0.256249994,0.260892987,243297600
2003-02-18,0.230017617,0.272679001,0.273214012,0.26285699,0.263393015,290897600
2003-02-19,0.223691016,0.265179008,0.270536005,0.262142986,0.269107014,240368800
2003-02-20,0.222485557,0.263749987,0.267143011,0.262679011,0.265179008,224352800
2003-02-21,0.225950018,0.267856985,0.268929005,0.261606991,0.264643013,157444000
2003-02-24,0.222033411,0.263213992,0.26839301,0.246428996,0.265356988,180252800
2003-02-25,0.2262512,0.268213987,0.269286007,0.260356992,0.262142986,188641600
2003-02-26,0.218418822,0.258929014,0.268213987,0.258570999,0.267679006,217095200
2003-02-27,0.223841131,0.265356988,0.267856985,0.259106994,0.260179013,154341600
2003-02-28,0.226100996,0.268036008,0.269463986,0.263749987,0.265356988,195098400
2003-03-03,0.220677838,0.261606991,0.270714015,0.259820998,0.268036008,203761600
2003-03-04,0.219322279,0.25999999,0.264463991,0.257856995,0.263213992,126414400
2003-03-05,0.220225647,0.261070997,0.264286011,0.259285986,0.260892987,126683200
2003-03-06,0.219322279,0.25999999,0.260713995,0.257142991,0.260356992,99859200
2003-03-07,0.218870193,0.259463996,0.262679011,0.25553599,0.25839299,200984000
2003-03-10,0.216460183,0.256606996,0.261963993,0.255356997,0.259106994,134573600
2003-03-11,0.214351282,0.254106998,0.258749992,0.252142996,0.256428987,161190400
2003-03-12,0.214201063,0.253928989,0.256963998,0.251071006,0.253035992,222560800
2003-03-13,0.221732229,0.26285699,0.264286011,0.253035992,0.25839299,335445600
2003-03-14,0.222636551,0.263929009,0.268036008,0.261429012,0.262142986,153098400
2003-03-17,0.226100996,0.268036008,0.269107014,0.262679011,0.265893012,399912800
2003-03-18,0.225950018,0.267856985,0.269463986,0.264643013,0.267856985,229980800
2003-03-19,0.225196719,0.266963989,0.270536005,0.264106989,0.269107014,141316000
2003-03-20,0.224594429,0.266250014,0.267679006,0.260713995,0.266606987,163178400
2003-03-21,0.225950018,0.267856985,0.270536005,0.264643013,0.269463986,297948000
2003-03-24,0.216460183,0.256606996,0.264286011,0.256249994,0.261963993,161100800
2003-03-25,0.219171301,0.259820998,0.264820993,0.256606996,0.257321,167697600
2003-03-26,0.217062414,0.257321,0.25999999,0.255356997,0.259820998,178343200
2003-03-27,0.218267858,0.258749992,0.262499988,0.255713999,0.255713999,122393600
2003-03-28,0.219473287,0.260179013,0.261070997,0.256606996,0.257142991,145303200
2003-03-31,0.212995678,0.252499998,0.259463996,0.250714004,0.255892992,256659200
2003-04-01,0.213296786,0.252857,0.25553599,0.251249999,0.253571004,154341600
2003-04-02,0.219924569,0.260713995,0.262320995,0.254821002,0.256428987,171371200
2003-04-03,0.217815697,0.258213997,0.262499988,0.256249994,0.25999999,145712000
2003-04-04,0.217062414,0.257321,0.261963993,0.256963998,0.259285986,146020000
2003-04-07,0.218267858,0.258749992,0.266963989,0.257321,0.265179008,196862400
2003-04-08,0.217665493,0.258035988,0.261606991,0.256428987,0.259106994,128934400
2003-04-09,0.213749036,0.253392994,0.261070997,0.252499998,0.259285986,146725600
2003-04-10,0.216460183,0.256606996,0.256963998,0.253571004,0.253571004,107100000
2003-04-11,0.198835865,0.235714003,0.257856995,0.230893001,0.250892997,1392708800
2003-04-14,0.20456019,0.242500007,0.245536,0.241071001,0.244820997,502958400
2003-04-15,0.20169802,0.239106998,0.242856994,0.237499997,0.242679,303968000
2003-04-16,0.199439019,0.236429006,0.244106993,0.230713993,0.231964007,1016176000
2003-04-17,0.197631314,0.234285995,0.236607,0.227143005,0.235714003,616257600
2003-04-21,0.197932467,0.234642997,0.235535994,0.231785998,0.234464005,152320000
2003-04-22,0.203505769,0.241249993,0.243213996,0.233750001,0.235357001,300568800
2003-04-23,0.20456019,0.242500007,0.243393004,0.238571003,0.241606995,209680800
2003-04-24,0.202451333,0.239999995,0.243036002,0.232143,0.241429001,325108000
2003-04-25,0.201095805,0.238392994,0.242500007,0.236249998,0.240356997,205318400
2003-04-28,0.208777934,0.247500002,0.249285996,0.239821002,0.240713999,636798400
2003-04-29,0.211790293,0.251071006,0.252857,0.242500007,0.249642998,458236800
2003-04-30,0.214201063,0.253928989,0.256249994,0.247320995,0.248750001,458175200
2003-05-01,0.216309965,0.256428987,0.256963998,0.25,0.254464,342759200
2003-05-02,0.217665493,0.258035988,0.260535985,0.256071001,0.258213997,321182400
2003-05-05,0.242368832,0.287321001,0.301429003,0.263393015,0.263749987,1555708000
2003-05-06,0.263608485,0.3125,0.319642991,0.287499994,0.287856996,1514492000
2003-05-07,0.265868455,0.31517899,0.325713992,0.305536002,0.309464008,1054379200
2003-05-08,0.271140486,0.321429014,0.322679013,0.308750004,0.316071004,687736000
2003-05-09,0.275659442,0.326786011,0.328570992,0.319285989,0.327320993,588386400
2003-05-12,0.279575884,0.331429005,0.334643006,0.323749989,0.324106991,419372800
2003-05-13,0.281232655,0.333393008,0.338750005,0.320535988,0.329106987,446796000
2003-05-14,0.279424936,0.331250012,0.336429,0.329106987,0.336250007,355488000
2003-05-15,0.282136232,0.334464014,0.336607009,0.329820991,0.332143009,284995200
2003-05-16,0.283190697,0.335714012,0.339464009,0.326429009,0.331963986,341628000
2003-05-19,0.272646189,0.323213995,0.333036005,0.32249999,0.33089301,445888800
2003-05-20,0.267977238,0.317678988,0.324286014,0.314285994,0.323213995,416220000
2003-05-21,0.268880785,0.318749994,0.323035985,0.315535992,0.317678988,305009600
2003-05-22,0.27475515,0.325713992,0.328570992,0.316785991,0.319463998,178460800
2003-05-23,0.275960594,0.327143013,0.329643011,0.320713997,0.325179011,206718400
2003-05-27,0.284396082,0.337143004,0.337500006,0.319821,0.320713997,290130400
2003-05-28,0.2753582,0.326429009,0.333214015,0.324106991,0.330356985,339679200
2003-05-29,0.272646189,0.323213995,0.330356985,0.319642991,0.326606989,333765600
2003-05-30,0.270387113,0.320535988,0.324642986,0.313035995,0.323570997,382748800
2003-06-02,0.262855142,0.311607003,0.326606989,0.308393002,0.323213995,418588800
2003-06-03,0.2607463,0.309107006,0.315535992,0.303929001,0.311428994,360858400
2003-06-04,0.265115142,0.314285994,0.317678988,0.306071013,0.308928996,271202400
2003-06-05,0.265717387,0.314999998,0.316785991,0.309464008,0.311607003,205497600
2003-06-06,0.258336306,0.306250006,0.322142988,0.306071013,0.316785991,241388000
2003-06-09,0.252913177,0.299820989,0.304286003,0.29696399,0.30250001,259952000
2003-06-10,0.258788586,0.306786001,0.308750004,0.299106985,0.301607013,176646400
2003-06-11,0.262855142,0.311607003,0.312678993,0.300179005,0.306250006,225114400
2003-06-12,0.267675191,0.317321002,0.319285989,0.311607003,0.313392997,252588000
2003-06-13,0.262403041,0.311071008,0.320535988,0.305893004,0.316964,191245600
2003-06-16,0.275207192,0.326249987,0.326249987,0.311607003,0.314285994,238526400
2003-06-17,0.274001807,0.324820995,0.330356985,0.321249992,0.328750014,177464000
2003-06-18,0.288011402,0.341428995,0.347856998,0.326963991,0.329463989,454983200
2003-06-19,0.288312584,0.341785997,0.350178987,0.335179001,0.345714003,381528000
2003-06-20,0.289216101,0.342857003,0.349642992,0.337500006,0.345535994,356546400
2003-06-23,0.287107348,0.340357006,0.351606995,0.334820986,0.344642997,307361600
2003-06-24,0.282889545,0.33535701,0.351249993,0.334286004,0.347678989,514382400
2003-06-25,0.287559271,0.340893,0.34642899,0.334107012,0.336786002,329812000
2003-06-26,0.2905716,0.344464004,0.344999999,0.333929002,0.333929002,161705600
2003-06-27,0.282136232,0.334464014,0.344821006,0.330000013,0.344642997,365792000
2003-06-30,0.287107348,0.340357006,0.343035996,0.331963986,0.333570987,222152000
2003-07-01,0.287559271,0.340893,0.342500001,0.330536008,0.336964011,180992000
2003-07-02,0.290270448,0.344107002,0.34642899,0.339643002,0.339821011,325298400
2003-07-03,0.288161665,0.341607004,0.349106997,0.338928998,0.339286,137771200
2003-07-07,0.299308211,0.354820997,0.360356987,0.341607004,0.344107002,286272000
2003-07-08,0.307292551,0.364286005,0.366070986,0.348035991,0.348571002,256737600
2003-07-09,0.299610287,0.355179012,0.365179002,0.355179012,0.360893011,213645600
2003-07-10,0.294940442,0.349642992,0.356070995,0.345892996,0.354999989,170934400
2003-07-11,0.299007148,0.354463995,0.357143015,0.348749995,0.351071,136858400
2003-07-14,0.299760431,0.355356991,0.364286005,0.354820997,0.357320994,188406400
2003-07-15,0.295392513,0.350178987,0.361429006,0.346964002,0.357499987,206645600
2003-07-16,0.299308211,0.354820997,0.357143015,0.346071005,0.35660699,250930400
2003-07-17,0.314823747,0.373214006,0.374107003,0.35946399,0.360536009,751212000
2003-07-18,0.314221323,0.372500002,0.378214002,0.364286005,0.373214006,298838400
2003-07-21,0.310455799,0.368036002,0.371428996,0.362500012,0.36946401,183808800
2003-07-22,0.313317865,0.371428996,0.374285996,0.366070986,0.372678995,198424800
2003-07-23,0.313166976,0.371250004,0.374285996,0.365357012,0.374107003,143035200
2003-07-24,0.308949172,0.366250008,0.383929014,0.363929003,0.375714004,229236000
2003-07-25,0.324464619,0.384642988,0.385179013,0.364286005,0.364464015,216686400
2003-07-28,0.316179127,0.374821007,0.383929014,0.372500002,0.383929014,170357600
2003-07-29,0.312112391,0.370000005,0.376428992,0.366429001,0.374821007,197120000
2003-07-30,0.305484742,0.36214301,0.373214006,0.360179007,0.370893002,173594400
2003-07-31,0.317535609,0.376428992,0.381249994,0.367321014,0.370357007,301464800
2003-08-01,0.312263459,0.370178998,0.379821002,0.368571013,0.375,149604000
2003-08-04,0.319493651,0.378749996,0.383929014,0.36214301,0.36660701,230115200
2003-08-05,0.306991339,0.363929003,0.382142991,0.358929008,0.381249994,249440800
2003-08-06,0.295693666,0.350535989,0.360179007,0.348214,0.358213991,245464800
2003-08-07,0.300212473,0.355892986,0.358749986,0.346785992,0.352320999,174378400
2003-08-08,0.29584378,0.350713998,0.35946399,0.349999994,0.359106988,137659200
2003-08-11,0.296144992,0.351071,0.355892986,0.348392993,0.353929013,137228000
2003-08-12,0.296748042,0.351785988,0.353570998,0.347499996,0.352856994,164438400
2003-08-13,0.303978086,0.360356987,0.363213986,0.349642992,0.354642987,284099200
2003-08-14,0.300814718,0.35660699,0.363036007,0.356070995,0.360893011,192780000
2003-08-15,0.296898186,0.351963997,0.358393013,0.351071,0.357499987,125865600
2003-08-18,0.306388229,0.363213986,0.364464015,0.35214299,0.354642987,192774400
2003-08-19,0.306086987,0.362857014,0.365179002,0.357143015,0.363750011,133688800
2003-08-20,0.316481054,0.375178993,0.379821002,0.359643012,0.360356987,273212800
2003-08-21,0.326573312,0.387142986,0.387679011,0.374107003,0.375535995,255326400
2003-08-22,0.314522475,0.372857004,0.392856985,0.368571013,0.389463991,250264000
2003-08-25,0.314221323,0.372500002,0.373392999,0.365893006,0.371071011,137782400
2003-08-26,0.317083448,0.375892997,0.376249999,0.363393009,0.370536,164959200
2003-08-27,0.323560268,0.383570999,0.383570999,0.368928999,0.373392999,225702400
2003-08-28,0.334255546,0.39625001,0.396786004,0.380892992,0.380892992,319625600
2003-08-29,0.340582222,0.403750002,0.408035994,0.393750012,0.396429002,263155200
2003-09-02,0.344197512,0.408035994,0.40892899,0.400000006,0.404642999,242132800
2003-09-03,0.345703512,0.409821004,0.416429013,0.406428993,0.407142997,268828000
2003-09-04,0.343896419,0.407678992,0.415179014,0.406607002,0.413571,199780000
2003-09-05,0.338925421,0.401786,0.413392991,0.400178999,0.405892998,240133600
2003-09-08,0.342540085,0.406071007,0.406964004,0.401250005,0.401428998,167244000
2003-09-09,0.336966664,0.399464011,0.404821008,0.395000011,0.402321011,180370400
2003-09-10,0.334104478,0.396070987,0.403750002,0.394820988,0.397320986,224890400
2003-09-11,0.339828938,0.402857006,0.406964004,0.394643009,0.397320986,213684800
2003-09-12,0.347963214,0.412499994,0.413213998,0.398393005,0.401964009,179989600
2003-09-15,0.334556729,0.396607012,0.40892899,0.395000011,0.407321006,226844800
2003-09-16,0.336816519,0.399286002,0.405178994,0.396429002,0.396607012,269007200
2003-09-17,0.33320111,0.395000011,0.399643004,0.390179008,0.399464011,289396800
2003-09-18,0.344648957,0.408571005,0.410535991,0.391963989,0.394643009,252907200
2003-09-19,0.340129972,0.403214008,0.411606997,0.400536001,0.408571005,205956800
2003-09-22,0.332598865,0.394286007,0.401786,0.391429007,0.396070987,179821600
2003-09-23,0.337871045,0.400536001,0.401071012,0.39071399,0.393213987,132451200
2003-09-24,0.321150213,0.380713999,0.398393005,0.376428992,0.396607012,301285600
2003-09-25,0.307743728,0.364820987,0.381606996,0.361606985,0.381071001,574380800
2003-09-26,0.311660379,0.36946401,0.387499988,0.359820992,0.362500012,347250400
2003-09-29,0.320848972,0.380356997,0.386963993,0.368750006,0.383749992,365702400
2003-09-30,0.312112391,0.370000005,0.378928989,0.36500001,0.376607001,285426400
2003-10-01,0.313166976,0.371250004,0.376785994,0.360536009,0.369821012,236112800
2003-10-02,0.30985263,0.367321014,0.371428996,0.36214301,0.371428996,204058400
2003-10-03,0.326723546,0.387320995,0.390356988,0.372857004,0.374821007,299600000
2003-10-06,0.335762173,0.398036003,0.398750007,0.385356992,0.386963993,268329600
2003-10-07,0.349770963,0.41464299,0.418036014,0.391250014,0.393750012,418174400
2003-10-08,0.347360939,0.41178599,0.420356989,0.405892998,0.415179014,428668800
2003-10-09,0.353235424,0.418749988,0.422679007,0.406964004,0.416070998,347748800
2003-10-10,0.356699795,0.422856987,0.425179005,0.417320997,0.419643015,174837600
2003-10-13,0.366791993,0.43482101,0.435892999,0.423570991,0.423750013,279865600
2003-10-14,0.369805157,0.438392997,0.441785991,0.43196401,0.434285998,275419200
2003-10-15,0.373871863,0.443213999,0.446606994,0.438928992,0.443749994,610103200
2003-10-16,0.350223124,0.415179014,0.425713986,0.400178999,0.425000012,975682400
2003-10-17,0.342691094,0.40625,0.419463992,0.400536001,0.417499989,359811200
2003-10-20,0.349770963,0.41464299,0.416785985,0.399643004,0.40357101,279132000
2003-10-21,0.349168599,0.413928986,0.417856991,0.40625,0.41624999,176461600
2003-10-22,0.342842132,0.406428993,0.414285988,0.405000001,0.409642994,161599200
2003-10-23,0.346306503,0.410535991,0.413392991,0.403393,0.405892998,165211200
2003-10-24,0.340431154,0.40357101,0.408035994,0.396964014,0.402857006,219856000
2003-10-27,0.340431154,0.40357101,0.408749998,0.401607007,0.40625,162013600
2003-10-28,0.35730207,0.423570991,0.424463987,0.400000006,0.402857006,251714400
2003-10-29,0.356850833,0.423036009,0.426786005,0.416785985,0.419820994,267080800
2003-10-30,0.347812146,0.412321001,0.428570986,0.408392996,0.428393006,260556800
2003-10-31,0.344799906,0.408749998,0.416963995,0.406785995,0.416070998,218153600
2003-11-03,0.348716468,0.413392991,0.416070998,0.406785995,0.407678992,302842400
2003-11-04,0.345100999,0.409107,0.412499994,0.403393,0.411963999,249233600
2003-11-05,0.346908748,0.411249995,0.413035989,0.401250005,0.407499999,322470400
2003-11-06,0.348264366,0.412856996,0.413392991,0.404464006,0.409107,397073600
2003-11-07,0.338925421,0.401786,0.414999992,0.400893003,0.414106995,210145600
2003-11-10,0.329886913,0.391070992,0.404464006,0.389999986,0.400893003,234276000
2003-11-11,0.324464619,0.384642988,0.393213987,0.383570999,0.391070992,215073600
2003-11-12,0.336364418,0.398750007,0.405714005,0.383570999,0.383570999,300003200
2003-11-13,0.337720037,0.400357008,0.402857006,0.391429007,0.394107014,212772000
2003-11-14,0.323259056,0.383213997,0.403750002,0.379999995,0.401428998,237048000
2003-11-17,0.318288088,0.377321005,0.381606996,0.374107003,0.381249994,228256000
2003-11-18,0.307442546,0.364464015,0.381071001,0.363393009,0.378749996,267192800
2003-11-19,0.307593524,0.364643008,0.368750006,0.361786008,0.367143005,344584800
2003-11-20,0.306991339,0.363929003,0.376428992,0.358929008,0.358929008,239590400
2003-11-21,0.305484742,0.36214301,0.367500007,0.354463995,0.363213986,241836000
2003-11-24,0.318590134,0.37767899,0.379821002,0.365179002,0.366070986,381824800
2003-11-25,0.311510116,0.369286001,0.379464,0.368036002,0.379106998,268654400
2003-11-26,0.312112391,0.370000005,0.37767899,0.361606985,0.373035997,245128800
2003-11-28,0.314974666,0.373392999,0.376249999,0.366429001,0.371071011,76098400
2003-12-01,0.327025563,0.387679011,0.390179008,0.375,0.375714004,361536000
2003-12-02,0.324464619,0.384642988,0.391070992,0.382321,0.385713995,205296000
2003-12-03,0.316782296,0.375535995,0.389999986,0.374285996,0.384642988,191296000
2003-12-04,0.318590134,0.37767899,0.378035992,0.370893002,0.373928994,177940000
2003-12-05,0.314070314,0.37232101,0.37767899,0.370178998,0.373214006,186177600
2003-12-08,0.317083448,0.375892997,0.376428992,0.364464015,0.371071011,148237600
2003-12-09,0.308045715,0.365179002,0.379464,0.364286005,0.378035992,135144800
2003-12-10,0.306991339,0.363929003,0.368036002,0.356429011,0.365179002,271336800
2003-12-11,0.319493651,0.378749996,0.381071001,0.360893011,0.361606985,183136800
2003-12-12,0.314673454,0.373035997,0.380713999,0.369643003,0.380713999,192673600
2003-12-15,0.303828031,0.360179007,0.383749992,0.358393013,0.383749992,388908800
2003-12-16,0.303074688,0.35928601,0.365893006,0.357320994,0.360536009,373956800
2003-12-17,0.299459279,0.354999989,0.35946399,0.353392988,0.358570993,274260000
2003-12-18,0.301869273,0.357856989,0.360356987,0.355356991,0.355356991,330915200
2003-12-19,0.296748042,0.351785988,0.364643008,0.350356996,0.360536009,453560800
2003-12-22,0.299007148,0.354463995,0.355179012,0.34375,0.350892991,377064800
2003-12-23,0.298404664,0.35374999,0.356249988,0.349999994,0.355713993,308498400
2003-12-24,0.307442546,0.364464015,0.367679,0.350892991,0.35214299,177475200
2003-12-26,0.313015908,0.371071011,0.373392999,0.363213986,0.363393009,103695200
2003-12-29,0.318590134,0.37767899,0.377857,0.372500002,0.373392999,233458400
2003-12-30,0.320547938,0.379999995,0.383929014,0.37767899,0.378214002,204853600
2003-12-31,0.321903527,0.381606996,0.384463996,0.378214002,0.381249994,174451200
2004-01-02,0.320547938,0.379999995,0.388393015,0.378214002,0.384820998,144642400
2004-01-05,0.333954424,0.395893008,0.399821013,0.382499993,0.382499993,395018400
2004-01-06,0.33274889,0.394463986,0.400357008,0.387679011,0.397320986,509348000
2004-01-07,0.340281129,0.403393,0.407678992,0.391606987,0.394643009,586874400
2004-01-08,0.351879835,0.417142987,0.423750013,0.404464006,0.407857001,460303200
2004-01-09,0.346456587,0.410714,0.430893004,0.406964004,0.414820999,427459200
2004-01-12,0.357453078,0.423750013,0.428570986,0.412499994,0.415179014,487547200
2004-01-13,0.363327622,0.430714011,0.443571001,0.426070988,0.441071004,679016800
2004-01-14,0.364533067,0.432143003,0.438214004,0.42464301,0.435714006,620043200
2004-01-15,0.344197512,0.408035994,0.417856991,0.401786,0.409107,1018208800
2004-01-16,0.342238903,0.405714005,0.411428988,0.403750002,0.408749998,372820000
2004-01-20,0.342389882,0.405892998,0.407142997,0.397320986,0.404821008,315946400
2004-01-21,0.340582222,0.403750002,0.410178989,0.400536001,0.405357003,226660000
2004-01-22,0.334104478,0.396070987,0.407678992,0.396070987,0.402857006,205004800
2004-01-23,0.339828938,0.402857006,0.406071007,0.397320986,0.400357008,227169600
2004-01-26,0.346607596,0.410892993,0.41178599,0.400536001,0.401071012,271269600
2004-01-27,0.347511083,0.411963999,0.415179014,0.407142997,0.411428988,307070400
2004-01-28,0.339226663,0.402143002,0.417499989,0.400178999,0.407857001,275402400
2004-01-29,0.341636598,0.405000001,0.407142997,0.39625001,0.404107004,212699200
2004-01-30,0.339828938,0.402857006,0.408392996,0.400357008,0.404464006,185298400
2004-02-02,0.33621338,0.398571014,0.407321006,0.394286007,0.401071012,287431200
2004-02-03,0.335310102,0.397500008,0.400000006,0.392856985,0.398214012,180812800
2004-02-04,0.328230083,0.389106989,0.394463986,0.387499988,0.392856985,305552800
2004-02-05,0.337720037,0.400357008,0.409107,0.389463991,0.389643013,352844800
2004-02-06,0.342088759,0.405535996,0.408749998,0.400000006,0.400893003,193340000
2004-02-09,0.341485649,0.404821008,0.408214003,0.401786,0.403928995,188260800
2004-02-10,0.346155554,0.410356998,0.412856996,0.40071401,0.403928995,255343200
2004-02-11,0.358507663,0.425000012,0.426250011,0.411606997,0.412321001,348544000
2004-02-12,0.357453078,0.423750013,0.428393006,0.421429008,0.421606988,183988000
2004-02-13,0.346456587,0.410714,0.430357009,0.407678992,0.425893009,315980000
2004-02-17,0.348866701,0.413571,0.419463992,0.412499994,0.412499994,170956800
2004-02-18,0.350373328,0.415356994,0.418570995,0.411606997,0.413928986,141635200
2004-02-19,0.33847335,0.401250005,0.422143012,0.400178999,0.416606992,323080800
2004-02-20,0.337418795,0.400000006,0.401964009,0.396607012,0.401786,277603200
2004-02-23,0.334255546,0.39625001,0.401071012,0.390893012,0.398929,194079200
2004-02-24,0.336816519,0.399286002,0.406071007,0.392856985,0.395357013,259056000
2004-02-25,0.343594342,0.407321006,0.40892899,0.396607012,0.39785701,276276000
2004-02-26,0.347059816,0.411428988,0.413928986,0.407142997,0.408571005,198408000
2004-02-27,0.360315323,0.427143008,0.428929001,0.409821004,0.409999996,468837600
2004-03-01,0.36182186,0.428929001,0.433928996,0.426250011,0.430357009,321680800
2004-03-02,0.358658582,0.425179005,0.430357009,0.424463987,0.428570986,256687200
2004-03-03,0.360315323,0.427143008,0.43196401,0.421429008,0.421429008,225131200
2004-03-04,0.378993988,0.449286014,0.45035699,0.426964015,0.427320987,660223200
2004-03-05,0.402793735,0.477499992,0.490893006,0.444642991,0.445535988,1540599200
2004-03-08,0.39164716,0.464286,0.478392988,0.460714012,0.475356996,522872000
2004-03-09,0.408216894,0.483929008,0.486250013,0.459820986,0.462500006,618363200
2004-03-10,0.416953623,0.494286001,0.502499998,0.481070995,0.482856989,1006964000
2004-03-11,0.408969373,0.484820992,0.500714004,0.483749986,0.486963987,595851200
2004-03-12,0.415145844,0.492143005,0.496071011,0.485179007,0.487857014,329224000
2004-03-15,0.398425013,0.472321004,0.488393009,0.468928993,0.482679009,481717600
2004-03-16,0.388935179,0.461071014,0.475178987,0.453393012,0.474106997,605432800
2004-03-17,0.394509256,0.467678994,0.471071005,0.46035701,0.463571012,411432000
2004-03-18,0.386676043,0.458393008,0.465357006,0.456963986,0.46321401,321081600
2004-03-19,0.389538348,0.461786002,0.481070995,0.456070989,0.456429005,408576000
2004-03-22,0.389538348,0.461786002,0.467321008,0.450893015,0.45303601,419031200
2004-03-23,0.380951762,0.451606989,0.464286,0.45035699,0.462143004,385515200
2004-03-24,0.384114981,0.455356985,0.459820986,0.451249987,0.451249987,428215200
2004-03-25,0.404751629,0.479820997,0.480536014,0.462321013,0.466785997,566445600
2004-03-26,0.407312632,0.482856989,0.488570988,0.480536014,0.482143015,419893600
2004-03-29,0.420418054,0.498392999,0.499821007,0.485713989,0.488750011,350728000
2004-03-30,0.420568168,0.498571008,0.499107003,0.488213986,0.495357007,359676800
2004-03-31,0.407312632,0.482856989,0.499642998,0.481249988,0.498571008,390773600
2004-04-01,0.408367038,0.484106988,0.486963987,0.475356996,0.480179012,318332000
2004-04-02,0.414241523,0.491070986,0.498750001,0.486250013,0.495536,274478400
2004-04-05,0.426593572,0.505713999,0.506606996,0.49000001,0.490714014,385672000
2004-04-06,0.41921258,0.496964008,0.50267899,0.489820987,0.494821012,257992000
2004-04-07,0.411380291,0.487679005,0.494643003,0.480713993,0.493036002,255119200
2004-04-08,0.414693743,0.49160701,0.5,0.485713989,0.497857004,240917600
2004-04-12,0.422375858,0.500714004,0.501785994,0.490893006,0.491070986,230540800
2004-04-13,0.405655891,0.480892986,0.500536025,0.479285985,0.499642998,436396800
2004-04-14,0.401287138,0.475713998,0.483393013,0.469821006,0.477499992,639732800
2004-04-15,0.441355675,0.523213983,0.528213978,0.502857029,0.514643013,1761446400
2004-04-16,0.439547926,0.521071017,0.523392975,0.508929014,0.520536005,402931200
2004-04-19,0.427045763,0.506250024,0.513392985,0.496964008,0.502143025,712353600
2004-04-20,0.417706877,0.495178998,0.507321,0.492143005,0.503750026,354519200
2004-04-21,0.417706877,0.495178998,0.502143025,0.488750011,0.492857009,325875200
2004-04-22,0.418459296,0.496071011,0.503214002,0.484106988,0.492143005,344584800
2004-04-23,0.417254686,0.494643003,0.5,0.483036011,0.494643003,315828800
2004-04-26,0.40866828,0.48446399,0.493571013,0.482143015,0.492500007,231128800
2004-04-27,0.405806154,0.481070995,0.49000001,0.476606995,0.486429006,283864000
2004-04-28,0.398425013,0.472321004,0.482320994,0.470357001,0.478929013,231168000
2004-04-29,0.403245896,0.478035986,0.482143015,0.463928998,0.472321004,460790400
2004-04-30,0.388332903,0.46035701,0.481429011,0.455179006,0.476963997,466502400
2004-05-03,0.392701626,0.465535998,0.470178992,0.459643006,0.464286,297634400
2004-05-04,0.393755943,0.466785997,0.474106997,0.455356985,0.463750005,279983200
2004-05-05,0.401438147,0.475892991,0.477679014,0.463571012,0.467857003,238106400
2004-05-06,0.4003838,0.474642992,0.477679014,0.462500006,0.47142899,263558400
2004-05-07,0.401739419,0.476249993,0.492321014,0.474106997,0.474106997,419036800
2004-05-10,0.395864934,0.469285995,0.474999994,0.46321401,0.469107002,249978400
2004-05-11,0.408819258,0.484643012,0.485536009,0.47142899,0.47142899,305172000
2004-05-12,0.411229312,0.487500012,0.488213986,0.468571007,0.478392988,245420000
2004-05-13,0.409572631,0.485536009,0.495000005,0.480356991,0.483929008,229852000
2004-05-14,0.407613844,0.483213991,0.487857014,0.472321004,0.486606985,257801600
2004-05-17,0.401287138,0.475713998,0.483213991,0.470714003,0.476785988,300445600
2004-05-18,0.407613844,0.483213991,0.487320989,0.478570998,0.48160699,206063200
2004-05-19,0.39872703,0.472678989,0.491070986,0.471785992,0.489286005,375592000
2004-05-20,0.402341664,0.476963997,0.482143015,0.472678989,0.475535989,196296800
2004-05-21,0.408367038,0.484106988,0.485713989,0.477320999,0.480356991,179894400
2004-05-24,0.411831558,0.488213986,0.498214006,0.484106988,0.487320989,235603200
2004-05-25,0.42794919,0.507321,0.509106994,0.487320989,0.491070986,319978400
2004-05-26,0.429455757,0.509106994,0.513929009,0.5,0.505892992,322168000
2004-05-27,0.424334586,0.503036022,0.510713995,0.496785998,0.508213997,235972800
2004-05-28,0.42267704,0.501070976,0.504821002,0.496428996,0.501429021,145717600
2004-06-01,0.42267704,0.501070976,0.503570974,0.493036002,0.496250004,182134400
2004-06-02,0.435632318,0.516429007,0.520892978,0.496428996,0.500536025,318712800
2004-06-03,0.427799106,0.507143021,0.517678976,0.505178988,0.51285702,250930400
2004-06-04,0.433523178,0.513929009,0.522320986,0.509106994,0.50999999,399112000
2004-06-07,0.44903779,0.532320976,0.535356998,0.514464021,0.518571019,295876000
2004-06-08,0.457172066,0.541963995,0.543570995,0.532679021,0.535535991,415620800
2004-06-09,0.454913139,0.539286017,0.548393011,0.535713971,0.537320971,349204800
2004-06-10,0.463047445,0.548928976,0.553035975,0.539286017,0.539286017,257577600
2004-06-14,0.453707814,0.537856996,0.547856987,0.526786029,0.547321022,243986400
2004-06-15,0.462294251,0.548035979,0.556070983,0.540356994,0.545356989,444634400
2004-06-16,0.493174106,0.584643006,0.595000029,0.545179009,0.547500014,909641600
2004-06-17,0.494228154,0.585892975,0.591606975,0.575178981,0.581429005,551320000
2004-06-18,0.4957349,0.587679029,0.596607029,0.579106987,0.583213985,406252000
2004-06-21,0.486997664,0.577320993,0.598213971,0.573571026,0.591428995,390213600
2004-06-22,0.497090489,0.589286029,0.590892971,0.576606989,0.576785982,360511200
2004-06-23,0.507634997,0.601786017,0.604107022,0.587320983,0.589286029,390868800
2004-06-24,0.499801666,0.592499971,0.601786017,0.588928998,0.598393023,252515200
2004-06-25,0.507634997,0.601786017,0.601786017,0.589286029,0.590535998,323428000
2004-06-28,0.489408314,0.580178976,0.610535979,0.575178981,0.610356987,521096800
2004-06-29,0.489558488,0.580357015,0.589106977,0.560892999,0.572678983,590553600
2004-06-30,0.490160614,0.581071019,0.588750005,0.569464028,0.581429005,373044000
2004-07-01,0.486546367,0.576785982,0.579999983,0.569643021,0.573213995,341941600
2004-07-02,0.468168676,0.555000007,0.556786001,0.530893028,0.544286013,910683200
2004-07-06,0.466210723,0.552679002,0.561070979,0.550000012,0.558393002,348980800
2004-07-07,0.457775265,0.542679012,0.560000002,0.538035989,0.550893009,397992000
2004-07-08,0.454008967,0.538214028,0.547856987,0.534820974,0.538035989,233380000
2004-07-09,0.452352226,0.536249995,0.544642985,0.536249995,0.540535986,208863200
2004-07-12,0.43894577,0.520357013,0.536428988,0.516606987,0.536071002,511621600
2004-07-13,0.440151155,0.521785975,0.52857101,0.518213987,0.522320986,316176000
2004-07-14,0.445573241,0.528213978,0.535179019,0.513213992,0.515357018,835800000
2004-07-15,0.496035993,0.588036001,0.600535989,0.573392987,0.583213985,1767724000
2004-07-16,0.485039651,0.574999988,0.587857008,0.573571026,0.585713983,488381600
2004-07-19,0.481575161,0.57089299,0.57535702,0.565357029,0.571606994,533170400
2004-07-20,0.485039651,0.574999988,0.574999988,0.563392997,0.570536017,323747200
2004-07-21,0.476302922,0.564643025,0.584106982,0.559642971,0.578929007,301257600
2004-07-22,0.477206528,0.565714002,0.566606998,0.554642975,0.558036029,334118400
2004-07-23,0.462444514,0.548214018,0.566963971,0.544286013,0.563036025,273571200
2004-07-26,0.470879912,0.558214009,0.561607003,0.54964298,0.550893009,393932000
2004-07-27,0.488504261,0.579106987,0.584820986,0.563750029,0.567857027,425006400
2004-07-28,0.486094058,0.576250017,0.578750014,0.556429029,0.576964021,285051200
2004-07-29,0.49166739,0.582857013,0.586071014,0.573750019,0.579820991,222157600
2004-07-30,0.487148434,0.577499986,0.589286029,0.571429014,0.583036005,243023200
2004-08-02,0.475700796,0.563929021,0.574999988,0.555893004,0.556786001,365092000
2004-08-03,0.471331924,0.558749974,0.566429019,0.556249976,0.561607003,211629600
2004-08-04,0.478864104,0.567678988,0.573571026,0.556607008,0.55696398,276488800
2004-08-05,0.47283861,0.560536027,0.576785982,0.558036029,0.56803602,244501600
2004-08-06,0.448586792,0.531786025,0.555356979,0.530357003,0.551786005,492290400
2004-08-09,0.456418991,0.541070998,0.543749988,0.532320976,0.533035994,290847200
2004-08-10,0.474796295,0.562856972,0.563214004,0.541963995,0.542679012,351036000
2004-08-11,0.46711424,0.553749979,0.555893004,0.540356994,0.555356979,322392000
2004-08-12,0.457473457,0.542321026,0.550893009,0.540714025,0.543749988,226200800
2004-08-13,0.464553267,0.550714016,0.558570981,0.542856991,0.546428978,328048000
2004-08-16,0.46364975,0.54964298,0.566429019,0.547142982,0.553570986,435674400
2004-08-17,0.465005398,0.551249981,0.555893004,0.541963995,0.546070993,323019200
2004-08-18,0.47811076,0.566785991,0.568750024,0.544463992,0.544821024,364655200
2004-08-19,0.462595433,0.548393011,0.568929017,0.542142987,0.562678993,388920000
2004-08-20,0.463950992,0.550000012,0.553393006,0.544463992,0.548393011,316780800
2004-08-23,0.468168676,0.555000007,0.558393002,0.546428978,0.551070988,254660000
2004-08-24,0.481274039,0.570536017,0.570536017,0.55696398,0.558214009,374136000
2004-08-25,0.497843951,0.590179026,0.591964006,0.566606998,0.569106996,505618400
2004-08-26,0.522096097,0.618929029,0.628214002,0.584643006,0.589999974,955858400
2004-08-27,0.517426014,0.613393009,0.620714009,0.607142985,0.619286001,388813600
2004-08-30,0.513961554,0.60928601,0.620000005,0.606428981,0.607142985,218142400
2004-08-31,0.519534707,0.615893006,0.624107003,0.607142985,0.608393013,376560800
2004-09-01,0.540171266,0.640357018,0.642678976,0.610535979,0.612500012,515726400
2004-09-02,0.537159085,0.636785984,0.639464021,0.621963978,0.633929014,406324800
2004-09-03,0.530681133,0.629106998,0.641429007,0.625178993,0.625178993,293468000
2004-09-07,0.538664818,0.638571024,0.64625001,0.629106998,0.632143021,301957600
2004-09-08,0.547552407,0.649106979,0.653035998,0.637143016,0.637499988,343526400
2004-09-09,0.537761569,0.637499988,0.648213983,0.629999995,0.644643009,461339200
2004-09-10,0.540322483,0.64053601,0.646964014,0.633213997,0.636785984,328014400
2004-09-13,0.536104679,0.635536015,0.644106984,0.630713999,0.64071399,281976800
2004-09-14,0.534597993,0.633750021,0.634820998,0.621070981,0.629285991,254822400
2004-09-15,0.53022939,0.628570974,0.633571029,0.621429026,0.631429017,232668800
2004-09-16,0.547552407,0.649106979,0.656428993,0.626429021,0.628570974,501916800
2004-09-17,0.559452176,0.663214028,0.667500019,0.649999976,0.652679026,502308800
2004-09-20,0.568038821,0.673393011,0.678214014,0.658393025,0.658571005,245000000
2004-09-21,0.572557569,0.678749979,0.694106996,0.668928981,0.674107015,386652000
2004-09-22,0.556138873,0.659286022,0.681070983,0.657320976,0.680356979,401688000
2004-09-23,0.561410964,0.665535986,0.669642985,0.659464002,0.661428988,397404000
2004-09-24,0.561712205,0.665893018,0.678570986,0.663393021,0.668749988,369488000
2004-09-27,0.565327644,0.670179009,0.678214014,0.657679021,0.659820974,397516000
2004-09-28,0.57300967,0.679286003,0.683749974,0.668749988,0.668928981,353186400
2004-09-29,0.582649767,0.690714002,0.693929017,0.675356984,0.677321017,273509600
2004-09-30,0.583704412,0.691963971,0.701250017,0.686607003,0.696429014,425012000
2004-10-01,0.582499623,0.690536022,0.699820995,0.688929021,0.698571026,465404800
2004-10-04,0.584307313,0.692678988,0.699643016,0.691963971,0.699643016,574084000
2004-10-05,0.593044221,0.70303601,0.708392978,0.685714006,0.688570976,406162400
2004-10-06,0.612173975,0.725714028,0.727856994,0.704820991,0.705357015,446303200
2004-10-07,0.596809328,0.707499981,0.730893016,0.704643011,0.723928988,426148800
2004-10-08,0.588374138,0.69749999,0.710178971,0.693570971,0.706429005,359228800
2004-10-11,0.581293941,0.689107001,0.69749999,0.682142973,0.692857027,323870400
2004-10-12,0.576775491,0.683749974,0.688929021,0.672321022,0.6875,460191200
2004-10-13,0.598767459,0.709820986,0.709999979,0.691785991,0.694106996,1163008000
2004-10-14,0.677548945,0.803214014,0.816963971,0.759820998,0.77125001,2768427200
2004-10-15,0.685382187,0.8125,0.814463973,0.789107025,0.801428974,1031128000
2004-10-18,0.719274819,0.852679014,0.852679014,0.798214018,0.798214018,1200752000
2004-10-19,0.71430403,0.846786022,0.863393009,0.844820976,0.858928978,801992800
2004-10-20,0.715057552,0.847679019,0.850000024,0.833036005,0.842499971,605108000
2004-10-21,0.722136378,0.856070995,0.85946399,0.845713973,0.847856998,724505600
2004-10-22,0.714152873,0.846607029,0.851249993,0.839643002,0.848928988,483067200
2004-10-25,0.716261923,0.849107027,0.854286015,0.840535998,0.842857003,392644000
2004-10-26,0.722588301,0.85660702,0.858035982,0.838750005,0.847320974,594361600
2004-10-27,0.7576859,0.898213983,0.903928995,0.860179007,0.866249979,1193494400
2004-10-28,0.786155641,0.93196398,0.932500005,0.883929014,0.892499983,864264800
2004-10-29,0.7893188,0.935714006,0.949999988,0.925000012,0.925714016,810219200
2004-11-01,0.790072143,0.936607003,0.951071024,0.929286003,0.9375,602050400
2004-11-02,0.805888593,0.955357015,0.965713978,0.935714006,0.935714006,729988000
2004-11-03,0.833153903,0.987679005,1.001963973,0.964106977,0.970893025,1204173600
2004-11-04,0.820198834,0.972320974,0.991963983,0.970893025,0.982679009,928625600
2004-11-05,0.824266315,0.97714299,0.982142985,0.929286003,0.979642987,1205047200
2004-11-08,0.819144249,0.971071005,0.990179002,0.961785972,0.969106972,526920800
2004-11-09,0.814173818,0.965179026,0.974107027,0.95321399,0.968393028,475764800
2004-11-10,0.824718475,0.977679014,0.989107013,0.962679029,0.963392973,508676000
2004-11-11,0.833003104,0.987500012,0.989821017,0.968393028,0.981249988,407299200
2004-11-12,0.836015046,0.991070986,0.99446398,0.979286015,0.982321024,395701600
2004-11-15,0.832099438,0.986428976,0.990356982,0.970357001,0.985714018,376045600
2004-11-16,0.827579737,0.981070995,0.985714018,0.972856998,0.985000014,295103200
2004-11-17,0.826977134,0.980356991,0.990179002,0.968213975,0.985535979,397751200
2004-11-18,0.834358275,0.989107013,0.990179002,0.969464004,0.969642997,459149600
2004-11-19,0.831044912,0.985179007,1.016250014,0.973213971,0.990893006,765279200
2004-11-22,0.9241364,1.095535994,1.142856956,1.03392899,1.103571057,2568210400
2004-11-23,0.922930598,1.094107032,1.115178943,1.090178967,1.112499952,911450400
2004-11-24,0.964807153,1.143749952,1.164286017,1.099107027,1.101606965,1390788000
2004-11-26,0.972339094,1.152678967,1.174286008,1.148929,1.166964054,550144000
2004-11-29,1.030935168,1.222143054,1.242321014,1.203750014,1.231250048,1712916800
2004-11-30,1.009996891,1.197321057,1.228392959,1.197321057,1.228392959,1028518400
2004-12-01,1.021144152,1.210536003,1.213392973,1.183393002,1.210536003,800553600
2004-12-02,0.982280135,1.164463997,1.194643021,1.154643059,1.180892944,987442400
2004-12-03,0.944170058,1.119285941,1.16071403,1.102679014,1.152320981,1238848800
2004-12-06,0.99086678,1.17464304,1.182857037,1.124107003,1.147320986,1247920800
2004-12-07,0.947334111,1.123036027,1.191606998,1.117143035,1.177320957,1056899200
2004-12-08,0.953208148,1.129999995,1.150535941,1.108036041,1.126428962,691902400
2004-12-09,0.963903725,1.142678976,1.149999976,1.108392954,1.121606946,741501600
2004-12-10,0.981376708,1.163393021,1.179463983,1.155357003,1.161249995,775773600
2004-12-13,0.977761447,1.15910697,1.176785946,1.15357101,1.171785951,395040800
2004-12-14,0.983485699,1.165892959,1.176429033,1.161070943,1.167857051,415721600
2004-12-15,0.983033478,1.165356994,1.168928981,1.154643059,1.164999962,398361600
2004-12-16,1.00321877,1.189285994,1.205356956,1.179463983,1.181249976,1126115200
2004-12-17,0.978966773,1.160536051,1.197142959,1.15892899,1.193570971,783496000
2004-12-20,0.944772899,1.120000005,1.178570986,1.102856994,1.16910696,1168126400
2004-12-21,0.959384024,1.137320995,1.138749957,1.100000024,1.13499999,1064414400
2004-12-22,0.960288107,1.138393044,1.149286032,1.132143021,1.136785984,565829600
2004-12-23,0.964204729,1.143036008,1.147320986,1.135714054,1.138393044,245929600
2004-12-27,0.951400757,1.12785697,1.163393021,1.122856975,1.157142997,559490400
2004-12-28,0.966764808,1.146070957,1.147320986,1.108036041,1.130357027,611755200
2004-12-29,0.970681846,1.15071404,1.160356998,1.135179043,1.139464021,449562400
2004-12-30,0.976105034,1.157142997,1.161249995,1.146785975,1.157320976,345340800
2004-12-31,0.970079303,1.149999976,1.16071403,1.14339304,1.158750057,278588800
2005-01-03,0.953359127,1.130179048,1.162678957,1.117856979,1.156785965,691992000
2005-01-04,0.963150322,1.141785979,1.16910696,1.124464035,1.139106989,1096810400
2005-01-05,0.971585989,1.15178597,1.165179014,1.143749952,1.151070952,680433600
2005-01-06,0.972339094,1.152678967,1.15910697,1.130892992,1.154821038,705555200
2005-01-07,1.043136597,1.236606956,1.243392944,1.15625,1.16071403,2227450400
2005-01-10,1.038768291,1.231428981,1.262500048,1.212142944,1.246963978,1725309600
2005-01-11,0.972489655,1.152856946,1.234820962,1.145357013,1.21875,2611627200
2005-01-12,0.986046553,1.168928981,1.176785946,1.130357027,1.168750048,1919702400
2005-01-13,1.051421523,1.246428967,1.328928947,1.245179057,1.316249967,3164716800
2005-01-14,1.057446003,1.253571033,1.280714035,1.235535979,1.25446403,1770742400
2005-01-18,1.064224958,1.261607051,1.262500048,1.209820986,1.24732101,1006460000
2005-01-19,1.052626133,1.247856975,1.276070952,1.24553597,1.258749962,751895200
2005-01-20,1.061362267,1.258213997,1.272678971,1.240535975,1.243749976,914922400
2005-01-21,1.061815023,1.258749962,1.27857101,1.25,1.273393035,911332800
2005-01-24,1.065882206,1.263571024,1.281785965,1.259821057,1.267500043,841629600
2005-01-25,1.085313916,1.286607027,1.300714016,1.266785979,1.274464011,969231200
2005-01-26,1.088326812,1.290179014,1.299106956,1.271785975,1.297500014,739496800
2005-01-27,1.094201326,1.297142982,1.302142978,1.277678967,1.288571,496227200
2005-01-28,1.114385843,1.321071029,1.321071029,1.293570995,1.296785951,801612000
2005-01-31,1.158371091,1.373214006,1.390892982,1.330536008,1.331786036,1681097600
2005-02-01,1.167860389,1.384464025,1.388749957,1.367499948,1.375892997,678395200
2005-02-02,1.199493885,1.421964049,1.426964045,1.387320995,1.391963959,1020062400
2005-02-03,1.172078371,1.389464021,1.418393016,1.380892992,1.412500024,731651200
2005-02-04,1.187593699,1.407856941,1.409464002,1.384464025,1.390535951,563556000
2005-02-07,1.189100266,1.409643054,1.416964054,1.383929014,1.409464002,524456800
2005-02-08,1.218624473,1.444643021,1.453214049,1.406963944,1.411964059,890019200
2005-02-09,1.186087489,1.406070948,1.464107037,1.394642949,1.447142959,1191456000
2005-02-10,1.180363894,1.399286032,1.415714025,1.368929029,1.405714035,1093019200
2005-02-11,1.223294377,1.450178981,1.460000038,1.409643054,1.426071048,1201054400
2005-02-14,1.274810791,1.511250019,1.514106989,1.465178967,1.477321029,1271463200
2005-02-15,1.331750393,1.578750014,1.590713978,1.53571403,1.547500014,2312217600
2005-02-16,1.357658982,1.609464049,1.610713959,1.55982101,1.574107051,1639243200
2005-02-17,1.322712183,1.56803596,1.622856975,1.561607003,1.618749976,1518473600
2005-02-18,1.307649255,1.550179005,1.568928957,1.540179014,1.566786051,1163254400
2005-02-22,1.284752965,1.523036003,1.576786041,1.523036003,1.541071057,1219293600
2005-02-23,1.329038978,1.575536013,1.579463959,1.527678967,1.548570991,1345181600
2005-02-24,1.339583278,1.588035941,1.594820976,1.566606998,1.580000043,1519028000
2005-02-25,1.340486765,1.589107037,1.605535984,1.574820995,1.600357056,915510400
2005-02-28,1.351483226,1.602143049,1.61214304,1.570000052,1.595713973,651610400
2005-03-01,1.340637565,1.58928597,1.611070991,1.577142954,1.606786013,468188000
2005-03-02,1.329189539,1.575713992,1.603214025,1.574285984,1.580356956,458161200
2005-03-03,1.258994222,1.492499948,1.586071014,1.472143054,1.584643006,1411653600
2005-03-04,1.289723992,1.528928995,1.536070943,1.494642973,1.527143002,756618800
2005-03-07,1.287916064,1.52678597,1.544643044,1.512500048,1.52857101,450632000
2005-03-08,1.221035004,1.44749999,1.505714059,1.432142973,1.496428967,1021451200
2005-03-09,1.185484767,1.405357003,1.438570976,1.386785984,1.415714025,1322465200
2005-03-10,1.199945927,1.422500014,1.437857032,1.396428943,1.41178596,777109200
2005-03-11,1.213201165,1.438213944,1.449643016,1.421429038,1.436071038,632830800
2005-03-14,1.214707971,1.440000057,1.456786036,1.411429048,1.447142959,605385200
2005-03-15,1.233988762,1.462857008,1.469285965,1.4375,1.451429009,508608800
2005-03-16,1.240616679,1.470713973,1.511070967,1.456429005,1.471786022,697813200
2005-03-17,1.272852421,1.508929014,1.531429052,1.475713968,1.483214021,801920000
2005-03-18,1.29424274,1.534286022,1.551429033,1.517856956,1.547500014,940150400
2005-03-21,1.31653595,1.560714006,1.570356965,1.530714035,1.546071053,541128000
2005-03-22,1.290326357,1.529643059,1.570000052,1.524286032,1.561071038,551415200
2005-03-23,1.281890392,1.519642949,1.549999952,1.500713944,1.516070962,609823200
2005-03-24,1.280383587,1.517856956,1.53571403,1.517856956,1.532500029,352704800
2005-03-28,1.281288266,1.518929005,1.534286022,1.516785979,1.52678597,275410800
2005-03-29,1.257788897,1.491070986,1.529643059,1.482143044,1.519999981,461356000
2005-03-30,1.289421797,1.52857101,1.52857101,1.493571043,1.502500057,394959600
2005-03-31,1.255378962,1.488214016,1.518571019,1.485357046,1.516070962,636134800
2005-04-01,1.231880188,1.460356951,1.506428957,1.448928952,1.503214002,641284000
2005-04-04,1.237905264,1.467499971,1.475357056,1.434285998,1.463929057,580014400
2005-04-05,1.262006164,1.496070981,1.508571029,1.467499971,1.472143054,556239600
2005-04-06,1.275262594,1.511785984,1.528928995,1.505357027,1.514286041,414825600
2005-04-07,1.312318087,1.555714011,1.5625,1.508929014,1.511785984,506987600
2005-04-08,1.317741513,1.562142968,1.587499976,1.554999948,1.560714006,649950000
2005-04-11,1.262910843,1.49714303,1.580356956,1.496785998,1.576786041,821662800
2005-04-12,1.285204291,1.523571014,1.542500019,1.500357032,1.517500043,981061200
2005-04-13,1.236398816,1.465713978,1.535356998,1.442499995,1.53392899,1371946800
2005-04-14,1.122519851,1.330713987,1.412857056,1.315714002,1.386070967,2753192400
2005-04-15,1.06497848,1.262500048,1.330356956,1.25999999,1.307857037,1728087200
2005-04-18,1.073112607,1.272143006,1.296429038,1.21428597,1.25,1327177600
2005-04-19,1.117399096,1.324643016,1.337142944,1.281070948,1.307142973,1081642800
2005-04-20,1.069798589,1.268213987,1.347856998,1.265714049,1.345000029,945131600
2005-04-21,1.120110035,1.327857018,1.328928947,1.282142997,1.299999952,759592400
2005-04-22,1.069497228,1.267856956,1.321429014,1.246428967,1.315714002,839129200
2005-04-25,1.114084959,1.320713997,1.322142959,1.289643049,1.303213954,746460400
2005-04-26,1.090284824,1.292500019,1.339643002,1.289999962,1.313570976,810507600
2005-04-27,1.083054781,1.28392899,1.298570991,1.268213987,1.281785965,613888800
2005-04-28,1.070702553,1.269286036,1.297857046,1.258571029,1.296071053,575106000
2005-04-29,1.086368322,1.287857056,1.293928981,1.257856965,1.291071057,671630400
2005-05-02,1.097514629,1.301071048,1.308928967,1.286429048,1.293213964,465920000
2005-05-03,1.09088695,1.293213964,1.312142968,1.28678596,1.299999952,496739600
2005-05-04,1.119206905,1.326786041,1.328570962,1.289286017,1.289643049,448176400
2005-05-05,1.105047107,1.309999943,1.331071019,1.30250001,1.330356956,387366000
2005-05-06,1.121917725,1.330000043,1.333214045,1.313928962,1.317499995,326247600
2005-05-09,1.113783717,1.320356965,1.337499976,1.3125,1.331429005,355695200
2005-05-10,1.097213507,1.300714016,1.330356956,1.297500014,1.3125,440263600
2005-05-11,1.072811365,1.271785975,1.273929,1.182500005,1.257143021,2041981200
2005-05-12,1.028224468,1.218929052,1.271070957,1.21428597,1.264999986,970242000
2005-05-13,1.047504902,1.241786003,1.258213997,1.216786027,1.22142899,702713200
2005-05-16,1.071003795,1.269642949,1.274999976,1.233214021,1.234285951,474294800
2005-05-17,1.065279245,1.26285696,1.266428947,1.233571053,1.254999995,588344400
2005-05-18,1.079740286,1.279999971,1.341428995,1.249642968,1.266070962,636722800
2005-05-19,1.131256342,1.34107101,1.345713973,1.277856946,1.277856946,793161600
2005-05-20,1.131256342,1.34107101,1.344642997,1.328214049,1.330356956,452650800
2005-05-23,1.197837114,1.419999957,1.424999952,1.351786017,1.351786017,1042574400
2005-05-24,1.196029425,1.417857051,1.428213954,1.393929005,1.40892899,593460000
2005-05-25,1.19843936,1.420714021,1.426785946,1.404286027,1.41071403,396006800
2005-05-26,1.227360964,1.455000043,1.462142944,1.426429033,1.426429033,525520800
2005-05-27,1.221938252,1.448570967,1.456786036,1.428928971,1.451429009,316008000
2005-05-31,1.197837114,1.419999957,1.455000043,1.413571,1.452142954,404205200
2005-06-01,1.214105606,1.439285994,1.455713987,1.423570991,1.42464304,453812800
2005-06-02,1.206272602,1.429999948,1.440000057,1.414286017,1.430356979,373973600
2005-06-03,1.152043819,1.365713954,1.37785697,1.348929048,1.362856984,956869200
2005-06-06,1.142404199,1.354285955,1.379642963,1.341428995,1.368929029,811966400
2005-06-07,1.100828767,1.304999948,1.347499967,1.301785946,1.342857003,745264800
2005-06-08,1.112276673,1.318570971,1.330356956,1.306071043,1.308213949,404006400
2005-06-09,1.134269714,1.344642997,1.355000019,1.315000057,1.321429014,390255600
2005-06-10,1.078837514,1.278928995,1.335713983,1.268571019,1.335713983,678932800
2005-06-13,1.081547737,1.282142997,1.307500005,1.279286027,1.281785965,435772400
2005-06-14,1.084560275,1.28571403,1.291071057,1.27678597,1.282856941,347846800
2005-06-15,1.118603587,1.326071024,1.332142949,1.296429038,1.316786051,563343200
2005-06-16,1.144211769,1.356428981,1.360000014,1.315000057,1.328214049,547674400
2005-06-17,1.154152989,1.368214011,1.376428962,1.351071,1.373929024,596125600
2005-06-20,1.133064151,1.343214035,1.360357046,1.337499976,1.351786017,323716400
2005-06-21,1.140596628,1.352143049,1.363929033,1.335000038,1.347143054,370526800
2005-06-22,1.161383986,1.376785994,1.378571033,1.36214304,1.366428971,424925200
2005-06-23,1.171627164,1.388929009,1.420714021,1.380357027,1.386785984,674254000
2005-06-24,1.137583613,1.348570943,1.397143006,1.345713973,1.396070957,410709600
2005-06-27,1.117699742,1.325000048,1.360713959,1.309999943,1.315714002,600171600
2005-06-28,1.124026418,1.332499981,1.342499971,1.327499986,1.338929057,350299600
2005-06-29,1.095707417,1.298928976,1.331786036,1.289999962,1.329643011,448358400
2005-06-30,1.108963609,1.314643025,1.327142954,1.296785951,1.307500005,418390000
2005-07-01,1.099623322,1.303570986,1.320356965,1.296071053,1.31535697,250000800
2005-07-05,1.144211769,1.356428981,1.362499952,1.303570986,1.305356979,454269200
2005-07-06,1.126436472,1.335356951,1.362856984,1.328570962,1.346786022,394626400
2005-07-07,1.133667827,1.343929052,1.348570943,1.314285994,1.314643025,383723200
2005-07-08,1.152345657,1.366070986,1.367143035,1.33821404,1.352499962,290735200
2005-07-11,1.147826791,1.360713959,1.380357027,1.34928596,1.370357037,388788400
2005-07-12,1.152043819,1.365713954,1.371428967,1.353929043,1.365357041,387038400
2005-07-13,1.155358315,1.369642973,1.375,1.353571057,1.367499948,684835200
2005-07-14,1.227662086,1.455356956,1.500357032,1.436786056,1.456786036,2096060400
2005-07-15,1.25176394,1.483929038,1.484642982,1.445000052,1.46321404,687682800
2005-07-18,1.249956489,1.481786013,1.503571033,1.477499962,1.478929043,586297600
2005-07-19,1.301171303,1.542500019,1.543928981,1.466786027,1.482856989,671062000
2005-07-20,1.314427376,1.558213949,1.564285994,1.523213983,1.530714035,453395600
2005-07-21,1.304183841,1.546071053,1.572857022,1.532142997,1.560714006,404264000
2005-07-22,1.325574756,1.571429014,1.571429014,1.54964304,1.551429033,301106400
2005-07-25,1.319850564,1.564643025,1.581429005,1.561786056,1.571071029,294627200
2005-07-26,1.314427376,1.558213949,1.57535696,1.548570991,1.571786046,268592800
2005-07-27,1.325272799,1.571071029,1.573928952,1.523929,1.56535697,283749200
2005-07-28,1.319549561,1.564285994,1.571429014,1.546429038,1.566071033,251311200
2005-07-29,1.284902811,1.523213983,1.585000038,1.509286046,1.555714011,562080400
2005-08-01,1.287916064,1.52678597,1.538571,1.50285697,1.520357013,314249600
2005-08-02,1.301171303,1.542500019,1.553570986,1.521785975,1.531785965,296875600
2005-08-03,1.302074671,1.543570995,1.546785951,1.527500033,1.542500019,258322400
2005-08-04,1.286710501,1.525357008,1.53571403,1.510357022,1.531785965,269304000
2005-08-05,1.295145869,1.535356998,1.548570991,1.500713944,1.517500043,241931200
2005-08-08,1.284902811,1.523213983,1.544643044,1.521785975,1.53571403,176383200
2005-08-09,1.320151091,1.565000057,1.567499995,1.532500029,1.533213973,380839200
2005-08-10,1.306896091,1.549286008,1.585356951,1.546785951,1.571429014,360945200
2005-08-11,1.325574756,1.571429014,1.575713992,1.544643044,1.54964304,271983600
2005-08-12,1.388840556,1.646428943,1.65071404,1.548570991,1.552142978,916036800
2005-08-15,1.436440587,1.702857018,1.726071,1.65892899,1.659999967,1086727600
2005-08-16,1.393359661,1.65178597,1.696429014,1.650357008,1.692499995,537622400
2005-08-17,1.420473576,1.683928967,1.694285989,1.656070948,1.657142997,499724400
2005-08-18,1.394864917,1.65357101,1.678570986,1.633929014,1.675356984,442559600
2005-08-19,1.380706072,1.636785984,1.667857051,1.634642959,1.652856946,376569200
2005-08-22,1.381910682,1.638213992,1.669643044,1.616428971,1.648213983,387732800
2005-08-23,1.37799418,1.633571029,1.646428943,1.618571043,1.637500048,295604400
2005-08-24,1.378898621,1.634642959,1.682857037,1.628214002,1.628571033,572070800
2005-08-25,1.387634993,1.644999981,1.660356998,1.636070967,1.647143006,276253600
2005-08-26,1.37799418,1.633571029,1.654999971,1.620000005,1.647143006,261058000
2005-08-29,1.381007314,1.637143016,1.643929005,1.616428971,1.616786003,256295200
2005-08-30,1.402999401,1.663213968,1.671071053,1.639999986,1.642500043,518761600
2005-08-31,1.412640214,1.67464304,1.679643035,1.652500033,1.673570991,402956400
2005-09-01,1.393660665,1.652143002,1.68464303,1.646070957,1.678570986,356367200
2005-09-02,1.392454982,1.65071404,1.671429038,1.647143006,1.65357101,222378800
2005-09-06,1.4701823,1.742856979,1.745713949,1.662500024,1.667857051,818619200
2005-09-07,1.466566801,1.738571048,1.764286041,1.711429,1.751785994,963074000
2005-09-08,1.499706149,1.777856946,1.789999962,1.754999995,1.762500048,702640400
2005-09-09,1.545799971,1.832499981,1.833928943,1.778213978,1.788213968,615641600
2005-09-12,1.548511267,1.835713983,1.843929052,1.806429029,1.825000048,452796400
2005-09-13,1.531038165,1.815000057,1.831786036,1.797142982,1.822142959,492884000
2005-09-14,1.494585037,1.771785975,1.828214049,1.766428947,1.823570967,474426400
2005-09-15,1.502417684,1.781070948,1.792142987,1.761785984,1.78571403,415156000
2005-09-16,1.542788029,1.828928947,1.828928947,1.78392899,1.793928981,591004400
2005-09-19,1.585868359,1.879999995,1.888929009,1.823214054,1.823214054,783731200
2005-09-20,1.602438569,1.899642944,1.921785951,1.889999986,1.892500043,819828800
2005-09-21,1.569901466,1.861070991,1.894642949,1.852143049,1.891428947,434747600
2005-09-22,1.563574672,1.853571057,1.873929024,1.832857013,1.852856994,463727600
2005-09-23,1.602739573,1.899999976,1.91071403,1.851428986,1.860713959,558457200
2005-09-26,1.622020245,1.922857046,1.948570967,1.904286027,1.929643035,546562800
2005-09-27,1.609969616,1.908571005,1.937142968,1.908213973,1.925714016,341703600
2005-09-28,1.538871527,1.824285984,1.896785975,1.806785941,1.895357013,1125544000
2005-09-29,1.57683146,1.869285941,1.878214002,1.814643025,1.829643011,636846000
2005-09-30,1.615091801,1.914643049,1.916071057,1.852856994,1.868929029,531633200
2005-10-03,1.640097022,1.944285989,1.947857022,1.917142987,1.934285998,507553200
2005-10-04,1.619309664,1.919643044,1.976786017,1.915714025,1.962499976,539459200
2005-10-05,1.590086579,1.88499999,1.941429019,1.883929014,1.94035697,610769600
2005-10-06,1.557550073,1.84642899,1.910356998,1.816786051,1.899999976,757537200
2005-10-07,1.545499086,1.832142949,1.854642987,1.805356979,1.847143054,677882800
2005-10-10,1.517481565,1.798928976,1.853929043,1.795714021,1.848570943,507505600
2005-10-11,1.554235697,1.842499971,1.852499962,1.799999952,1.829643011,1225884800
2005-10-12,1.483739734,1.758929014,1.796429038,1.709643006,1.737499952,2697486400
2005-10-13,1.619008303,1.919286013,1.926785946,1.759642959,1.765714049,1865575600
2005-10-14,1.626840949,1.928570986,1.941071033,1.885357022,1.929643035,1035552000
2005-10-17,1.609969616,1.908571005,1.936786056,1.881428957,1.927857041,616834400
2005-10-18,1.57291472,1.864642978,1.926785946,1.864285946,1.90178597,609588000
2005-10-19,1.65515995,1.962142944,1.962857008,1.828928947,1.859642982,1008683200
2005-10-20,1.691312194,2.005000114,2.017857075,1.941071033,1.945356965,1357762000
2005-10-21,1.676851153,1.987856984,2.035000086,1.977143049,2.029999971,796726000
2005-10-24,1.710894227,2.028213978,2.028213978,1.967499971,1.97321403,609753200
2005-10-25,1.690106511,2.003571033,2.030356884,1.988929033,2.014286041,465127600
2005-10-26,1.718125463,2.036786079,2.055713892,1.99714303,2.00999999,631593200
2005-10-27,1.66931963,1.978929043,2.036071062,1.978929043,2.035356998,411541200
2005-10-28,1.64100039,1.945356965,2.015357018,1.93464303,2.001429081,769787200
2005-10-31,1.73499608,2.05678606,2.070713997,1.955356956,1.97142899,940844800
2005-11-01,1.73228395,2.053570986,2.07642889,2.031070948,2.044286013,749686000
2005-11-02,1.806094646,2.141071081,2.142857075,2.057142973,2.061429024,857060400
2005-11-03,1.86333704,2.208929062,2.225713968,2.145356894,2.152143002,884382800
2005-11-04,1.842247486,2.183928967,2.187143087,2.129286051,2.155356884,878035200
2005-11-07,1.814529896,2.151071072,2.202500105,2.147856951,2.173213959,638831200
2005-11-08,1.804589152,2.139286041,2.156429052,2.110713959,2.141071081,473765600
2005-11-09,1.810915709,2.146785975,2.186070919,2.142857075,2.142857075,552930000
2005-11-10,1.843149543,2.184999943,2.185714006,2.107500076,2.165714025,665344400
2005-11-11,1.853995442,2.197856903,2.218214035,2.190713882,2.197856903,425448800
2005-11-14,1.851285338,2.194643021,2.213571072,2.175357103,2.197856903,369933200
2005-11-15,1.876290679,2.224286079,2.25285697,2.194999933,2.200000048,536841200
2005-11-16,1.956727743,2.319643021,2.323570967,2.253213882,2.255357027,784515200
2005-11-17,1.943773627,2.304286003,2.352857113,2.294642925,2.342499971,676205600
2005-11-18,1.94497931,2.305713892,2.336786032,2.298928976,2.332499981,524960800
2005-11-21,1.957029343,2.319999933,2.32821393,2.275713921,2.315000057,511711200
2005-11-22,2.004027367,2.375714064,2.384285927,2.304286003,2.315713882,540282400
2005-11-23,2.021802425,2.396785975,2.427856922,2.381786108,2.388571024,485853200
2005-11-25,2.088984728,2.476428986,2.483571053,2.410713911,2.416429043,395012800
2005-11-28,2.098624945,2.487857103,2.538213968,2.466785908,2.525713921,1018519600
2005-11-29,2.051627159,2.432142973,2.510714054,2.405356884,2.499643087,891433200
2005-11-30,2.043191671,2.422142982,2.458929062,2.411428928,2.443928957,595674800
2005-12-01,2.157070637,2.557142973,2.561785936,2.457499981,2.462500095,812893200
2005-12-02,2.18810153,2.593929052,2.597856998,2.525000095,2.5810709,895762000
2005-12-05,2.163698673,2.565000057,2.590357065,2.553214073,2.569643021,583671200
2005-12-06,2.230881453,2.644643068,2.672499895,2.619642973,2.640357018,857029600
2005-12-07,2.22786808,2.641071081,2.659286022,2.611428976,2.651071072,679464800
2005-12-08,2.231784344,2.645714045,2.648929119,2.592856884,2.614285946,790479200
2005-12-09,2.239316702,2.654643059,2.663928986,2.619642973,2.650357008,555402400
2005-12-12,2.256789446,2.675357103,2.691071033,2.662857056,2.673928976,524994400
2005-12-13,2.258898497,2.677856922,2.694999933,2.650357008,2.673213959,493816400
2005-12-14,2.169422865,2.571785927,2.617856979,2.509643078,2.590357065,1450716400
2005-12-15,2.174544334,2.577857018,2.602143049,2.548213959,2.595714092,561162000
2005-12-16,2.142308235,2.539643049,2.582143068,2.537857056,2.57642889,671171200
2005-12-19,2.150443077,2.549285889,2.592856884,2.537142992,2.539643049,529295200
2005-12-20,2.172435045,2.57535696,2.585000038,2.539999962,2.558213949,479108000
2005-12-21,2.214311361,2.625,2.6289289,2.590713978,2.592856884,475736800
2005-12-22,2.229976892,2.6435709,2.660356998,2.628571033,2.639642954,370610800
2005-12-23,2.209792376,2.619642973,2.652143002,2.617856979,2.648929119,229857600
2005-12-27,2.236303568,2.651071072,2.684999943,2.641071081,2.642857075,590590000
2005-12-28,2.216420412,2.627500057,2.670000076,2.618571043,2.659642935,398115200
2005-12-29,2.152551889,2.551785946,2.636429071,2.550714016,2.63499999,490025200
2005-12-30,2.165807486,2.567500114,2.586786032,2.512142897,2.532500029,624262800
2006-01-03,2.251970291,2.669642925,2.669642925,2.580357075,2.585000038,807234400
2006-01-04,2.258598328,2.67750001,2.713571072,2.660713911,2.683213949,619603600
2006-01-05,2.240823507,2.656429052,2.674999952,2.633929014,2.672499895,449422400
2006-01-06,2.298666239,2.724999905,2.739285946,2.662499905,2.6875,704457600
2006-01-09,2.291134119,2.71607089,2.757143021,2.704999924,2.740356922,675040800
2006-01-10,2.436044455,2.88785696,2.92464304,2.708214045,2.723213911,2279869200
2006-01-11,2.527629137,2.996428967,3.02857089,2.949642897,2.99428606,1493794400
2006-01-12,2.539377689,3.010356903,3.085714102,2.986428976,3.034642935,1280809600
2006-01-13,2.578542709,3.05678606,3.071785927,3.021429062,3.035356998,776305600
2006-01-17,2.552031517,3.025357008,3.085000038,2.995357037,3.060714006,835623600
2006-01-18,2.485148907,2.94607091,3.001785994,2.923213959,2.967143059,1200637200
2006-01-19,2.381213427,2.822856903,2.916429043,2.812143087,2.901786089,1695848000
2006-01-20,2.292338848,2.717499971,2.858571053,2.708214045,2.831429005,1134758800
2006-01-23,2.339940786,2.773929119,2.841428995,2.714286089,2.717856884,1059730000
2006-01-24,2.290832758,2.715713978,2.836429119,2.7060709,2.812856913,1142254400
2006-01-25,2.235399485,2.650000095,2.767857075,2.616070986,2.76392889,1275786400
2006-01-26,2.179062605,2.583214045,2.693928957,2.568928957,2.661786079,1181387200
2006-01-27,2.17002511,2.57249999,2.628571033,2.539285898,2.605356932,953864800
2006-01-30,2.259500504,2.678570986,2.735713959,2.531070948,2.541785955,1398401200
2006-01-31,2.274866343,2.696785927,2.726428986,2.633929014,2.696429014,913542000
2006-02-01,2.27215457,2.693571091,2.730714083,2.665714025,2.676785946,521186400
2006-02-02,2.172133684,2.575000048,2.6914289,2.573214054,2.682142973,707322000
2006-02-03,2.164601803,2.566071033,2.599642992,2.537142992,2.579999924,692123600
2006-02-06,2.027525425,2.40357089,2.589643002,2.38357091,2.572143078,1651767600
2006-02-07,2.036563635,2.414285898,2.4814291,2.381428957,2.438214064,1388830800
2006-02-08,2.07301712,2.457499981,2.467143059,2.357142925,2.44607091,953114400
2006-02-09,1.956727743,2.319643021,2.472500086,2.304642916,2.467856884,1149764000
2006-02-10,2.02782774,2.403928995,2.416785955,2.246428967,2.327857018,1760477600
2006-02-13,1.949497223,2.311070919,2.383929014,2.3085711,2.379642963,883498000
2006-02-14,2.037768602,2.415714025,2.432142973,2.321429014,2.325000048,1160938800
2006-02-15,2.085369587,2.472142935,2.486428976,2.383929014,2.398571014,1159771200
2006-02-16,2.126040697,2.520356894,2.536071062,2.4814291,2.496786118,948175200
2006-02-17,2.117604494,2.510356903,2.531785965,2.48607111,2.510714054,575999200
2006-02-21,2.081151962,2.467143059,2.52857089,2.452857018,2.521070957,779606800
2006-02-22,2.148635387,2.547142982,2.55964303,2.428570986,2.464286089,978238800
2006-02-23,2.161590099,2.5625,2.607142925,2.551070929,2.563929081,856917600
2006-02-24,2.152852297,2.552143097,2.603214025,2.542856932,2.57642889,534744000
2006-02-27,2.138692856,2.535356998,2.575714111,2.523214102,2.57107091,791240800
2006-02-28,2.06337595,2.44607091,2.585714102,2.432142973,2.556428909,1266980400
2006-03-01,2.081753969,2.467856884,2.481786013,2.429286003,2.458570957,763817600
2006-03-02,2.097118616,2.48607111,2.499643087,2.452500105,2.463928938,625273600
2006-03-03,2.040179014,2.418570995,2.496786118,2.411786079,2.478570938,737668400
2006-03-06,1.97269547,2.338571072,2.418570995,2.319286108,2.417500019,912665600
2006-03-07,1.997700691,2.368213892,2.389286041,2.324285984,2.348571062,872877600
2006-03-08,1.978117704,2.345000029,2.400000095,2.333929062,2.367500067,653251200
2006-03-09,1.925998807,2.283214092,2.373929024,2.278928995,2.3564291,799304800
2006-03-10,1.903705478,2.256786108,2.303214073,2.230356932,2.287499905,1043142800
2006-03-13,1.978720665,2.345714092,2.367142916,2.313929081,2.323214054,861187600
2006-03-14,2.028128386,2.404285908,2.404285908,2.339286089,2.348928928,642020400
2006-03-15,1.99529016,2.365356922,2.430000067,2.339999914,2.418214083,891996000
2006-03-16,1.937447309,2.29678607,2.389286041,2.296428919,2.387500048,749638400
2006-03-17,1.947992086,2.309286118,2.340713978,2.289643049,2.3125,812042000
2006-03-20,1.927806854,2.285356998,2.337857008,2.281070948,2.329286098,605441200
2006-03-21,1.862130284,2.207499981,2.297857046,2.192500114,2.207499981,1345366400
2006-03-22,1.857912421,2.202500105,2.258929014,2.188214064,2.220000029,1345895600
2006-03-23,1.812420368,2.148571014,2.210714102,2.1289289,2.207856894,1427826400
2006-03-24,1.806396842,2.141428947,2.176429033,2.108213902,2.151786089,1071980000
2006-03-27,1.792838931,2.125356913,2.192142963,2.121428967,2.155356884,1108072000
2006-03-28,1.768737793,2.096786022,2.147856951,2.080357075,2.129642963,1370322800
2006-03-29,1.877795935,2.226070881,2.232856989,2.05964303,2.111785889,2346834000
2006-03-30,1.890449047,2.241070986,2.260714054,2.19749999,2.243571043,1390650800
2006-03-31,1.889545798,2.24000001,2.271785975,2.222856998,2.258929014,815357200
2006-04-03,1.887436152,2.237499952,2.289999962,2.23607111,2.273929119,815791200
2006-04-04,1.842849255,2.18464303,2.222142935,2.180356979,2.217856884,931924000
2006-04-05,2.024814367,2.400357008,2.400357008,2.291070938,2.311070919,2233408800
2006-04-06,2.146225214,2.544286013,2.573214054,2.435714006,2.439285994,2663768800
2006-04-07,2.102541924,2.492500067,2.543214083,2.445357084,2.533214092,1545238800
2006-04-10,2.068799496,2.452500105,2.533214092,2.444643021,2.510356903,903515200
2006-04-11,2.048312902,2.428214073,2.474999905,2.395356894,2.463928938,939316000
2006-04-12,2.009750605,2.382499933,2.43464303,2.367856979,2.42892909,739894400
2006-04-13,2.0025208,2.373929024,2.408571005,2.350357056,2.36928606,734678000
2006-04-17,1.952510715,2.314642906,2.387142897,2.298213959,2.375356913,721938000
2006-04-18,1.994988799,2.36500001,2.373929024,2.313929081,2.322856903,794844400
2006-04-19,1.977817178,2.344643116,2.392857075,2.338213921,2.386429071,1086033200
2006-04-20,2.037467957,2.415357113,2.5,2.364285946,2.482500076,1666982800
2006-04-21,2.019693613,2.394285917,2.45142889,2.373929024,2.435357094,788986800
2006-04-24,1.980830073,2.348213911,2.390000105,2.339286089,2.387500048,707028000
2006-04-25,1.99348259,2.363214016,2.378213882,2.341428995,2.355714083,529062800
2006-04-26,2.053133965,2.433928967,2.438570976,2.371428967,2.380357027,710886400
2006-04-27,2.089587212,2.477143049,2.494999886,2.405356884,2.4189291,845947200
2006-04-28,2.120617151,2.51392889,2.546428919,2.47142911,2.477857113,760037600
2006-05-01,2.096817255,2.485713959,2.555000067,2.470000029,2.527499914,750380400
2006-05-02,2.157674313,2.557857037,2.570713997,2.5039289,2.505357027,771663200
2006-05-03,2.143212318,2.540714025,2.569643021,2.506428957,2.56535697,686991200
2006-05-04,2.142911673,2.540357113,2.603214025,2.516428947,2.543570995,860420400
2006-05-05,2.165807486,2.567500114,2.580357075,2.541070938,2.5664289,563911600
2006-05-08,2.165807486,2.567500114,2.635714054,2.561429024,2.606786013,594851600
2006-05-09,2.139899254,2.536786079,2.591428995,2.522142887,2.565000057,531666800
2006-05-10,2.12694478,2.521429062,2.547499895,2.48607111,2.546071053,459888800
2006-05-11,2.053133965,2.433928967,2.529999971,2.412499905,2.528213978,812688800
2006-05-12,2.039576292,2.417856932,2.45321393,2.38785696,2.423213959,641774000
2006-05-15,2.04228735,2.421071053,2.442142963,2.397142887,2.406070948,529177600
2006-05-16,1.957631826,2.320713997,2.4375,2.3125,2.432142973,936740000
2006-05-17,1.966066957,2.330713987,2.34642911,2.288213968,2.311070919,754194000
2006-05-18,1.903403759,2.256428957,2.36642909,2.254286051,2.345714092,658442400
2006-05-19,1.943473339,2.30392909,2.317142963,2.243571043,2.259285927,985866000
2006-05-22,1.909429789,2.263571024,2.285356998,2.241786003,2.281070948,718975600
2006-05-23,1.902500272,2.255357027,2.32821393,2.25,2.3164289,694414000
2006-05-24,1.908224583,2.262142897,2.273214102,2.198570967,2.249643087,916031200
2006-05-25,1.938049555,2.297499895,2.301785946,2.260356903,2.295000076,463372000
2006-05-26,1.914551139,2.269643068,2.305713892,2.255000114,2.29678607,432950000
2006-05-30,1.844356298,2.186429024,2.260714054,2.186429024,2.260356903,563402000
2006-05-31,1.800672293,2.134643078,2.206785917,2.096071005,2.205713987,1280977600
2006-06-01,1.872976184,2.220356941,2.224286079,2.125714064,2.137500048,942508000
2006-06-02,1.857611418,2.202142954,2.253571033,2.174285889,2.249643087,685787200
2006-06-05,1.807601213,2.142857075,2.183928967,2.141786098,2.183928967,605785600
2006-06-06,1.799165845,2.132857084,2.165357113,2.103929043,2.150713921,726037200
2006-06-07,1.764218807,2.091428995,2.157143116,2.083929062,2.146429062,750506400
2006-06-08,1.830497384,2.170000076,2.176070929,2.041070938,2.087142944,1397482800
2006-06-09,1.784704685,2.115714073,2.198570967,2.110713959,2.184999943,775838000
2006-06-12,1.717220545,2.035713911,2.133213997,2.034286022,2.121428967,717785600
2006-06-13,1.75728941,2.083214045,2.110713959,2.04857111,2.057499886,1080643200
2006-06-14,1.735598326,2.057499886,2.099286079,2.024642944,2.081429005,878136000
2006-06-15,1.788922191,2.120713949,2.13357091,2.026786089,2.046428919,1190383600
2006-06-16,1.73409152,2.055713892,2.113929033,2.054286003,2.105714083,838101600
2006-06-19,1.723245859,2.042856932,2.077857018,2.035713911,2.06535697,704575200
2006-06-20,1.731380939,2.05250001,2.083929062,2.046071053,2.057499886,672974400
2006-06-21,1.743130565,2.0664289,2.096786022,2.046428919,2.062143087,863296000
2006-06-22,1.794948459,2.12785697,2.133929014,2.073929071,2.078571081,965633200
2006-06-23,1.772352576,2.101070881,2.148929119,2.097500086,2.132857084,660203600
2006-06-26,1.777173281,2.106786013,2.114285946,2.084642887,2.113214016,466536000
2006-06-27,1.730175138,2.051070929,2.11500001,2.049999952,2.110357046,550611600
2006-06-28,1.687697053,2.000714064,2.046428919,1.978929043,2.046071053,850704400
2006-06-29,1.77657032,2.106070995,2.110357046,2.01392889,2.027143002,873398400
2006-06-30,1.725355148,2.045356989,2.0625,2.017857075,2.05678606,739695600
2006-07-03,1.745842099,2.069643021,2.077857018,2.047857046,2.054286003,194770800
2006-07-05,1.717220545,2.035713911,2.057142973,2.019999981,2.041070938,518240800
2006-07-06,1.680165768,1.991786003,2.049999952,1.986070991,2.038928986,633208800
2006-07-07,1.669017911,1.978571057,2.019643068,1.952499986,1.981428981,799360800
2006-07-10,1.656967759,1.96428597,2.017499924,1.946429014,1.989285946,529345600
2006-07-11,1.676549911,1.987499952,1.999642968,1.94749999,1.968214035,825022800
2006-07-12,1.595509768,1.891428947,1.972856998,1.889999986,1.970356941,927329200
2006-07-13,1.574119091,1.866070986,1.932857037,1.836071014,1.858214021,1249906000
2006-07-14,1.52651906,1.80964303,1.888929009,1.791429043,1.875,993036800
2006-07-17,1.57773447,1.870357037,1.896785975,1.844642997,1.847499967,1024542400
2006-07-18,1.593701959,1.889286041,1.923213959,1.851786017,1.898571014,1000448400
2006-07-19,1.629853845,1.932142973,1.967143059,1.870000005,1.891428947,1390743200
2006-07-20,1.822664261,2.160713911,2.199642897,2.132857084,2.177143097,1972146400
2006-07-21,1.829292297,2.168570995,2.183928967,2.130000114,2.136429071,891892400
2006-07-24,1.850380778,2.193571091,2.217856884,2.158214092,2.187856913,722856400
2006-07-25,1.865745783,2.211786032,2.217499971,2.170713902,2.206429005,589069600
2006-07-26,1.924190283,2.281070948,2.3085711,2.202857018,2.214286089,898427600
2006-07-27,1.910032153,2.264286041,2.322143078,2.244999886,2.303570986,735044800
2006-07-28,1.976009607,2.342499971,2.345714092,2.267857075,2.283571005,691507600
2006-07-31,2.047410011,2.427143097,2.451071024,2.367142916,2.386785984,892841600
2006-08-01,2.023910522,2.399286032,2.426070929,2.355000019,2.400713921,711765600
2006-08-02,2.053434849,2.434286118,2.452857018,2.411071062,2.416070938,550768400
2006-08-03,2.096516371,2.485357046,2.5,2.42178607,2.425357103,841044400
2006-08-04,2.05765295,2.439285994,2.45035696,2.319999933,2.394643068,1852866400
2006-08-07,2.024814367,2.400357008,2.485713959,2.368213892,2.418570995,1245512800
2006-08-08,1.951605916,2.313570976,2.396785975,2.30392909,2.396070957,997864000
2006-08-09,1.915755868,2.271070957,2.342856884,2.264286041,2.336786032,955838800
2006-08-10,1.930217028,2.288213968,2.314642906,2.239285946,2.258929014,697760000
2006-08-11,1.917563796,2.273214102,2.290357113,2.234999895,2.258213997,777529200
2006-08-14,1.926299691,2.283571005,2.329286098,2.271429062,2.287499905,717620400
2006-08-15,2.001918316,2.373214006,2.375,2.314285994,2.333570957,861352800
2006-08-16,2.048012972,2.427856922,2.431071043,2.368928909,2.396429062,781284000
2006-08-17,2.036262989,2.413928986,2.452142954,2.399286032,2.428570986,581148400
2006-08-18,2.045903921,2.425357103,2.442857027,2.402143002,2.418214083,536354000
2006-08-21,2.005232334,2.377142906,2.403928995,2.362499952,2.40357089,526226400
2006-08-22,2.037166595,2.414999962,2.440000057,2.375,2.381428957,576968000
2006-08-23,2.02782774,2.403928995,2.451786041,2.39071393,2.428570986,536258800
2006-08-24,2.042891502,2.42178607,2.435357094,2.366786003,2.42464304,655191600
2006-08-25,2.071209908,2.455357075,2.46607089,2.403928995,2.404999971,543958800
2006-08-28,2.017885685,2.392143011,2.45035696,2.381428957,2.446429014,738161200
2006-08-29,2.002822638,2.374285936,2.402143002,2.325714111,2.392499924,947332400
2006-08-30,2.01728344,2.391428947,2.422142982,2.381428957,2.404999971,680142400
2006-08-31,2.044094801,2.423213959,2.439285994,2.38071394,2.402857065,574697200
2006-09-01,2.060063362,2.442142963,2.451786041,2.422142982,2.445713997,408494800
2006-09-05,2.153456211,2.552856922,2.553570986,2.448214054,2.463213921,1012457600
2006-09-06,2.10977149,2.501070976,2.560357094,2.489285946,2.538570881,974103200
2006-09-07,2.193223,2.599999905,2.624285936,2.508929014,2.521429062,1267957600
2006-09-08,2.184787035,2.589999914,2.627500057,2.56821394,2.620357037,895921600
2006-09-11,2.184184074,2.589286089,2.633213997,2.550714016,2.586786032,949124400
2006-09-12,2.18810153,2.593929052,2.623214006,2.551785946,2.600357056,1684687200
2006-09-13,2.235399485,2.650000095,2.654285908,2.582143068,2.601785898,1146138000
2006-09-14,2.234496355,2.648929119,2.666785955,2.623570919,2.632857084,801729600
2006-09-15,2.232388735,2.646429062,2.677856922,2.617500067,2.664285898,981853600
2006-09-18,2.226061583,2.63892889,2.67357111,2.617856979,2.635714054,705278000
2006-09-19,2.222445726,2.634643078,2.655714035,2.599999905,2.646429062,710049200
2006-09-20,2.2673347,2.687856913,2.702857018,2.650713921,2.656429052,822791200
2006-09-21,2.248957157,2.666070938,2.716428995,2.6435709,2.6875,794124800
2006-09-22,2.19924736,2.607142925,2.654999971,2.592143059,2.65357089,665112000
2006-09-25,2.282096863,2.705357075,2.709285975,2.632857084,2.636070967,858992400
2006-09-26,2.338131905,2.771785975,2.777857065,2.717856884,2.720714092,1102948000
2006-09-27,2.301980495,2.728929043,2.766786098,2.707856894,2.756071091,810373200
2006-09-28,2.320055723,2.750356913,2.767143011,2.712500095,2.750714064,723609600
2006-09-29,2.319152117,2.749285936,2.7685709,2.738570929,2.7539289,405812400
2006-10-02,2.255283594,2.67357111,2.709642887,2.65357089,2.682142973,712639200
2006-10-03,2.231784344,2.645714045,2.676785946,2.613929033,2.65892911,790708800
2006-10-04,2.270949602,2.692142963,2.694999933,2.612857103,2.646429062,829082800
2006-10-05,2.254380226,2.672499895,2.720000029,2.647500038,2.661786079,683883200
2006-10-06,2.236002207,2.650713921,2.680000067,2.636070967,2.657856941,466958800
2006-10-09,2.248353958,2.665357113,2.681428909,2.626070976,2.635714054,438222400
2006-10-10,2.223649979,2.636070967,2.663570881,2.609999895,2.662142992,531588400
2006-10-11,2.206176519,2.615356922,2.642143011,2.592856884,2.62214303,571855200
2006-10-12,2.2673347,2.687856913,2.692500114,2.628571033,2.6289289,592855200
2006-10-13,2.260103703,2.679286003,2.745713949,2.669286013,2.701071024,684196800
2006-10-16,2.271552086,2.692857027,2.710000038,2.671071053,2.685357094,508692800
2006-10-17,2.238111258,2.653213978,2.688214064,2.644285917,2.680000067,480925200
2006-10-18,2.245341301,2.661786079,2.691786051,2.639642954,2.669642925,1133907600
2006-10-19,2.379705667,2.82107091,2.855356932,2.791429043,2.830713987,1512977200
2006-10-20,2.40862751,2.855356932,2.856786013,2.80964303,2.820357084,639413600
2006-10-23,2.454120874,2.909286022,2.924999952,2.848213911,2.856786013,832507200
2006-10-24,2.441767931,2.894643068,2.917143106,2.864285946,2.900357008,463212400
2006-10-25,2.460747719,2.917143106,2.928570986,2.893213987,2.905356884,485214800
2006-10-26,2.47611165,2.935357094,2.950000048,2.897500038,2.924999952,432756800
2006-10-27,2.422486305,2.871786118,2.944643021,2.857500076,2.919642925,594966400
2006-10-30,2.422788382,2.87214303,2.889286041,2.839286089,2.856786013,499917600
2006-10-31,2.442672014,2.895714045,2.917143106,2.865356922,2.90892911,501474400
2006-11-01,2.384828806,2.827142954,2.906429052,2.79857111,2.896429062,611192400
2006-11-02,2.379405737,2.820713997,2.832856894,2.803570986,2.818571091,465483200
2006-11-03,2.358618021,2.796071053,2.840357065,2.778213978,2.834285975,431888800
2006-11-06,2.401397943,2.846786022,2.85928607,2.801070929,2.819643021,434576800
2006-11-07,2.425499201,2.875356913,2.892857075,2.861785889,2.873214006,525932400
2006-11-08,2.483945608,2.944643021,2.95321393,2.853214025,2.857856989,690916800
2006-11-09,2.510758638,2.976428986,3.024642944,2.932857037,2.960714102,923053600
2006-11-10,2.50412941,2.968570948,2.985713959,2.946429014,2.983928919,373864400
2006-11-13,2.541186094,3.012500048,3.016071081,2.95142889,2.972142935,450674000
2006-11-14,2.560767174,3.035713911,3.035713911,2.996428967,3.02857089,588954800
2006-11-15,2.532147884,3.001785994,3.067857027,3,3.037499905,655323200
2006-11-16,2.57914567,3.057499886,3.082143068,3.022142887,3.031070948,693940800
2006-11-17,2.586375952,3.066071033,3.069286108,3.035713911,3.040714025,466424000
2006-11-20,2.605054379,3.088213921,3.107142925,3.042856932,3.049999952,570794000
2006-11-21,2.669224739,3.164285898,3.164285898,3.11107111,3.12214303,622666800
2006-11-22,2.72074151,3.225357056,3.241070986,3.137500048,3.178214073,671941200
2006-11-24,2.760508537,3.272500038,3.324285984,3.196429014,3.19749999,518677600
2006-11-27,2.697543144,3.197856903,3.327142954,3.196429014,3.30392909,1074836000
2006-11-28,2.765931845,3.278928995,3.284642935,3.211071014,3.227143049,1036173600
2006-11-29,2.765630245,3.27857089,3.326786041,3.223213911,3.321429014,1157083200
2006-11-30,2.76141119,3.273571014,3.309999943,3.252142906,3.293214083,870486400
2006-12-01,2.751168728,3.261429071,3.297499895,3.217856884,3.27857089,795079600
2006-12-04,2.745144606,3.254286051,3.287499905,3.232142925,3.281429052,709536800
2006-12-05,2.749662399,3.259643078,3.297499895,3.245357037,3.273214102,662838400
2006-12-06,2.706279516,3.208214045,3.26392889,3.202500105,3.23714304,638184400
2006-12-07,2.622226238,3.108571053,3.232142925,3.103570938,3.215357065,1004827600
2006-12-08,2.658981323,3.152143002,3.192500114,3.107142925,3.115356922,784277200
2006-12-11,2.673743248,3.169642925,3.189285994,3.144643068,3.174999952,499780400
2006-12-12,2.595112324,3.07642889,3.172857046,3.054642916,3.164643049,1026620000
2006-12-13,2.682781219,3.180356979,3.181071043,3.112499952,3.141071081,857052000
2006-12-14,2.667717218,3.162499905,3.214286089,3.152143002,3.180356979,832330800
2006-12-15,2.64271307,3.132857084,3.186429024,3.118928909,3.179286003,739939200
2006-12-18,2.574927807,3.05250001,3.142857075,3.021070957,3.129642963,721576800
2006-12-19,2.600233078,3.082499981,3.095714092,2.986428976,3.026071072,911405600
2006-12-20,2.553538561,3.027143002,3.095356941,3.026428938,3.088213921,567691600
2006-12-21,2.497502327,2.960714102,3.052856922,2.935714006,3.025000095,903599200
2006-12-22,2.476413727,2.935714006,3.001429081,2.914285898,2.980714083,613303600
2006-12-26,2.455626011,2.911071062,2.948929071,2.88892889,2.933928967,490688800
2006-12-27,2.455927849,2.911428928,2.928570986,2.741786003,2.791070938,1935754800
2006-12-28,2.436344862,2.888214111,2.901786089,2.844643116,2.86500001,1119876800
2006-12-29,2.555949211,3.029999971,3.049999952,2.977143049,2.998214006,1076429200
2007-01-03,2.524614811,2.992856979,3.092143059,2.924999952,3.081785917,1238319600
2007-01-04,2.580652714,3.059286118,3.069643021,2.993571043,3.001785994,847260400
2007-01-05,2.562274694,3.037499905,3.078571081,3.014286041,3.063214064,834741600
2007-01-08,2.574927807,3.05250001,3.090357065,3.045713902,3.069999933,797106800
2007-01-09,2.788827658,3.306071043,3.320713997,3.041070938,3.087500095,3349298400
2007-01-10,2.922288656,3.464286089,3.492856979,3.337500095,3.383929014,2952880000
2007-01-11,2.886137009,3.421428919,3.456429005,3.396429062,3.426429033,1440252800
2007-01-12,2.850587368,3.379286051,3.394999981,3.329643011,3.378213882,1312690400
2007-01-16,2.925300837,3.467856884,3.473213911,3.40892911,3.417143106,1244076400
2007-01-17,2.860528708,3.391071081,3.485713959,3.386429071,3.48428607,1646260000
2007-01-18,2.683384418,3.181071043,3.289643049,3.180356979,3.289285898,2364605600
2007-01-19,2.666211367,3.160713911,3.201786041,3.147142887,3.165357113,1364473600
2007-01-22,2.614695311,3.099642992,3.184286118,3.058928967,3.1835711,1454026000
2007-01-23,2.581858397,3.060714006,3.125356913,3.05392909,3.061785936,1207424400
2007-01-24,2.611984253,3.09642911,3.112499952,3.074285984,3.095714092,927813600
2007-01-25,2.598425627,3.080357075,3.160713911,3.07249999,3.11107111,905973600
2007-01-26,2.572217464,3.049285889,3.120357037,3.035356998,3.11107111,986874000
2007-01-29,2.589087009,3.069286108,3.094643116,3.054642916,3.082143068,901664400
2007-01-30,2.577338457,3.055356979,3.088928938,3.044642925,3.086786032,577970400
2007-01-31,2.582761049,3.061785936,3.071429014,3.012500048,3.030714035,856069200
2007-02-01,2.552935123,3.026428938,3.0810709,3.026428938,3.079643011,664342000
2007-02-02,2.553237677,3.026786089,3.044642925,2.989285946,3.004286051,621530000
2007-02-05,2.528834343,2.997857094,3.0439291,2.997857094,3.010714054,578852400
2007-02-06,2.535160542,3.005357027,3.016786098,2.959285975,3.016071081,864393600
2007-02-07,2.5954144,3.076786041,3.085000038,2.983928919,3.017143011,1066825200
2007-02-08,2.596317053,3.077857018,3.089643002,3.050357103,3.051070929,679030800
2007-02-09,2.508649349,2.973928928,3.078571081,2.971786022,3.067142963,860540800
2007-02-12,2.557154417,3.031429052,3.042143106,2.986785889,3.015357018,724071600
2007-02-13,2.551730156,3.025000095,3.046071053,3.010714054,3.041429043,580986000
2007-02-14,2.569806337,3.046428919,3.0585711,3.020356894,3.022500038,507981600
2007-02-15,2.567094803,3.043214083,3.057857037,3.027857065,3.051429033,363661200
2007-02-16,2.55564642,3.029643059,3.050357103,3.023571014,3.044642925,399868000
2007-02-20,2.587882757,3.067857027,3.077142954,3.00571394,3.023214102,617702400
2007-02-21,2.687299967,3.185714006,3.19607091,3.069999933,3.070713997,1155313600
2007-02-22,2.696640015,3.196785927,3.243213892,3.161786079,3.242856979,838224800
2007-02-23,2.683384418,3.181071043,3.226428986,3.173213959,3.184286118,517893600
2007-02-26,2.666512728,3.161071062,3.214286089,3.1289289,3.208570957,615848800
2007-02-27,2.528532267,2.997499943,3.109999895,2.978929043,3.082143068,1145813200
2007-02-28,2.549019337,3.021785975,3.057142973,2.964286089,2.964286089,919475200
2007-03-01,2.622829676,3.10928607,3.153928995,2.991070986,3.001070976,1415528800
2007-03-02,2.57311964,3.050357103,3.126429081,3.043214083,3.098928928,860000400
2007-03-05,2.600534678,3.082856894,3.166070938,3.062856913,3.067500114,838899600
2007-03-06,2.656872272,3.149642944,3.153928995,3.121428967,3.135714054,723186800
2007-03-07,2.64271307,3.132857084,3.17750001,3.123214006,3.144643068,626284400
2007-03-08,2.651148558,3.142857075,3.168570995,3.123570919,3.163928986,511011200
2007-03-09,2.65024519,3.141786098,3.173213959,3.121428967,3.171428919,451836000
2007-03-12,2.707485437,3.209642887,3.213928938,3.142499924,3.145356894,729408400
2007-03-13,2.663198948,3.157143116,3.235713959,3.157143116,3.19321394,867890800
2007-03-14,2.711401701,3.214286089,3.214286089,3.140000105,3.164285898,796586000
2007-03-15,2.698446751,3.198929071,3.227143049,3.189642906,3.212857008,559498800
2007-03-16,2.69904995,3.199642897,3.213928938,3.190000057,3.197856903,571704000
2007-03-19,2.745445013,3.254642963,3.269643068,3.199642897,3.222856998,712961200
2007-03-20,2.755989313,3.267143011,3.279999971,3.252142906,3.262500048,488916400
2007-03-21,2.827991962,3.352499962,3.357142925,3.273214102,3.285356998,686896000
2007-03-22,2.830703497,3.355714083,3.369999886,3.321429014,3.347500086,561492400
2007-03-23,2.817447186,3.339999914,3.359642982,3.332143068,3.333929062,450884000
2007-03-26,2.887642145,3.423213959,3.424999952,3.332143068,3.356786013,864987200
2007-03-27,2.875894308,3.409286022,3.458214045,3.392857075,3.418214083,932052800
2007-03-28,2.809011698,3.329999924,3.407143116,3.326786041,3.388571024,942337200
2007-03-29,2.824376345,3.348213911,3.363929033,3.2939291,3.363929033,725723600
2007-03-30,2.79907012,3.31821394,3.381428957,3.3125,3.367142916,600558000
2007-04-02,2.821364403,3.344643116,3.366070986,3.322143078,3.36214304,501992400
2007-04-03,2.84697175,3.375,3.401071072,3.348571062,3.36214304,583934400
2007-04-04,2.840042591,3.366786003,3.397856951,3.361785889,3.39071393,476784000
2007-04-05,2.852395296,3.381428957,3.381428957,3.339999914,3.361428976,355516000
2007-04-09,2.821364403,3.344643116,3.40357089,3.322856903,3.400357008,413341600
2007-04-10,2.839440346,3.366070986,3.36642909,3.336071014,3.345356941,352466800
2007-04-11,2.789430141,3.30678606,3.355356932,3.297499895,3.353570938,549018400
2007-04-12,2.777379751,3.292500019,3.29678607,3.24000001,3.287142992,656675600
2007-04-13,2.718632221,3.222856998,3.264286041,3.216428995,3.246428967,719941600
2007-04-16,2.754482508,3.265357018,3.267857075,3.223213911,3.234642982,609033600
2007-04-17,2.721946955,3.226785898,3.296428919,3.203571081,3.285713911,751920400
2007-04-18,2.723451138,3.228570938,3.244642973,3.200000048,3.220000029,464044000
2007-04-19,2.719536781,3.223928928,3.258929014,3.208214045,3.221071005,425913600
2007-04-20,2.740624905,3.248929024,3.256428957,3.233928919,3.2460711,522779600
2007-04-23,2.817146063,3.339643002,3.349999905,3.265000105,3.271070957,780290000
2007-04-24,2.809011698,3.329999924,3.442500114,3.260714054,3.355714083,1055252800
2007-04-25,2.872579575,3.405356884,3.407143116,3.349999905,3.365356922,1187144000
2007-04-26,2.977722168,3.529999971,3.660713911,3.510714054,3.62785697,1737778000
2007-04-27,3.010257959,3.568571091,3.569643021,3.488929033,3.506428957,699403600
2007-04-30,3.006643057,3.564285994,3.607142925,3.55964303,3.574642897,616509600
2007-05-01,2.996701717,3.55250001,3.583929062,3.519643068,3.55678606,532523600
2007-05-02,3.024417162,3.585356951,3.590713978,3.55250001,3.558928967,505145200
2007-05-03,3.024718046,3.585714102,3.623214006,3.571785927,3.597500086,576077600
2007-05-04,3.037071228,3.600357056,3.628571033,3.589286089,3.599999905,381987200
2007-05-07,3.130765438,3.711429119,3.726785898,3.607500076,3.609999895,861557200
2007-05-08,3.165109396,3.752142906,3.755357027,3.693571091,3.695357084,783997200
2007-05-09,3.219940186,3.817142963,3.819999933,3.7460711,3.746786118,717757600
2007-05-10,3.233798027,3.833570957,3.887142897,3.782856941,3.808213949,1197257600
2007-05-11,3.275975227,3.88357091,3.897500038,3.813570976,3.847856998,653696400
2007-05-14,3.294653893,3.905714035,3.928570986,3.866070986,3.914999962,651946400
2007-05-15,3.239221334,3.839999914,3.935714006,3.802856922,3.913213968,954514400
2007-05-16,3.233798027,3.833570957,3.886785984,3.693571091,3.876070976,1126767600
2007-05-17,3.297064543,3.908571005,3.923928976,3.826786041,3.826786041,735291200
2007-05-18,3.314537764,3.929286003,3.95142889,3.920356989,3.936785936,621345200
2007-05-21,3.373586178,3.999285936,4.016070843,3.930356979,3.939642906,639892400
2007-05-22,3.420583725,4.054999828,4.0625,4.000357151,4.017499924,572409600
2007-05-23,3.401001453,4.031785965,4.107142925,4.021070957,4.072143078,911374800
2007-05-24,3.334722519,3.95321393,4.08785677,3.941786051,4.028929234,887362000
2007-05-25,3.42299366,4.057857037,4.063570976,3.982142925,4,632959600
2007-05-29,3.444986343,4.083929062,4.102142811,4.024642944,4.087500095,645694000
2007-05-30,3.578147411,4.241786003,4.245714188,4.054643154,4.08214283,1478444800
2007-05-31,3.651052237,4.328214169,4.363214016,4.269286156,4.288214207,1297066400
2007-06-01,3.566998959,4.228570938,4.328214169,4.22464323,4.324999809,885262000
2007-06-04,3.6552701,4.333213806,4.347499847,4.210713863,4.236785889,886673200
2007-06-05,3.695639849,4.381071091,4.38178587,4.303571224,4.336071014,920785600
2007-06-06,3.724862576,4.415713787,4.430356979,4.35535717,4.367856979,1112241200
2007-06-07,3.73781848,4.431070805,4.557499886,4.399642944,4.463929176,1915079600
2007-06-08,3.750469923,4.446071148,4.493928909,4.367499828,4.493570805,1241682400
2007-06-11,3.620926857,4.292500019,4.505356789,4.269286156,4.5,1874258400
2007-06-12,3.626650333,4.299285889,4.346786022,4.225357056,4.262499809,1426566400
2007-06-13,3.539884329,4.196428776,4.328214169,4.121428967,4.326786041,1721353200
2007-06-14,3.577542782,4.241071224,4.266070843,4.157856941,4.185713768,973266000
2007-06-15,3.630265236,4.303571224,4.309642792,4.280714035,4.307857037,811218800
2007-06-18,3.768548727,4.46750021,4.470714092,4.376429081,4.402856827,910604800
2007-06-19,3.725465775,4.416429043,4.464643002,4.389643192,4.453214169,943026000
2007-06-20,3.661898613,4.341071129,4.452143192,4.339285851,4.423929214,897512000
2007-06-21,3.73269701,4.425000191,4.438929081,4.311429024,4.346428871,867045200
2007-06-22,3.705581427,4.392857075,4.444643021,4.370714188,4.423213959,631876000
2007-06-25,3.685698509,4.36928606,4.46750021,4.323571205,4.435357094,965403600
2007-06-26,3.604658604,4.273213863,4.428571224,4.239999771,4.427856922,1345005200
2007-06-27,3.672140598,4.353213787,4.358571053,4.259285927,4.307499886,974696800
2007-06-28,3.632072687,4.30571413,4.374642849,4.285714149,4.369999886,838143600
2007-06-29,3.676660776,4.358571053,4.428571224,4.324643135,4.356070995,1137841600
2007-07-02,3.653162956,4.330714226,4.360356808,4.260714054,4.323214054,994862400
2007-07-03,3.831210375,4.541786194,4.550000191,4.339285851,4.357142925,1162481600
2007-07-05,3.999315739,4.741071224,4.748929024,4.596070766,4.599999905,1453051600
2007-07-06,3.985760212,4.724999905,4.762143135,4.657143116,4.754642963,874694800
2007-07-09,3.926412582,4.654643059,4.746428967,4.613571167,4.727857113,995820000
2007-07-10,3.987267017,4.726786137,4.803571224,4.600357056,4.602857113,1255007600
2007-07-11,3.988470793,4.728213787,4.775000095,4.689642906,4.716785908,821772000
2007-07-12,4.039082527,4.788214207,4.794285774,4.728213787,4.780356884,704608800
2007-07-13,4.149347305,4.9189291,4.923213959,4.804286003,4.822500229,907606000
2007-07-16,4.160495758,4.932143211,4.999286175,4.910714149,4.942500114,936112800
2007-07-17,4.184898853,4.961071014,4.985713959,4.910714149,4.939286232,709959600
2007-07-18,4.161098003,4.932857037,4.94428587,4.858571053,4.935357094,756856800
2007-07-19,4.217735767,5,5.028929234,4.987500191,5.010714054,732891600
2007-07-20,4.330711842,5.133928776,5.149285793,5,5.058928967,1167773600
2007-07-23,4.329204559,5.132143021,5.186429024,5.033214092,5.11821413,1036490000
2007-07-24,4.063789368,4.817500114,5.035714149,4.791070938,4.960000038,1795292800
2007-07-25,4.135190487,4.902143002,4.941429138,4.821428776,4.905356884,1496182800
2007-07-26,4.39849472,5.214285851,5.303571224,4.891428947,5.211071014,2186629200
2007-07-27,4.333722591,5.137499809,5.318571091,5.135000229,5.221070766,1161098400
2007-07-30,4.260816574,5.051071167,5.194643021,4.984642982,5.154643059,1106988400
2007-07-31,3.969492435,4.705714226,5.124286175,4.697143078,5.106070995,1762392800
2007-08-01,4.067101955,4.821428776,4.835000038,4.563213825,4.772857189,1750156800
2007-08-02,4.111990929,4.874642849,4.891428947,4.791070938,4.880356789,852644800
2007-08-03,3.972204924,4.708929062,4.85535717,4.696428776,4.830714226,679187600
2007-08-06,4.074633598,4.830357075,4.8310709,4.58214283,4.746428967,925170400
2007-08-07,4.068006992,4.822500229,4.901429176,4.736785889,4.81928587,949936400
2007-08-08,4.037278652,4.786070824,4.88785696,4.714285851,4.884285927,808096800
2007-08-09,3.807711601,4.51392889,4.75,4.46750021,4.682499886,1125395600
2007-08-10,3.765835762,4.464285851,4.5625,4.296429157,4.397142887,1410749200
2007-08-13,3.849889517,4.563929081,4.619643211,4.517857075,4.582857132,752911600
2007-08-14,3.736612797,4.429643154,4.58214283,4.418213844,4.581786156,739006800
2007-08-15,3.612190008,4.282143116,4.459286213,4.273213863,4.383571148,992852000
2007-08-16,3.526328325,4.180356979,4.232142925,3.986428976,4.178928852,1866690000
2007-08-17,3.677263737,4.359285831,4.410714149,4.279285908,4.357500076,1195062400
2007-08-20,3.682083845,4.364999771,4.446428776,4.303571224,4.427143097,803317200
2007-08-21,3.84326005,4.556070805,4.605713844,4.321428776,4.364643097,1303047200
2007-08-22,3.992087126,4.732500076,4.741071224,4.654643059,4.686429024,1061765600
2007-08-23,3.948704004,4.681070805,4.762143135,4.634285927,4.753213882,866838000
2007-08-24,4.076141834,4.83214283,4.834642887,4.636071205,4.661786079,911834000
2007-08-27,3.984254122,4.723214149,4.809286118,4.717856884,4.76392889,707439600
2007-08-28,3.820667744,4.529285908,4.728929043,4.522500038,4.678214073,1179365600
2007-08-29,4.039386749,4.788570881,4.792142868,4.626429081,4.638570786,1166860800
2007-08-30,4.10476017,4.866071224,4.9375,4.724999905,4.738214016,1435582400
2007-08-31,4.171942711,4.945713997,4.987500191,4.90749979,4.981785774,876887200
2007-09-04,4.343062401,5.148571014,5.204642773,4.99428606,4.997857094,1316842800
2007-09-05,4.120126724,4.884285927,5.208570957,4.860713959,5.177499771,2328222400
2007-09-06,4.06740284,4.821785927,4.913214207,4.739643097,4.841429234,1901261600
2007-09-07,3.969792604,4.7060709,4.724999905,4.642857075,4.714643002,1430576000
2007-09-10,4.118618488,4.882500172,4.929999828,4.783928871,4.892499924,1487838800
2007-09-11,4.081866264,4.838929176,4.939286232,4.776785851,4.925000191,971885600
2007-09-12,4.122837543,4.887499809,4.978570938,4.848214149,4.856785774,1022770000
2007-09-13,4.13338089,4.900000095,4.964285851,4.880356789,4.958213806,656163200
2007-09-14,4.181885242,4.957499981,4.963571072,4.864285946,4.877500057,607320000
2007-09-17,4.169835567,4.94321394,5.021070957,4.914286137,4.963929176,793371600
2007-09-18,4.24545002,5.032856941,5.101786137,4.922500134,4.966429234,1064089600
2007-09-19,4.240933895,5.027500153,5.112856865,4.978570938,5.107857227,1026880400
2007-09-20,4.227073669,5.011071205,5.063929081,4.975714207,5.005356789,691840800
2007-09-21,4.342760563,5.148213863,5.166070938,5.011071205,5.040713787,1138880400
2007-09-24,4.467185974,5.295713902,5.351786137,5.237500191,5.240356922,1052161600
2007-09-25,4.614804268,5.470714092,5.472143173,5.243570805,5.24428606,1192550800
2007-09-26,4.602453709,5.4560709,5.535714149,5.401785851,5.516786098,975268000
2007-09-27,4.654572487,5.517857075,5.5185709,5.440000057,5.491786003,658198800
2007-09-28,4.623541832,5.481070995,5.521429062,5.455357075,5.480000019,615101200
2007-10-01,4.710005283,5.583570957,5.621786118,5.461785793,5.522500038,837068400
2007-10-02,4.773572922,5.658928871,5.663928986,5.567500114,5.591071129,792069600
2007-10-03,4.75760603,5.639999866,5.684999943,5.607500076,5.635000229,692518400
2007-10-04,4.706993103,5.579999924,5.645713806,5.482142925,5.642857075,656958400
2007-10-05,4.86395216,5.766070843,5.770713806,5.632143021,5.656071186,943471200
2007-10-08,5.058572292,5.996786118,5.996786118,5.820356846,5.838929176,835928800
2007-10-09,5.057064533,5.994999886,6.11107111,5.952857018,6.078570843,1104286400
2007-10-10,5.024828911,5.956786156,5.995714188,5.914286137,5.983929157,667590000
2007-10-11,4.887453079,5.7939291,6.138570786,5.471786022,6.053214073,1643992000
2007-10-12,5.03869009,5.973214149,5.974286079,5.778571129,5.821785927,988176000
2007-10-15,5.030553818,5.963571072,6.056070805,5.839285851,5.999286175,1077930000
2007-10-16,5.10888195,6.056428909,6.077857018,5.898213863,5.91214323,1067830400
2007-10-17,5.204385757,6.169642925,6.179999828,6.042142868,6.167500019,1127613200
2007-10-18,5.226981163,6.196428776,6.221070766,6.108929157,6.125,823676000
2007-10-19,5.134190559,6.086429119,6.236785889,6.071428776,6.222856998,1291780000
2007-10-22,5.25288868,6.227142811,6.246428967,6.070000172,6.083929062,1649499600
2007-10-23,5.608384132,6.648571014,6.735713959,6.527143002,6.734285831,1795164000
2007-10-24,5.601454258,6.640357018,6.686070919,6.401429176,6.636071205,1288481600
2007-10-25,5.506555557,6.527856827,6.639286041,6.487856865,6.602499962,973602000
2007-10-26,5.564399719,6.596428871,6.620357037,6.531428814,6.617499828,706876800
2007-10-29,5.576146603,6.610356808,6.663928986,6.596428871,6.623213768,540554000
2007-10-30,5.63368988,6.678571224,6.763214111,6.597499847,6.649285793,939414000
2007-10-31,5.722563744,6.783928871,6.789999962,6.60535717,6.701070786,833310800
2007-11-01,5.646945953,6.69428587,6.789286137,6.428571224,6.735713959,805036400
2007-11-02,5.659901142,6.709642887,6.765714169,6.553214073,6.757500172,1002114400
2007-11-05,5.608984947,6.649285793,6.748570919,6.579999924,6.617499828,804176800
2007-11-06,5.777997017,6.84964323,6.857142925,6.616786003,6.680356979,954727200
2007-11-07,5.612600327,6.653571129,6.881429195,6.647500038,6.807499886,994327600
2007-11-08,5.2863307,6.266786098,6.675000191,5.991786003,6.666786194,1890378000
2007-11-09,4.982050419,5.906071186,6.254285812,5.90035677,6.112500191,1526380800
2007-11-12,4.632279396,5.491428852,5.989285946,5.379642963,5.902856827,1769065200
2007-11-13,5.120332241,6.070000172,6.1064291,5.491428852,5.744643211,1739446800
2007-11-14,5.00434351,5.932499886,6.341785908,5.847856998,6.327143192,1449168000
2007-11-15,4.949814796,5.867856979,6.05678606,5.724999905,5.942500114,1487410400
2007-11-16,5.012780666,5.942500114,5.965000153,5.690357208,5.903571129,1383494000
2007-11-19,4.939270973,5.85535717,6.007143021,5.789286137,5.932143211,1154428800
2007-11-20,5.086893559,6.030356884,6.135356903,5.840356827,5.916786194,1543642800
2007-11-21,5.075141907,6.016428947,6.155356884,5.881071091,5.922856808,1217809600
2007-11-23,5.16793108,6.126429081,6.14464283,6.0625,6.142857075,465757600
2007-11-26,5.198058605,6.16214323,6.3310709,6.155356884,6.199643135,1305754800
2007-11-27,5.266445637,6.24321413,6.278213978,6.071785927,6.257856846,1317030400
2007-11-28,5.429433346,6.436429024,6.449999809,6.262499809,6.315000057,1150912000
2007-11-29,5.552046776,6.581786156,6.613214016,6.398213863,6.408214092,1050926800
2007-11-30,5.489686012,6.507856846,6.703570843,6.41785717,6.690713882,1187802000
2007-12-03,5.388458729,6.38785696,6.57642889,6.346428871,6.494999886,961469600
2007-12-04,5.417079926,6.421785831,6.460713863,6.321071148,6.326786041,773799600
2007-12-05,5.588499546,6.625,6.642857075,6.514643192,6.531785965,892402000
2007-12-06,5.722563744,6.783928871,6.789286137,6.647142887,6.649642944,899810800
2007-12-07,5.853615284,6.939286232,6.963929176,6.715713978,6.804999828,1066066400
2007-12-10,5.850903511,6.936070919,6.987856865,6.88178587,6.913928986,722377600
2007-12-11,5.680084705,6.733571053,7.029643059,6.692500114,6.955357075,1110925200
2007-12-12,5.749979973,6.816429138,6.945713997,6.634285927,6.908570766,1225660800
2007-12-13,5.779201984,6.851070881,6.861429214,6.707857132,6.792500019,864617600
2007-12-14,5.735820293,6.79964304,6.900000095,6.769286156,6.798929214,674312800
2007-12-17,5.555360317,6.585713863,6.880356789,6.534999847,6.811429024,1024693600
2007-12-18,5.512580395,6.534999847,6.690357208,6.378571033,6.661428928,1222603200
2007-12-19,5.516798496,6.539999962,6.594285965,6.460713863,6.534999847,827478400
2007-12-20,5.640016556,6.686070919,6.708213806,6.547500134,6.622499943,774057200
2007-12-21,5.84186697,6.925356865,6.925356865,6.781785965,6.789999962,993960800
2007-12-24,5.989185333,7.099999905,7.118928909,6.956786156,6.965356827,480202800
2007-12-26,5.993703365,7.10535717,7.177143097,7.029285908,7.107500076,703732400
2007-12-27,5.982254982,7.091785908,7.248570919,7.064286232,7.10535717,795527600
2007-12-28,6.020215034,7.136785984,7.198571205,7.031428814,7.163928986,699647200
2007-12-31,5.967493534,7.074285984,7.160714149,7.0625,7.125,539333200
2008-01-02,5.869882584,6.958570957,7.152143002,6.876786232,7.116786003,1079178800
2008-01-03,5.872593403,6.961785793,7.04964304,6.88178587,6.978929043,842066400
2008-01-04,5.424309731,6.430356979,6.892857075,6.38892889,6.837500095,1455832000
2008-01-07,5.351704597,6.344285965,6.557143211,6.079642773,6.473214149,2072193200
2008-01-08,5.159194469,6.116071224,6.516428947,6.099999905,6.433570862,1523816000
2008-01-09,5.404727459,6.407143116,6.410714149,6.010714054,6.117856979,1813882000
2008-01-10,5.363152504,6.357857227,6.464285851,6.264643192,6.342143059,1482975200
2008-01-11,5.202575684,6.167500019,6.351786137,6.071428776,6.285714149,1232285600
2008-01-14,5.386049271,6.385000229,6.407856941,6.256071091,6.340000153,1100450400
2008-01-15,5.092614651,6.03714323,6.400713921,5.88071394,6.347143173,2343278000
2008-01-16,4.809425354,5.70142889,6.036070824,5.596428871,5.901071072,2213845200
2008-01-17,4.847082138,5.746070862,5.905714035,5.657856941,5.768214226,1757859600
2008-01-18,4.861241817,5.76285696,5.919642925,5.70035696,5.77535677,1724343600
2008-01-22,4.68891716,5.558570862,5.713571072,5.214285851,5.287857056,2434754000
2008-01-23,4.189718723,4.966785908,5,4.505000114,4.863928795,3372969600
2008-01-24,4.085177422,4.842856884,5.025000095,4.714643002,4.999642849,2005866800
2008-01-25,3.916771889,4.643214226,4.96750021,4.628929138,4.963929176,1554739200
2008-01-28,3.916771889,4.643214226,4.757143021,4.516070843,4.577143192,1474844000
2008-01-29,3.962863922,4.697856903,4.742499828,4.608929157,4.683928967,1099982800
2008-01-30,3.982146025,4.720714092,4.837500095,4.642857075,4.691785812,1243051600
2008-01-31,4.07794857,4.834286213,4.880356789,4.621428967,4.623213768,1345674400
2008-02-01,4.029444695,4.776785851,4.878213882,4.720714092,4.865714073,1010744000
2008-02-04,3.966177702,4.701786041,4.853570938,4.693571091,4.793213844,899234000
2008-02-05,3.897187471,4.619999886,4.785714149,4.603570938,4.658214092,1141042000
2008-02-06,3.675454855,4.357142925,4.711429119,4.348928928,4.672500134,1573272400
2008-02-07,3.652559042,4.329999924,4.456429005,4.188213825,4.284643173,2083331600
2008-02-08,3.780296326,4.4814291,4.489285946,4.342856884,4.360000134,1355972800
2008-02-11,3.899898767,4.623213768,4.642142773,4.54285717,4.571785927,1201432400
2008-02-12,3.761619568,4.459286213,4.678571224,4.414999962,4.66785717,1225980000
2008-02-13,3.898394585,4.621428967,4.635000229,4.486785889,4.524285793,968534000
2008-02-14,3.839946747,4.552143097,4.671429157,4.536070824,4.621428967,954097200
2008-02-15,3.754688263,4.451070786,4.538570881,4.43071413,4.509643078,901300400
2008-02-19,3.680877924,4.363571167,4.526785851,4.337142944,4.499642849,1005046000
2008-02-20,3.730285883,4.422142982,4.449999809,4.345714092,4.364285946,967439200
2008-02-21,3.661597729,4.340713978,4.516786098,4.316429138,4.501786232,938114800
2008-02-22,3.598933935,4.266428947,4.375357151,4.138214111,4.374286175,1529878000
2008-02-25,3.607369661,4.276429176,4.291786194,4.166429043,4.235356808,1256774400
2008-02-26,3.589594364,4.255356789,4.324643135,4.122857094,4.20142889,1504888000
2008-02-27,3.704377413,4.391428947,4.39464283,4.21750021,4.222499847,1475138000
2008-02-28,3.913757086,4.639643192,4.721428871,4.491786003,4.54285717,1618254400
2008-02-29,3.766436815,4.465000153,4.65035677,4.45714283,4.617499828,1255480800
2008-03-03,3.667321444,4.347499847,4.499286175,4.214285851,4.44428587,1593043200
2008-03-04,3.754386425,4.450714111,4.460000038,4.300000191,4.356785774,1785383600
2008-03-05,3.750469923,4.446071148,4.469285965,4.366071224,4.413570881,1221836000
2008-03-06,3.643219948,4.318929195,4.553571224,4.314642906,4.45035696,1473698800
2008-03-07,3.682986498,4.366071224,4.392142773,4.251786232,4.300356865,1230462800
2008-03-10,3.605862617,4.274642944,4.409286022,4.263214111,4.3564291,999588800
2008-03-11,3.836633682,4.548213959,4.552856922,4.357142925,4.432143211,1163943200
2008-03-12,3.79686594,4.501070976,4.595714092,4.470356941,4.53714323,1059629200
2008-03-13,3.854408741,4.56928587,4.625,4.392857075,4.432143211,1262102800
2008-03-14,3.81434083,4.521786213,4.653571129,4.435713768,4.638570786,1156640800
2008-03-17,3.817955732,4.526071072,4.59250021,4.376786232,4.376786232,1072598800
2008-03-18,4.001425266,4.743570805,4.75,4.595356941,4.613571167,1205120000
2008-03-19,3.906528234,4.631071091,4.796071053,4.631071091,4.754285812,1010536800
2008-03-20,4.014981747,4.759643078,4.760356903,4.613571167,4.682857037,908787600
2008-03-24,4.203575611,4.983213902,5.030356884,4.772857189,4.786070824,1066920400
2008-03-25,4.247260094,5.034999847,5.110713959,4.904643059,4.998570919,1052391200
2008-03-26,4.370176315,5.18071413,5.204999924,5.022857189,5.031071186,1182084400
2008-03-27,4.22526741,5.008928776,5.189642906,4.999642849,5.176785946,999829600
2008-03-28,4.30841732,5.107500076,5.166070938,5.057143211,5.064286232,714610400
2008-03-31,4.323180199,5.125,5.203928947,5.090000153,5.116786003,768065200
2008-04-01,4.504843712,5.340356827,5.34499979,5.128929138,5.224999905,1032567200
2008-04-02,4.443385601,5.267499924,5.400000095,5.208929062,5.313570976,1044968400
2008-04-03,4.567508221,5.414642811,5.486785889,5.25,5.252142906,1051568000
2008-04-04,4.611793518,5.467143059,5.52535677,5.383928776,5.435357094,854417200
2008-04-07,4.696447849,5.567500114,5.703214169,5.539642811,5.576070786,1158326400
2008-04-08,4.604560375,5.458570957,5.587500095,5.440000057,5.483929157,1014294400
2008-04-09,4.562385082,5.408570766,5.496070862,5.373570919,5.475357056,873398400
2008-04-10,4.656080246,5.51964283,5.550714016,5.378571033,5.397500038,955763200
2008-04-11,4.432840824,5.255000114,5.474999905,5.228570938,5.454286098,1210076000
2008-04-14,4.452122211,5.277856827,5.330357075,5.16214323,5.241786003,845087600
2008-04-15,4.470197678,5.299285889,5.347143173,5.204286098,5.335713863,698037200
2008-04-16,4.63047123,5.489285946,5.503571033,5.379285812,5.418570995,795774000
2008-04-17,4.654273033,5.517499924,5.571428776,5.476786137,5.506071091,704267200
2008-04-18,4.851603985,5.751429081,5.795000076,5.656428814,5.682857037,1026765600
2008-04-21,5.066103458,6.00571394,6.017857075,5.777143002,5.793213844,1039152800
2008-04-22,4.826296806,5.721428871,6,5.646070957,5.978570938,1439572400
2008-04-23,4.907336235,5.817500114,5.887143135,5.752857208,5.858929157,1504190800
2008-04-24,5.08960247,6.033570766,6.070713997,5.685357094,5.90500021,1696066400
2008-04-25,5.11340189,6.061786175,6.110713959,5.943571091,6.096428871,992474000
2008-04-28,5.189020634,6.151429176,6.205357075,6.040357113,6.0625,787214400
2008-04-29,5.273676872,6.251786232,6.273571014,6.080357075,6.11107111,923476400
2008-04-30,5.24053669,6.212500095,6.428571224,6.175714016,6.292500019,1139524400
2008-05-01,5.422802448,6.428571224,6.428571224,6.244999886,6.248570919,903576800
2008-05-02,5.451122284,6.462142944,6.497142792,6.376786232,6.435357094,1006082000
2008-05-05,5.565300941,6.597499847,6.61821413,6.466071129,6.497142792,854557200
2008-05-06,5.623447418,6.666429043,6.682857037,6.506429195,6.59499979,918870400
2008-05-07,5.500829697,6.521070957,6.721428871,6.447856903,6.64464283,1157133600
2008-05-08,5.575244427,6.609285831,6.660714149,6.538214207,6.563213825,899085600
2008-05-09,5.526740074,6.551785946,6.580357075,6.477499962,6.541429043,673072400
2008-05-12,5.668637276,6.71999979,6.745357037,6.530356884,6.614643097,818563200
2008-05-13,5.722867012,6.784286022,6.837500095,6.709286213,6.73607111,823236400
2008-05-14,5.611397266,6.652143002,6.865714073,6.627500057,6.829642773,916823600
2008-05-15,5.715936184,6.776071072,6.782143116,6.578570843,6.671785831,873208000
2008-05-16,5.652368546,6.700714111,6.796429157,6.678571224,6.789642811,765769200
2008-05-19,5.531261444,6.557143211,6.738928795,6.474999905,6.709286213,945820400
2008-05-20,5.600551605,6.639286041,6.648571014,6.432857037,6.493570805,969850000
2008-05-21,5.368273735,6.363928795,6.712500095,6.294642925,6.631071091,1157657200
2008-05-22,5.333929062,6.323214054,6.476070881,6.142857075,6.402143002,1206735600
2008-05-23,5.458051682,6.470356941,6.499642849,6.349999905,6.4560709,906917200
2008-05-27,5.616517544,6.658214092,6.658214092,6.49428606,6.526785851,789905200
2008-05-28,5.633993149,6.678928852,6.712500095,6.561429024,6.69321394,743979600
2008-05-29,5.624351025,6.667500019,6.721428871,6.625,6.670000076,647186400
2008-05-30,5.686411858,6.741071224,6.769286156,6.692142963,6.694643021,610184400
2008-06-02,5.606575966,6.646429062,6.773213863,6.590356827,6.735713959,679840000
2008-06-03,5.584583759,6.620357037,6.721428871,6.512143135,6.67357111,750520400
2008-06-04,5.579161167,6.613928795,6.68178606,6.5439291,6.572143078,726983600
2008-06-05,5.706897736,6.765357018,6.78000021,6.632143021,6.65500021,755445600
2008-06-06,5.592719078,6.630000114,6.783928871,6.626786232,6.714285851,966422800
2008-06-09,5.471308231,6.48607111,6.605000019,6.276785851,6.59964323,1888392800
2008-06-10,5.592719078,6.630000114,6.670713902,6.3935709,6.446785927,1140941200
2008-06-11,5.44720459,6.457499981,6.642857075,6.413928986,6.583570957,961550800
2008-06-12,5.219749928,6.187857151,6.521429062,6.114285946,6.481785774,1308333600
2008-06-13,5.19293499,6.156071186,6.21999979,5.903929234,6.130000114,1345957200
2008-06-16,5.327602863,6.315713882,6.353570938,6.038214207,6.117856979,1051730400
2008-06-17,5.465884686,6.479642868,6.499642849,6.336071014,6.360713959,899656800
2008-06-18,5.385144711,6.383928776,6.507143021,6.333929062,6.468571186,811468000
2008-06-19,5.449916363,6.460713863,6.512143135,6.314286232,6.376786232,791949200
2008-06-20,5.280303001,6.259643078,6.464285851,6.25,6.405356884,888367200
2008-06-23,5.21673727,6.184286118,6.281428814,6.127142906,6.240714073,645780800
2008-06-24,5.219448566,6.1875,6.277856827,6.129642963,6.156071186,621947200
2008-06-25,5.344172001,6.335357189,6.386785984,6.210000038,6.23607111,644450800
2008-06-26,5.069114208,6.009285927,6.24428606,6.000357151,6.216785908,869610000
2008-06-27,5.124248505,6.074643135,6.091785908,5.862500191,5.946785927,1042249600
2008-06-30,5.044411659,5.980000019,6.142857075,5.950714111,6.078214169,684196800
2008-07-01,5.262526989,6.238571167,6.239999771,5.857142925,5.865356922,1111280800
2008-07-02,5.066706657,6.006429195,6.337500095,6.006429195,6.257143021,837519200
2008-07-03,5.125151634,6.075714111,6.148929119,5.919642925,6.05678606,523362000
2008-07-07,5.276991367,6.25571394,6.326070786,6.139286041,6.184286118,820391600
2008-07-08,5.409247398,6.412499905,6.41785717,6.169285774,6.264286041,888350400
2008-07-09,5.249575138,6.223214149,6.461071014,6.219285965,6.435713768,895776000
2008-07-10,5.321276665,6.308214188,6.333570957,6.120357037,6.247142792,840688800
2008-07-11,5.199263573,6.163570881,6.32535696,6.107142925,6.266786098,930011600
2008-07-14,5.238428593,6.210000038,6.403571129,6.181428909,6.401429176,886054400
2008-07-15,5.110690117,6.058570862,6.204999924,5.942500114,6.159999847,1040043200
2008-07-16,5.20619297,6.171785831,6.176071167,6.021429062,6.078570843,747790400
2008-07-17,5.176066875,6.136071205,6.249286175,6.121070862,6.217856884,757526000
2008-07-18,4.975421429,5.898213863,6.058928967,5.892857075,6.0185709,868414400
2008-07-21,5.009768009,5.938929081,5.982142925,5.754285812,5.960713863,1360469600
2008-07-22,4.88112545,5.786428928,5.812857151,5.233213902,5.321428776,1879592400
2008-07-23,5.008863926,5.937857151,6.013214111,5.769999981,5.892499924,1061768400
2008-07-24,4.791047573,5.679643154,5.902143002,5.658928871,5.868570805,839619200
2008-07-25,4.884140015,5.789999962,5.821428776,5.666070938,5.728570938,633637200
2008-07-28,4.65156126,5.514286041,5.802499771,5.500713825,5.797856808,780712800
2008-07-29,4.732300758,5.610000134,5.694643021,5.487500191,5.550356865,684070800
2008-07-30,4.816652775,5.710000038,5.731785774,5.574285984,5.635000229,725183200
2008-07-31,4.788637161,5.676785946,5.79285717,5.6064291,5.626429081,637498400
2008-08-01,4.719644547,5.59499979,5.713929176,5.5625,5.710713863,544639200
2008-08-04,4.61631155,5.472499847,5.639286041,5.461071014,5.592856884,592527600
2008-08-05,4.839550018,5.73714304,5.742856979,5.529285908,5.550714016,688371600
2008-08-06,4.946501255,5.863928795,5.978570938,5.642857075,5.713213921,791408800
2008-08-07,4.927822113,5.841785908,5.933928967,5.767857075,5.811070919,672372400
2008-08-08,5.107979774,6.055356979,6.058928967,5.848214149,5.852142811,713997200
2008-08-11,5.228787899,6.198571205,6.303571224,6.059642792,6.073928833,891304400
2008-08-12,5.324288845,6.311786175,6.403213978,6.196785927,6.197143078,836278800
2008-08-13,5.401714802,6.403571129,6.428571224,6.282143116,6.3564291,842346400
2008-08-14,5.402319431,6.404285908,6.444643021,6.351428986,6.368928909,711300800
2008-08-15,5.294464111,6.276429176,6.419642925,6.251786232,6.394286156,708251600
2008-08-18,5.283919334,6.26392889,6.350357056,6.207857132,6.270357132,552014400
2008-08-19,5.227884293,6.197500229,6.323928833,6.136071205,6.233571053,616204400
2008-08-20,5.297477245,6.28000021,6.31928587,6.20035696,6.241786003,506951200
2008-08-21,5.250780582,6.22464323,6.266070843,6.13892889,6.231070995,539744800
2008-08-22,5.326097488,6.313929081,6.339285851,6.270357132,6.279285908,439611200
2008-08-25,5.198359489,6.162499905,6.2939291,6.13071394,6.291070938,484425200
2008-08-26,5.231197357,6.20142889,6.245714188,6.164642811,6.170000076,445550000
2008-08-27,5.262227058,6.238214016,6.277143002,6.149642944,6.189642906,477780800
2008-08-28,5.234210491,6.204999924,6.294642925,6.169642925,6.260000229,431384800
2008-08-29,5.107378006,6.054643154,6.196428776,6.03714323,6.177143097,599289600
2008-09-02,5.006752014,5.935357094,6.196428776,5.892857075,6.157143116,780763200
2008-09-03,5.029950142,5.96285677,6.024285793,5.857142925,5.958570957,734834800
2008-09-04,4.857025623,5.757856846,5.996786118,5.74321413,5.92357111,743386000
2008-09-05,4.825692177,5.720714092,5.800000191,5.630356789,5.663928986,786884000
2008-09-08,4.75760603,5.639999866,5.88892889,5.409286022,5.877500057,1045979200
2008-09-09,4.569615841,5.417142868,5.71285677,5.34964323,5.602142811,1245025600
2008-09-10,4.567508221,5.414642811,5.535356998,5.314286232,5.440000057,973142800
2008-09-11,4.598837852,5.451786041,5.463929176,5.214285851,5.292142868,971135200
2008-09-12,4.487070084,5.31928587,5.389643192,5.232142925,5.389643192,793027200
2008-09-15,4.228581905,5.01285696,5.274642944,5.01285696,5.072500229,920634400
2008-09-16,4.214120388,4.995714188,5.089285851,4.719643116,4.780714035,1199836400
2008-09-17,3.851093292,4.565357208,4.946785927,4.565357208,4.946071148,1200455200
2008-09-18,4.039687157,4.788928986,4.836785793,4.309999943,4.663214207,1676253600
2008-09-19,4.245149612,5.03249979,5.150000095,4.86821413,5.092856884,1430875600
2008-09-22,3.948101759,4.680356979,5.008928776,4.666429043,4.997857094,856713200
2008-09-23,3.821269989,4.53000021,4.849999905,4.523571014,4.708929062,1280364400
2008-09-24,3.877605915,4.596786022,4.676785946,4.469643116,4.545357227,1047015200
2008-09-25,3.97461319,4.711785793,4.813929081,4.590000153,4.635714054,1006045600
2008-09-26,3.863446712,4.579999924,4.635714054,4.392857075,4.461071014,1126451200
2008-09-29,3.171134233,3.759285927,4.274285793,3.592499971,4.272142887,2622057200
2008-09-30,3.42419982,4.059286118,4.107142925,3.796428919,3.866070986,1626682400
2008-10-01,3.287423849,3.897142887,4.01285696,3.835356951,3.99714303,1296484000
2008-10-02,3.015681267,3.575000048,3.885356903,3.571429014,3.857500076,1609364400
2008-10-03,2.92439723,3.466785908,3.803570986,3.380357027,3.714286089,2294398400
2008-10-06,2.956633091,3.505000114,3.527857065,3.126429081,3.284286022,2107417200
2008-10-07,2.686096191,3.184286118,3.625,3.176785946,3.588571072,1878772000
2008-10-08,2.705075741,3.206785917,3.44035697,3.059999943,3.06821394,2207741200
2008-10-09,2.673442602,3.169286013,3.421428919,3.092856884,3.333929062,1617383600
2008-10-10,2.91626358,3.457143068,3.571429014,3.035713911,3.060714006,2219299600
2008-10-13,3.321768761,3.937856913,3.94749999,3.607856989,3.733928919,1539076000
2008-10-14,3.135584831,3.717143059,4.157143116,3.6835711,4.152143002,1980994400
2008-10-15,2.950909138,3.498214006,3.821429014,3.4960711,3.708570957,1584175600
2008-10-16,3.06960845,3.63892889,3.693928957,3.276428938,3.563214064,1980521200
2008-10-17,2.934338093,3.478570938,3.644285917,3.067500114,3.557142973,1762227600
2008-10-20,2.965670347,3.51571393,3.57249999,3.344285965,3.563570976,1549170000
2008-10-21,2.756290197,3.267499924,3.496428967,3.25571394,3.462500095,2193660000
2008-10-22,2.918372869,3.459642887,3.616070986,3.318928957,3.477499962,2248808800
2008-10-23,2.959344387,3.508213997,3.544642925,3.282143116,3.446785927,1675430400
2008-10-24,2.903610229,3.442142963,3.496428967,3.218214035,3.226070881,1590058400
2008-10-27,2.774367332,3.288928986,3.486785889,3.280714035,3.395356894,1208771200
2008-10-28,3.009956121,3.56821394,3.589286089,3.298928976,3.408214092,1634133200
2008-10-29,3.149745464,3.733928919,3.912142992,3.569286108,3.602143049,1950978400
2008-10-30,3.345267296,3.965713978,4.00678587,3.843214035,3.865356922,1638089600
2008-10-31,3.241330147,3.842499971,3.956429005,3.755000114,3.835714102,1659756000
2008-11-03,3.222349882,3.819999933,3.896429062,3.744999886,3.783214092,1057938000
2008-11-04,3.343760967,3.963928938,3.992500067,3.80964303,3.928214073,1398681200
2008-11-05,3.112086535,3.689285994,3.918570995,3.678214073,3.889642954,1256455200
2008-11-06,2.985554695,3.539285898,3.670713902,3.5,3.608928919,1319074400
2008-11-07,2.959644079,3.50857091,3.566071033,3.418570995,3.544286013,1095253600
2008-11-10,2.888546705,3.424285889,3.585714102,3.375,3.577500105,1123822000
2008-11-11,2.855106115,3.384643078,3.470356941,3.295000076,3.386070967,1224538000
2008-11-12,2.715016842,3.218570948,3.329999924,3.214643002,3.301070929,1178976400
2008-11-13,2.905418396,3.444286108,3.444286108,3.072143078,3.209642887,1854087200
2008-11-14,2.718632221,3.222856998,3.356786013,3.214286089,3.348571062,1405266800
2008-11-17,2.655365705,3.147856951,3.233928919,3.11642909,3.160000086,1162526400
2008-11-18,2.708689928,3.211071014,3.249643087,3.102143049,3.20142889,1209695200
2008-11-19,2.599632263,3.081785917,3.270714045,3.078928947,3.194286108,1171900800
2008-11-20,2.424897194,2.874643087,3.087500095,2.857142925,3.044286013,1716814400
2008-11-21,2.487861395,2.949285984,3.004286051,2.82642889,2.926070929,1569271200
2008-11-24,2.800275803,3.319643021,3.385356903,3.029999971,3.043214083,1442257600
2008-11-25,2.735502243,3.242856979,3.382499933,3.148571014,3.379642963,1235292800
2008-11-26,2.862035036,3.392857075,3.401786089,3.208929062,3.211429119,899836000
2008-11-28,2.791840553,3.30964303,3.384285927,3.280714035,3.382143021,297774400
2008-12-01,2.679166079,3.176070929,3.295356989,3.175714016,3.260714054,923767600
2008-12-02,2.785814047,3.30250001,3.308928967,3.089286089,3.215357065,1148722400
2008-12-03,2.889148712,3.424999952,3.436785936,3.171428919,3.192857027,1338680000
2008-12-04,2.753880978,3.264642954,3.400357008,3.180713892,3.372499943,1091370000
2008-12-05,2.831908941,3.357142925,3.374643087,3.17357111,3.226785898,1043795200
2008-12-08,3.004233599,3.561429024,3.599999905,3.421428919,3.474286079,1185142000
2008-12-09,3.014474869,3.573570967,3.700000048,3.471786022,3.501429081,1203496000
2008-12-10,2.958741665,3.507499933,3.553214073,3.446429014,3.495357037,938047600
2008-12-11,2.862035036,3.392857075,3.615714073,3.386785984,3.476785898,1040617200
2008-12-12,2.960548639,3.509643078,3.535713911,3.304642916,3.314285994,1041174400
2008-12-15,2.854503632,3.383929014,3.436070919,3.321429014,3.428214073,891758000
2008-12-16,2.874989748,3.408214092,3.445713997,3.3125,3.3564291,1093506400
2008-12-17,2.686096191,3.184286118,3.253571033,3.1435709,3.251070976,1293860400
2008-12-18,2.694229841,3.193928957,3.243928909,3.158571005,3.189642906,857416000
2008-12-19,2.711401701,3.214286089,3.247857094,3.171428919,3.212142944,801920000
2008-12-22,2.583063126,3.062143087,3.215357065,3.024642944,3.214999914,844740400
2008-12-23,2.602342606,3.085000038,3.138214111,3.067857027,3.102499962,635031600
2008-12-24,2.561973095,3.037142992,3.080357075,3.019643068,3.07642889,271334000
2008-12-26,2.585170746,3.064642906,3.12214303,3.044286013,3.094285965,308324800
2008-12-29,2.609271765,3.093214035,3.129286051,3.038213968,3.089999914,686000000
2008-12-30,2.599632263,3.081785917,3.144643068,3.025713921,3.12214303,967601600
2008-12-31,2.571312428,3.048213959,3.13357091,3.047857046,3.070357084,607541200
2009-01-02,2.73399663,3.241070986,3.251429081,3.041429043,3.067142963,746015200
2009-01-05,2.849381924,3.37785697,3.434999943,3.311070919,3.327500105,1181608400
2009-01-06,2.8023839,3.322143078,3.470356941,3.29964304,3.426785946,1289310400
2009-01-07,2.741829395,3.250356913,3.303570986,3.223571062,3.278928995,753048800
2009-01-08,2.792743206,3.310714006,3.326786041,3.215713978,3.229643106,673500800
2009-01-09,2.72887516,3.234999895,3.335000038,3.219285965,3.328928947,546845600
2009-01-12,2.671031952,3.166429043,3.249643087,3.126785994,3.230714083,617716400
2009-01-13,2.642411709,3.132499933,3.204999924,3.083929062,3.151428938,798397600
2009-01-14,2.570709705,3.047499895,3.116070986,3.025713921,3.079999924,1021664000
2009-01-15,2.511962652,2.977857113,3.004286051,2.858928919,2.877500057,1831634000
2009-01-16,2.480329514,2.94035697,3.013571024,2.871428967,3.010714054,1047625600
2009-01-20,2.35590744,2.792856932,2.928570986,2.792856932,2.926070929,919914800
2009-01-21,2.495393038,2.958214045,2.960000038,2.832499981,2.835356951,1089270000
2009-01-22,2.66199255,3.155714035,3.214286089,3.065000057,3.144285917,1409528400
2009-01-23,2.66199255,3.155714035,3.209642887,3.089286089,3.100713968,763770000
2009-01-26,2.700556755,3.20142889,3.248929024,3.15357089,3.17357111,692238400
2009-01-27,2.733393431,3.240356922,3.269643068,3.204999924,3.221071005,618038400
2009-01-28,2.837934732,3.364285946,3.392857075,3.267857075,3.289999962,861406000
2009-01-29,2.801783085,3.321429014,3.36928606,3.307142973,3.324642897,592729200
2009-01-30,2.715318918,3.218929052,3.343570948,3.214643002,3.307142973,651478800
2009-02-02,2.75689292,3.268213987,3.285713911,3.174999952,3.182142973,558247200
2009-02-03,2.801179409,3.320713997,3.335000038,3.224286079,3.282856941,599309200
2009-02-04,2.81835103,3.34107089,3.4375,3.325000048,3.329286098,808421600
2009-02-05,2.906019688,3.444999933,3.473213911,3.307857037,3.313214064,749246400
2009-02-06,3.004233599,3.561429024,3.571429014,3.464286089,3.464999914,687209600
2009-02-09,3.088285685,3.661071062,3.678570986,3.553570986,3.571429014,715010800
2009-02-10,2.947293758,3.493928909,3.661071062,3.466428995,3.618928909,849060800
2009-02-11,2.916865587,3.457856894,3.511070967,3.420356989,3.441786051,674973600
2009-02-12,2.99067688,3.545356989,3.5625,3.422499895,3.422499895,817188400
2009-02-13,2.987362385,3.541429043,3.569286108,3.504286051,3.535356998,608977600
2009-02-17,2.84787488,3.376070976,3.465713978,3.367142916,3.459642887,678238400
2009-02-18,2.843055248,3.370357037,3.423213959,3.311429024,3.394643068,684779200
2009-02-19,2.730683088,3.23714304,3.366070986,3.218214035,3.334642887,922804400
2009-02-20,2.747553825,3.257143021,3.299999952,3.178570986,3.192857027,750316000
2009-02-23,2.619514465,3.105356932,3.285713911,3.089643002,3.273214102,786982000
2009-02-24,2.718932867,3.223213911,3.2460711,3.107142925,3.123214006,807105600
2009-02-25,2.746347904,3.25571394,3.318571091,3.1875,3.209285975,833053200
2009-02-26,2.686999798,3.185357094,3.318571091,3.177143097,3.285713911,629868400
2009-02-27,2.6906147,3.189642906,3.260714054,3.131071091,3.140357018,706658400
2009-03-02,2.649340868,3.14071393,3.257143021,3.131071091,3.147142887,770929600
2009-03-03,2.662294626,3.156070948,3.240714073,3.138571024,3.176070929,724340400
2009-03-04,2.746649504,3.256071091,3.313214064,3.194643021,3.220714092,741403600
2009-03-05,2.676454782,3.172857046,3.281070948,3.15892911,3.230714083,706899200
2009-03-06,2.569806337,3.046428919,3.157143116,2.94035697,3.154999971,1011147200
2009-03-09,2.503828049,2.968214035,3.128571033,2.948929071,3.006428957,698297600
2009-03-10,2.670127869,3.165357113,3.18464303,3.01285696,3.031070948,844258800
2009-03-11,2.792140722,3.309999943,3.359642982,3.199285984,3.207499981,846372800
2009-03-12,2.902705908,3.441071033,3.449285984,3.285713911,3.317857027,768457200
2009-03-13,2.89005208,3.426070929,3.47142911,3.393213987,3.439285994,601168400
2009-03-16,2.874688148,3.407856941,3.478214025,3.363570929,3.44749999,797244000
2009-03-17,3.002426147,3.559286118,3.560357094,3.395356894,3.401428938,786646000
2009-03-18,3.058460951,3.625714064,3.695713997,3.561429024,3.56821394,796037200
2009-03-19,3.061474085,3.629286051,3.685714006,3.580357075,3.637500048,500180800
2009-03-20,3.060569525,3.628213882,3.682499886,3.591785908,3.646070957,695587200
2009-03-23,3.243438959,3.845000029,3.862857103,3.633929014,3.668214083,666397200
2009-03-24,3.208491325,3.803570986,3.908571005,3.76392889,3.79857111,640612000
2009-03-25,3.208190203,3.803214073,3.869999886,3.709285975,3.842143059,646618000
2009-03-26,3.310018539,3.923928976,3.927856922,3.842143059,3.851070881,616252000
2009-03-27,3.219035864,3.816071033,3.876070976,3.799999952,3.865356922,492872800
2009-03-30,3.147937775,3.731786013,3.750356913,3.664643049,3.732500076,502796000
2009-03-31,3.166917562,3.754286051,3.837500095,3.75,3.766071081,570080000
2009-04-01,3.274470091,3.881786108,3.892857075,3.710356951,3.717499971,589372000
2009-04-02,3.395578384,4.02535677,4.098214149,3.920713902,3.9335711,812366800
2009-04-03,3.494394541,4.142499924,4.147500038,4.054286003,4.078214169,636241200
2009-04-06,3.568504333,4.23035717,4.241071224,4.045713902,4.105000019,658064400
2009-04-07,3.464568615,4.107142925,4.166786194,4.078214169,4.161786079,536580800
2009-04-08,3.504336119,4.154285908,4.171071053,4.092143059,4.122499943,455630000
2009-04-09,3.602247953,4.270357132,4.285714149,4.21285677,4.229286194,530756800
2009-04-13,3.621830463,4.293570995,4.320713997,4.25,4.286070824,389236400
2009-04-14,3.564286947,4.225357056,4.291786194,4.1875,4.270357132,454622000
2009-04-15,3.544103146,4.20142889,4.223214149,4.134285927,4.185713768,412882400
2009-04-16,3.658885241,4.337500095,4.398213863,4.242499828,4.25678587,593446000
2009-04-17,3.718236685,4.407856941,4.4375,4.294642925,4.327857018,497495600
2009-04-20,3.630265236,4.303571224,4.392499924,4.25571394,4.347499847,466466000
2009-04-21,3.668226242,4.348570824,4.36214304,4.235713959,4.246070862,470685600
2009-04-22,3.660693169,4.339643002,4.476786137,4.328570843,4.379642963,938767200
2009-04-23,3.777885914,4.478570938,4.54285717,4.411070824,4.522142887,945156800
2009-04-24,3.73269701,4.425000191,4.469285965,4.391786098,4.45142889,540764000
2009-04-27,3.757701874,4.454642773,4.464285851,4.38071394,4.389286041,480690000
2009-04-28,3.73269701,4.425000191,4.507500172,4.402143002,4.405356884,455856800
2009-04-29,3.770053625,4.469285965,4.530356884,4.422500134,4.458929062,458110800
2009-04-30,3.790841341,4.493928909,4.535714149,4.461429119,4.507856846,498489600
2009-05-01,3.833318233,4.544285774,4.569643021,4.492856979,4.492856979,397516000
2009-05-04,3.97883153,4.716785908,4.723214149,4.559999943,4.579999924,609358400
2009-05-05,3.998111963,4.739643097,4.744999886,4.682857037,4.705357075,398255200
2009-05-06,3.991786718,4.732142925,4.767857075,4.650713921,4.761785984,473538800
2009-05-07,3.888149738,4.609285831,4.728213787,4.567856789,4.726070881,531776000
2009-05-08,3.89206624,4.613928795,4.686786175,4.509285927,4.608571053,467964000
2009-05-11,3.903514385,4.627500057,4.677143097,4.539999962,4.548929214,404658800
2009-05-12,3.748362064,4.443571091,4.632500172,4.401785851,4.627142906,609481600
2009-05-13,3.599838018,4.267499924,4.429286003,4.263570786,4.40035677,595971600
2009-05-14,3.704075575,4.391070843,4.411786079,4.275000095,4.277856827,447826400
2009-05-15,3.688109398,4.372142792,4.450714111,4.343214035,4.368570805,367567200
2009-05-18,3.815545797,4.523213863,4.525000095,4.341785908,4.4189291,458841600
2009-05-19,3.839646816,4.551785946,4.61821413,4.490714073,4.529285908,372422400
2009-05-20,3.792046547,4.495357037,4.614643097,4.474999905,4.558214188,388584000
2009-05-21,3.741132259,4.434999943,4.527856827,4.38892889,4.469643116,407946000
2009-05-22,3.690519094,4.375,4.434999943,4.348214149,4.430356979,297998400
2009-05-26,3.939965725,4.670713902,4.672500134,4.448214054,4.455714226,636927200
2009-05-27,4.008357048,4.751786232,4.820713997,4.675356865,4.706429005,646422000
2009-05-28,4.06921339,4.823928833,4.835357189,4.715356827,4.766070843,487552800
2009-05-29,4.091504097,4.850357056,4.853570938,4.780356884,4.835357189,456534400
2009-06-01,4.198153973,4.976786137,4.999642849,4.857142925,4.873929024,452499600
2009-06-02,4.202371597,4.981785774,5.047856808,4.941071033,4.963929176,456223600
2009-06-03,4.246356964,5.033928871,5.039642811,4.966785908,5,565199600
2009-06-04,4.330410004,5.133571148,5.149285793,5.001429081,5.004642963,550634000
2009-06-05,4.358427525,5.166786194,5.228570938,5.114643097,5.189642906,632716000
2009-06-08,4.333722591,5.137499809,5.151071072,4.979642868,5.136428833,931652400
2009-06-09,4.299683094,5.097143173,5.162857056,5.01964283,5.136071205,676964400
2009-06-10,4.22526741,5.008928776,5.083929062,4.939286232,5.081429005,688623600
2009-06-11,4.216229439,4.998213768,5.05571413,4.948214054,4.983929157,524823600
2009-06-12,4.126452923,4.891786098,4.967856884,4.858571053,4.957499981,563085600
2009-06-15,4.099939346,4.860356808,4.890357018,4.817500114,4.857500076,539750400
2009-06-16,4.107773781,4.869643211,4.945356846,4.860713959,4.88071394,514805200
2009-06-17,4.084575653,4.842143059,4.908928871,4.804643154,4.881071091,571412800
2009-06-18,4.093614578,4.852857113,4.928571224,4.84250021,4.86107111,427680400
2009-06-19,4.202068806,4.9814291,4.982142925,4.889286041,4.931070805,721856800
2009-06-22,4.138504028,4.906071186,5.05571413,4.868928909,5.023929119,634914000
2009-06-23,4.037278652,4.786070824,4.891070843,4.745714188,4.871428967,706532400
2009-06-24,4.103854656,4.864999771,4.910714149,4.816429138,4.836429119,485525600
2009-06-25,4.213517189,4.994999886,5.007143021,4.828928947,4.848214149,589447600
2009-06-26,4.291244507,5.087142944,5.127142906,4.990714073,4.992499828,439384400
2009-06-29,4.277084351,5.070356846,5.141070843,5.054999828,5.123570919,567616000
2009-06-30,4.290943623,5.086785793,5.135714054,5.064286232,5.092143059,434224000
2009-07-01,4.302993774,5.101070881,5.166429043,5.090000153,5.125,414178800
2009-07-02,4.218338966,5.000713825,5.101070881,4.992499828,5.044642925,370479200
2009-07-06,4.175858498,4.95035696,4.963929176,4.866071224,4.953570843,498688400
2009-07-07,4.079152584,4.835713863,4.988571167,4.827857018,4.945713997,461596800
2009-07-08,4.133983135,4.900713921,4.929999828,4.800714016,4.854286194,575929200
2009-07-09,4.108073711,4.869999886,4.928214073,4.854642868,4.920000076,343025200
2009-07-10,4.173149586,4.947143078,4.963213921,4.868570805,4.86928606,445275600
2009-07-13,4.288232327,5.083570957,5.083570957,4.911786079,4.983571053,483501200
2009-07-14,4.286122799,5.0810709,5.113571167,5.041429043,5.072500229,347247600
2009-07-15,4.425007343,5.245714188,5.25,5.154285908,5.179999828,485587200
2009-07-16,4.444288254,5.2685709,5.286428928,5.198928833,5.205714226,393570800
2009-07-17,4.571725368,5.419642925,5.429286003,5.308214188,5.324285984,602154000
2009-07-20,4.60667038,5.461071014,5.53714323,5.38892889,5.473928928,735526400
2009-07-21,4.564493179,5.411070824,5.479642868,5.348214149,5.47464323,874781600
2009-07-22,4.722056866,5.597856998,5.6689291,5.57535696,5.635356903,874104000
2009-07-23,4.754592896,5.636428833,5.658570766,5.55571413,5.593928814,526962800
2009-07-24,4.819969654,5.713929176,5.714285851,5.589285851,5.60535717,438362400
2009-07-27,4.823282242,5.717856884,5.745714188,5.616428852,5.720356941,433311200
2009-07-28,4.820269585,5.714285851,5.717856884,5.628571033,5.674285889,363554800
2009-07-29,4.821172714,5.715356827,5.73035717,5.651785851,5.675000191,382158000
2009-07-30,4.904323578,5.813929081,5.882856846,5.767857075,5.775000095,469604800
2009-07-31,4.922399998,5.835357189,5.892857075,5.81821394,5.821071148,422536800
2009-08-03,5.01398468,5.943929195,5.95142889,5.888214111,5.90035677,394240000
2009-08-04,4.987472534,5.912499905,5.913214207,5.864643097,5.890357018,395810800
2009-08-05,4.974216938,5.896786213,5.978213787,5.864643097,5.919642925,423183600
2009-08-06,4.938064575,5.853929043,5.946785927,5.824643135,5.913570881,341616800
2009-08-07,4.98626709,5.911070824,5.949999809,5.885714054,5.910356998,387354800
2009-08-10,4.962467194,5.882856846,5.949999809,5.84499979,5.916429043,300294400
2009-08-11,4.905525684,5.815357208,5.870714188,5.781428814,5.846070766,355342400
2009-08-12,4.980241299,5.903929234,5.953928947,5.802143097,5.805356979,445071200
2009-08-13,5.073936939,6.014999866,6.023929119,5.946428776,5.951786041,439980800
2009-08-14,5.024529934,5.956429005,6.008213997,5.911786079,5.997857094,305816000
2009-08-17,4.807919025,5.699643135,5.84250021,5.693571091,5.841071129,524381200
2009-08-18,4.940776348,5.857142925,5.865714073,5.764643192,5.772500038,431152400
2009-08-19,4.958853722,5.878571033,5.903571129,5.801785946,5.8125,413271600
2009-08-20,5.0109725,5.940357208,5.954286098,5.878929138,5.892142773,342031200
2009-08-21,5.09803772,6.043570995,6.048929214,5.95714283,5.987500191,416074400
2009-08-24,5.093215466,6.037857056,6.096786022,6.009643078,6.075714111,406929600
2009-08-25,5.103460312,6.050000191,6.105000019,6.040357113,6.052143097,324354800
2009-08-26,5.04350853,5.978929043,6.055356979,5.955714226,6.032856941,303998800
2009-08-27,5.104968548,6.051785946,6.056070805,5.886785984,6.026785851,449181600
2009-08-28,5.123041153,6.073214054,6.160356998,6.018929005,6.152500153,453700800
2009-08-31,5.06760931,6.007500172,6.030356884,5.946428776,6.00571394,311337600
2009-09-01,4.979939938,5.903571129,6.071428776,5.890714169,5.999642849,469028000
2009-09-02,4.976325035,5.899285793,5.98607111,5.86107111,5.879285812,364249200
2009-09-03,5.017598629,5.948214054,5.967856884,5.892857075,5.94428587,293955200
2009-09-04,5.130877495,6.082499981,6.096428871,5.96750021,5.974286079,374628800
2009-09-08,5.209807873,6.176071167,6.183570862,6.142857075,6.177856922,315047600
2009-09-09,5.155882359,6.11214304,6.231070995,6.060713768,6.170713902,811087200
2009-09-10,5.198660374,6.162857056,6.1875,6.100357056,6.144999981,491134000
2009-09-11,5.186609268,6.148571014,6.184999943,6.102499962,6.175356865,348961200
2009-09-14,5.233607292,6.204286098,6.210713863,6.080357075,6.101070881,322011200
2009-09-15,5.276991367,6.25571394,6.273213863,6.199643135,6.215713978,426470800
2009-09-16,5.479139805,6.495357037,6.526785851,6.352857113,6.356785774,754023200
2009-09-17,5.559878349,6.591071129,6.671071053,6.498929024,6.499286175,810572000
2009-09-18,5.574038029,6.607857227,6.662499905,6.598570824,6.636785984,601582800
2009-09-21,5.543911934,6.572143078,6.612856865,6.486429214,6.581786156,437715600
2009-09-22,5.557770729,6.588571072,6.620714188,6.530356884,6.613928795,356753600
2009-09-23,5.588499546,6.625,6.746428967,6.608213902,6.621428967,593563600
2009-09-24,5.537887096,6.565000057,6.703570843,6.527500153,6.685713768,550880400
2009-09-25,5.494203091,6.513214111,6.625,6.480000019,6.500357151,445239200
2009-09-28,5.608082771,6.648213863,6.667142868,6.547500134,6.566785812,337444800
2009-09-29,5.584886074,6.620714188,6.692856789,6.582499981,6.6689291,345385600
2009-09-30,5.583981037,6.619643211,6.658928871,6.521786213,6.647500038,539585200
2009-10-01,5.448712349,6.459286213,6.650713921,6.453570843,6.619643211,524711600
2009-10-02,5.570423603,6.603570938,6.640714169,6.476786137,6.478929043,553308000
2009-10-05,5.60416317,6.6435709,6.67357111,6.5810709,6.650000095,423133200
2009-10-06,5.724372387,6.786070824,6.786070824,6.689286232,6.704999924,605085600
2009-10-07,5.731601715,6.794642925,6.805356979,6.751070976,6.777143002,465668000
2009-10-08,5.702077866,6.759643078,6.837500095,6.746070862,6.809286118,438211200
2009-10-09,5.738230228,6.802499771,6.810713768,6.736429214,6.748929024,293272000
2009-10-12,5.748472214,6.814642906,6.839643002,6.772857189,6.822143078,288024800
2009-10-13,5.724672794,6.786428928,6.827499866,6.775000095,6.808214188,348020400
2009-10-14,5.762935162,6.831786156,6.868570805,6.7939291,6.866071224,375510800
2009-10-15,5.740940571,6.80571413,6.818571091,6.768929005,6.772500038,373556400
2009-10-16,5.665321827,6.716071129,6.79857111,6.708570957,6.762499809,431426800
2009-10-19,5.719853401,6.780714035,6.785714149,6.626786232,6.708929062,942230800
2009-10-20,5.987979889,7.098570824,7.205357075,7.066071033,7.164286137,1141039200
2009-10-21,6.173559666,7.318571091,7.453928947,7.115356922,7.125713825,1193726800
2009-10-22,6.181995392,7.328570843,7.423213959,7.232500076,7.310713768,791392000
2009-10-23,6.144034863,7.283570766,7.349999905,7.258213997,7.346428871,420786800
2009-10-26,6.100050926,7.2314291,7.383928776,7.146429062,7.273929119,484338400
2009-10-27,5.94610548,7.048929214,7.24321413,7.016070843,7.202143192,756551600
2009-10-28,5.796373844,6.871428967,7.072143078,6.824999809,7.061070919,818386800
2009-10-29,5.915372849,7.012499809,7.028929234,6.86214304,6.964285851,570270400
2009-10-30,5.678881645,6.732142925,7.028571129,6.720356941,7.002142906,717525200
2009-11-02,5.703282833,6.761071205,6.888570786,6.627500057,6.778571129,678983200
2009-11-03,5.686411858,6.741071224,6.7685709,6.639999866,6.708929062,522541600
2009-11-04,5.748472214,6.814642906,6.923213959,6.7939291,6.811786175,487530400
2009-11-05,5.845481873,6.929643154,6.964285851,6.850714207,6.871428967,384801200
2009-11-06,5.854821205,6.940713882,6.971070766,6.871428967,6.875357151,295097600
2009-11-09,6.069322109,7.195000172,7.210713863,7.009285927,7.033570766,528855600
2009-11-10,6.115115643,7.249286175,7.320713997,7.178928852,7.179286003,401195200
2009-11-11,6.123247147,7.258928776,7.321428776,7.208213806,7.30571413,443870000
2009-11-12,6.085289001,7.213929176,7.316785812,7.193929195,7.255000114,363731200
2009-11-13,6.159399509,7.301785946,7.315357208,7.216785908,7.245357037,343240800
2009-11-16,6.225077152,7.379642963,7.428571224,7.321785927,7.338571072,485206400
2009-11-17,6.236225128,7.392857075,7.408570766,7.321428776,7.360000134,396513600
2009-11-18,6.204891205,7.355713844,7.392857075,7.285714149,7.376429081,374320800
2009-11-19,6.040701866,7.161070824,7.307499886,7.135714054,7.307499886,542326400
2009-11-20,6.022926807,7.139999866,7.156785965,7.062857151,7.112500191,406666400
2009-11-23,6.202480316,7.352857113,7.357142925,7.248213768,7.25,474896800
2009-11-24,6.159098625,7.301428795,7.352857113,7.246428967,7.333213806,318438400
2009-11-25,6.151566982,7.292500019,7.344643116,7.277143002,7.335713863,286454000
2009-11-27,6.043110847,7.163928986,7.248570919,7.084642887,7.114999771,295257200
2009-11-30,6.022625923,7.139643192,7.202857018,7.098928928,7.182499886,424858000
2009-12-01,5.934053898,7.034643173,7.241786003,7.029643059,7.222856998,465763200
2009-12-02,5.9117589,7.008213997,7.193571091,6.991071224,7.105713844,715260000
2009-12-03,5.919289112,7.017142773,7.1064291,7.009643078,7.050714016,448719600
2009-12-04,5.824090958,6.904285908,7.138570786,6.795713902,7.132143021,826884800
2009-12-07,5.692436218,6.748213768,6.920357227,6.738571167,6.904285908,714758800
2009-12-08,5.720152855,6.781071186,6.869643211,6.739285946,6.76285696,690398800
2009-12-09,5.959059238,7.064286232,7.077143192,6.796785831,6.831429005,684782000
2009-12-10,5.917783737,7.015357018,7.132143021,7.004285812,7.125,489669600
2009-12-11,5.864762306,6.952499866,7.071428776,6.908214092,7.063570976,429774800
2009-12-14,5.934356213,7.034999847,7.051071167,6.877142906,6.977499962,495790400
2009-12-15,5.84969902,6.934642792,7.053928852,6.902500153,6.993928909,419459600
2009-12-16,5.875607491,6.965356827,7.017857075,6.948214054,6.967856884,352984800
2009-12-17,5.780105114,6.852142811,6.964285851,6.821428776,6.937857151,388838800
2009-12-18,5.887658119,6.979642868,6.982142925,6.878571033,6.898929119,608770400
2009-12-21,5.972010612,7.079642773,7.133928776,6.988214016,7.001786232,611906400
2009-12-22,6.036183357,7.155714035,7.173213959,7.09499979,7.122857094,349515600
2009-12-23,6.088603497,7.217856884,7.227857113,7.171785831,7.185713768,345525600
2009-12-24,6.297683239,7.465713978,7.476786137,7.262499809,7.26964283,500889200
2009-12-28,6.375108719,7.557499886,7.641070843,7.48607111,7.561429024,644565600
2009-12-29,6.299489975,7.467856884,7.597143173,7.454642773,7.593928814,445205600
2009-12-30,6.376011372,7.558570862,7.571428776,7.439642906,7.458213806,412084400
2009-12-31,6.348596573,7.526071072,7.619643211,7.519999981,7.611785889,352410800
2010-01-04,6.447410583,7.643214226,7.660714149,7.585000038,7.622499943,493729600
2010-01-05,6.458559036,7.656428814,7.699643135,7.616071224,7.664286137,601904800
2010-01-06,6.355827332,7.534643173,7.686786175,7.526785851,7.656428814,552160000
2010-01-07,6.34407568,7.520713806,7.571428776,7.466071129,7.5625,477131200
2010-01-08,6.386254787,7.570713997,7.571428776,7.466429234,7.510714054,447610800
2010-01-11,6.329919815,7.503929138,7.607142925,7.444643021,7.599999905,462229600
2010-01-12,6.257916451,7.418570995,7.491786003,7.372142792,7.471070766,594459600
2010-01-13,6.346186638,7.523213863,7.533214092,7.289286137,7.423929214,605892000
2010-01-14,6.30943203,7.479642868,7.516428947,7.465000153,7.503929138,432894000
2010-01-15,6.203989506,7.354642868,7.557143211,7.352499962,7.533214092,594067600
2010-01-19,6.478442669,7.679999828,7.685357094,7.401429176,7.440357208,730007600
2010-01-20,6.378724098,7.561786175,7.698214054,7.482142925,7.675356865,612152800
2010-01-21,6.268458843,7.431070805,7.61821413,7.40035677,7.574285984,608154400
2010-01-22,5.957551956,7.0625,7.410714149,7.041429043,7.385000229,881767600
2010-01-25,6.117824554,7.252500057,7.310713768,7.149642944,7.232500076,1065699600
2010-01-26,6.20429039,7.355000019,7.632500172,7.235000134,7.35535717,1867110000
2010-01-27,6.26273489,7.424285889,7.520713806,7.126070976,7.387499809,1722568400
2010-01-28,6.003947258,7.117499828,7.339285851,7.096428871,7.318929195,1173502400
2010-01-29,5.786130428,6.859285831,7.221428871,6.794642925,7.181428909,1245952400
2010-02-01,5.866569996,6.954642773,7,6.83214283,6.870357037,749876400
2010-02-02,5.900612831,6.994999886,7.011428833,6.906428814,6.996786118,698342400
2010-02-03,6.002140045,7.115356922,7.150000095,6.943571091,6.970356941,615328000
2010-02-04,5.785830021,6.858929157,7.084642887,6.841785908,7.026071072,757652000
2010-02-05,5.888562202,6.980713844,7,6.816071033,6.879642963,850306800
2010-02-08,5.848192215,6.932857037,7.067142963,6.928571224,6.988928795,478270800
2010-02-09,5.910554409,7.00678587,7.053571224,6.955357075,7.014999866,632886800
2010-02-10,5.87831831,6.968571186,7.021429062,6.937857151,6.996070862,370361600
2010-02-11,5.985268116,7.095356941,7.133928776,6.93071413,6.960000038,550345600
2010-02-12,6.036785126,7.156428814,7.20142889,6.982142925,7.07535696,655468800
2010-02-16,6.127767086,7.264286041,7.274642944,7.197143078,7.212142944,543737600
2010-02-17,6.102159977,7.233929157,7.296785831,7.17357111,7.292500019,436396800
2010-02-18,6.113607883,7.247499943,7.281785965,7.175714016,7.201070786,422825200
2010-02-19,6.075649261,7.202499866,7.257143021,7.182499886,7.209286213,415469600
2010-02-22,6.037991524,7.157856941,7.232142925,7.113928795,7.226428986,390563600
2010-02-23,5.936764717,7.037857056,7.190357208,6.989643097,7.142857075,575094800
2010-02-24,6.045221329,7.166429043,7.19428587,7.065713882,7.079642773,460566400
2010-02-25,6.085590839,7.214285851,7.244999886,7.031785965,7.049285889,665126000
2010-02-26,6.164522171,7.307857037,7.327499866,7.214285851,7.227857113,507460800
2010-03-01,6.29617691,7.463929176,7.482142925,7.337500095,7.348214149,550093600
2010-03-02,6.291959763,7.458929062,7.529643059,7.419285774,7.497499943,566546400
2010-03-03,6.306420326,7.476070881,7.495357037,7.426428795,7.462142944,372052800
2010-03-04,6.347993851,7.52535677,7.532856941,7.451070786,7.474286079,366041200
2010-03-05,6.59623909,7.819643021,7.846428871,7.665357113,7.676428795,899620400
2010-03-08,6.600153446,7.824285984,7.860356808,7.794642925,7.857500076,429889600
2010-03-09,6.71885252,7.965000153,8.035714149,7.781785965,7.796785831,920259200
2010-03-10,6.773684502,8.029999733,8.052857399,7.971428871,7.993928909,596218000
2010-03-11,6.793567181,8.053570747,8.053570747,7.975714207,7.996786118,405700400
2010-03-12,6.826707363,8.092857361,8.133213997,8.0625,8.12035656,416323600
2010-03-15,6.74355793,7.99428606,8.053570747,7.866071224,8.049285889,493502800
2010-03-16,6.761933327,8.01607132,8.034999847,7.946785927,8.006428719,446908000
2010-03-17,6.751995564,8.004285812,8.087499619,7.973928928,8.032142639,450956800
2010-03-18,6.767959595,8.02321434,8.035714149,7.95035696,8.003570557,342109600
2010-03-19,6.6956563,7.9375,8.044285774,7.901071072,8.028214455,559445600
2010-03-22,6.770972252,8.026785851,8.071429253,7.862500191,7.873929024,456419600
2010-03-23,6.879730701,8.155714035,8.170714378,8.003570557,8.058570862,602431200
2010-03-24,6.910158634,8.191785812,8.221428871,8.125356674,8.130000114,597780400
2010-03-25,6.828214169,8.094642639,8.248929024,8.080356598,8.247142792,542284400
2010-03-26,6.956253052,8.246429443,8.283928871,8.162500381,8.176786423,640875200
2010-03-29,7.001141071,8.299642563,8.352499962,8.272143364,8.321429253,540744400
2010-03-30,7.105379581,8.423213959,8.4814291,8.366070747,8.449999809,527310000
2010-03-31,7.079767704,8.392856598,8.450357437,8.373571396,8.410357475,430659600
2010-04-01,7.1089921,8.427499771,8.526070595,8.3125,8.478928566,603145200
2010-04-05,7.184915066,8.517499924,8.518214226,8.384642601,8.39214325,684507600
2010-04-06,7.216545105,8.555000305,8.579999924,8.464285851,8.507143021,447017200
2010-04-07,7.248479843,8.592857361,8.640000343,8.523571014,8.555356979,628502000
2010-04-08,7.228899479,8.569643021,8.626428604,8.501428604,8.587142944,572989200
2010-04-09,7.284332752,8.635356903,8.638929367,8.587857246,8.62250042,334182800
2010-04-12,7.2993927,8.653214455,8.681071281,8.636071205,8.649999619,333026400
2010-04-13,7.303612709,8.658213615,8.67142868,8.611070633,8.637857437,306210800
2010-04-14,7.401827812,8.774642944,8.778928757,8.716786385,8.760000229,404076400
2010-04-15,7.499135494,8.890000343,8.893928528,8.768214226,8.777856827,376784800
2010-04-16,7.453346729,8.83571434,8.969285965,8.73392868,8.87749958,750545600
2010-04-19,7.443398952,8.823928833,8.853214264,8.634642601,8.822500229,566924400
2010-04-20,7.36868763,8.735357285,8.901785851,8.677143097,8.876428604,738326400
2010-04-21,7.809440136,9.257857323,9.294643402,9.133213997,9.242856979,982391200
2010-04-22,8.027853966,9.516785622,9.526785851,9.149999619,9.222857475,793424800
2010-04-23,8.159213066,9.672499657,9.720713615,9.535714149,9.571070671,796955600
2010-04-26,8.119139671,9.625,9.730713844,9.578213692,9.710000038,479068800
2010-04-27,7.894396305,9.358571053,9.565713882,9.304286003,9.54535675,709343600
2010-04-28,7.881140709,9.342857361,9.428570747,9.157500267,9.401785851,758402400
2010-04-29,8.093234062,9.594285965,9.642856598,9.357500076,9.3935709,558840800
2010-04-30,7.865775585,9.324643135,9.66321373,9.321429253,9.618213654,542463600
2010-05-03,8.024241447,9.512499809,9.56714344,9.388570786,9.422857285,454342000
2010-05-04,7.793171883,9.238571167,9.403214455,9.169643402,9.388929367,723819600
2010-05-05,7.71213007,9.142499924,9.219285965,8.883213997,9.036786079,883103200
2010-05-06,7.418699265,8.794643402,9.223214149,7.116071224,9.065357208,1285860800
2010-05-07,7.105679989,8.423570633,8.806071281,8.043213844,8.703928947,1676018400
2010-05-10,7.651878834,9.071070671,9.094642639,8.876070976,8.9375,984306400
2010-05-11,7.728098869,9.161429405,9.281785965,8.946429253,8.994285583,848906800
2010-05-12,7.895904541,9.360357285,9.397500038,9.239286423,9.258570671,654379600
2010-05-13,7.783529282,9.227143288,9.464285851,9.157142639,9.400713921,599712400
2010-05-14,7.646754742,9.06499958,9.159999847,8.910714149,9.112856865,759362800
2010-05-17,7.65880537,9.079285622,9.14928627,8.846785545,9.096428871,762834800
2010-05-18,7.602769852,9.012857437,9.23392868,8.937856674,9.177857399,782678400
2010-05-19,7.481660843,8.869285583,9.032856941,8.744643211,8.910714149,1025726800
2010-05-20,7.162921906,8.491429329,8.708929062,8.436071396,8.638570786,1282915200
2010-05-21,7.300300121,8.654286385,8.732143402,8.262499809,8.31499958,1223891200
2010-05-24,7.434065342,8.812856674,8.96071434,8.795000076,8.831428528,754238800
2010-05-25,7.387664795,8.757857323,8.812856674,8.470000267,8.548213959,1048006400
2010-05-26,7.354223251,8.718214035,9.00464344,8.705356598,8.931428909,850654000
2010-05-27,7.632592201,9.048213959,9.067500114,8.896785736,8.949999809,666282400
2010-05-28,7.738939285,9.174285889,9.264286041,9.048213959,9.263929367,815614800
2010-06-01,7.857942104,9.315357208,9.497857094,9.248571396,9.274642944,876472800
2010-06-02,7.951939106,9.426786423,9.45714283,9.297499657,9.447856903,688548000
2010-06-03,7.926933289,9.397143364,9.48392868,9.300356865,9.470713615,650106800
2010-06-04,7.711227894,9.141428947,9.353570938,9.093929291,9.221785545,758304400
2010-06-07,7.559988022,8.962142944,9.255356789,8.948213577,9.224642754,886942000
2010-06-08,7.511487961,8.904643059,9.064286232,8.77321434,9.044285774,1000770400
2010-06-09,7.326809406,8.685713768,8.996429443,8.660357475,8.981071472,854630000
2010-06-10,7.547036648,8.946785927,8.963570595,8.649999619,8.744285583,776356000
2010-06-11,7.637413502,9.053929329,9.066429138,8.834643364,8.865357399,545759200
2010-06-14,7.660610199,9.081428528,9.255356789,9.071785927,9.141428947,602960400
2010-06-15,7.823599815,9.274642944,9.280357361,9.125,9.130000114,585074000
2010-06-16,8.051358223,9.544643402,9.5625,9.308214188,9.324999809,783678000
2010-06-17,8.190540314,9.709643364,9.746429443,9.625,9.66428566,872855200
2010-06-18,8.256820679,9.78821373,9.821429253,9.693571091,9.723214149,784621600
2010-06-21,8.139326096,9.648928642,9.964642525,9.597499847,9.917499542,776490400
2010-06-22,8.250190735,9.780357361,9.856071472,9.696429253,9.720000267,717262000
2010-06-23,8.163426399,9.677499771,9.809286118,9.567856789,9.806428909,768457200
2010-06-24,8.104078293,9.607143402,9.757143021,9.574999809,9.678570747,714277200
2010-06-25,8.034790039,9.524999619,9.652500153,9.493213654,9.645000458,549942400
2010-06-28,8.082988739,9.58214283,9.633929253,9.447142601,9.533213615,584948000
2010-06-29,7.717555046,9.148928642,9.442500114,9.08214283,9.43285656,1133344800
2010-06-30,7.577763557,8.983214378,9.213213921,8.928929329,9.168213844,739452000
2010-07-01,7.485880852,8.874285698,9.100000381,8.686429024,9.08214283,1022896000
2010-07-02,7.439483166,8.819286346,8.96178627,8.685713768,8.946070671,693842800
2010-07-06,7.490398884,8.87964344,9.028571129,8.791428566,8.964285851,615235600
2010-07-07,7.792869091,9.238213539,9.241786003,8.919643402,8.946070671,654556000
2010-07-08,7.775393963,9.217499733,9.389286041,9.103214264,9.374285698,738144400
2010-07-09,7.821490765,9.272143364,9.282142639,9.112856865,9.174642563,433322400
2010-07-12,7.751296043,9.188928604,9.35178566,9.102143288,9.233214378,562878400
2010-07-13,7.585896969,8.992856979,9.157142639,8.801071167,9.154286385,1190924000
2010-07-14,7.613916397,9.026070595,9.135713577,8.892856598,8.906429291,812047600
2010-07-15,7.575354099,8.98035717,9.177499771,8.83214283,8.865357399,824866000
2010-07-16,7.528655529,8.925000191,9.106071472,8.871786118,9.042142868,1039858400
2010-07-19,7.398508549,8.770713806,8.924285889,8.557143211,8.924285889,1024478000
2010-07-20,7.588610172,8.996070862,9.032142639,8.571785927,8.675000191,1074950800
2010-07-21,7.659408092,9.079999924,9.469642639,9.071429253,9.467499733,1185671200
2010-07-22,7.803411007,9.250714302,9.285714149,9.118213654,9.202857018,645318800
2010-07-23,7.831130028,9.283571243,9.299285889,9.152856827,9.181785583,533388800
2010-07-26,7.811246395,9.260000229,9.28928566,9.203928947,9.285714149,420551600
2010-07-27,7.955854893,9.431428909,9.45714283,9.29642868,9.316785812,584771600
2010-07-28,7.861860752,9.319999695,9.499643326,9.294643402,9.416786194,519985200
2010-07-29,7.775998116,9.218214035,9.380356789,9.146429062,9.311071396,643806800
2010-07-30,7.750089169,9.1875,9.274999619,9.103570938,9.138929367,448210000
2010-08-02,7.888669968,9.35178566,9.378213882,9.272143364,9.301428795,428055600
2010-08-03,7.891082287,9.354642868,9.402142525,9.265000343,9.321785927,417653600
2010-08-04,7.922715664,9.39214325,9.438570976,9.296786308,9.387143135,420375200
2010-08-05,7.884152889,9.346428871,9.39928627,9.305356979,9.347499847,289097200
2010-08-06,7.83564949,9.288928986,9.338929176,9.201070786,9.277856827,444897600
2010-08-09,7.885658741,9.348214149,9.362500191,9.270357132,9.338570595,303128000
2010-08-10,7.815158367,9.264642715,9.301786423,9.198213577,9.280357361,451920000
2010-08-11,7.537393093,8.935357094,9.131786346,8.921786308,9.121429443,620054400
2010-08-12,7.585598469,8.992500305,9.03928566,8.789999962,8.810357094,534920400
2010-08-13,7.504558563,8.896429062,8.995714188,8.896071434,8.987500191,354869200
2010-08-16,7.460571766,8.844285965,8.928929329,8.80785656,8.842143059,318430000
2010-08-17,7.5910182,8.998929024,9.093929291,8.899999619,8.931428909,422640400
2010-08-18,7.624161243,9.03821373,9.095356941,8.984999657,9.012857437,339696000
2010-08-19,7.528057575,8.924285889,9.052857399,8.881428719,9.029999733,426706000
2010-08-20,7.520823479,8.915714264,9.068571091,8.892856598,8.906785965,384230000
2010-08-23,7.4051404,8.778571129,9,8.758929253,8.992500305,414041600
2010-08-24,7.22829628,8.568928719,8.678570747,8.52321434,8.666786194,602565600
2010-08-25,7.317471027,8.674642563,8.713929176,8.471428871,8.501428604,596867600
2010-08-26,7.238840103,8.581428528,8.776785851,8.581428528,8.76607132,466505200
2010-08-27,7.279210091,8.629285812,8.664643288,8.412857056,8.633929253,548391200
2010-08-30,7.30572176,8.660714149,8.776785851,8.595713615,8.598570824,383289200
2010-08-31,7.32379818,8.682143211,8.734286308,8.583929062,8.637499809,420786800
2010-09-01,7.541615009,8.940357208,8.980713844,8.795714378,8.838213921,697037600
2010-09-02,7.597045422,9.006071091,9.006071091,8.87749958,8.973570824,415427600
2010-09-03,7.795879364,9.241786003,9.242142677,9.089285851,9.110357285,520788800
2010-09-07,7.766958237,9.207500458,9.268928528,9.151785851,9.165714264,342557600
2010-09-08,7.920907497,9.390000343,9.442500114,9.253570557,9.277856827,526551200
2010-09-09,7.925427437,9.395357132,9.5185709,9.390000343,9.465714455,438575200
2010-09-10,7.93567276,9.407500267,9.446429253,9.33571434,9.399642944,387542400
2010-09-13,8.045032501,9.537142754,9.581428528,9.491429329,9.493571281,388780000
2010-09-14,8.075760841,9.573571205,9.613213539,9.48285675,9.507499695,408150400
2010-09-15,8.140832901,9.650713921,9.656429291,9.565713882,9.577500343,429368800
2010-09-16,8.332136154,9.87749958,9.881071091,9.625,9.651429176,652103200
2010-09-17,8.295985222,9.834643364,9.927143097,9.77428627,9.917499542,634477200
2010-09-20,8.532782555,10.1153574,10.13500023,9.85178566,9.859999657,658677600
2010-09-21,8.549049377,10.1346426,10.26249981,10.09964275,10.13785744,668074400
2010-09-22,8.668952942,10.27678585,10.28499985,10.08607101,10.09678555,585289600
2010-09-23,8.704201698,10.31857109,10.45571423,10.21428585,10.22607136,786116800
2010-09-24,8.806630135,10.43999958,10.48321438,10.37678623,10.43214321,649488000
2010-09-27,8.771684647,10.39857101,10.52607059,10.39321423,10.4992857,482834800
2010-09-28,8.642142296,10.24499989,10.42035675,9.821429253,10.42035675,1035042400
2010-09-29,8.657504082,10.26321411,10.35035706,10.21428585,10.258214,469644000
2010-09-30,8.548446655,10.13392925,10.3571434,10.0446434,10.32142925,673391600
2010-10-01,8.511392593,10.09000015,10.23499966,10.04821396,10.21964264,448142800
2010-10-04,8.394500732,9.951429367,10.10357094,9.92035675,10.05714321,435302000
2010-10-05,8.70480442,10.31928635,10.33749962,10.06499958,10.07142925,501967200
2010-10-06,8.712337494,10.32821369,10.42821407,10.18785667,10.34249973,670868800
2010-10-07,8.71323967,10.32928562,10.3742857,10.24678612,10.36928558,408399600
2010-10-08,8.859351158,10.50249958,10.5178566,10.3571434,10.41821384,658403200
2010-10-11,8.898216248,10.54857063,10.61571407,10.52142906,10.52642918,427753200
2010-10-12,8.994019508,10.66214275,10.69642925,10.44607067,10.55035686,558544000
2010-10-13,9.042222023,10.71928596,10.78428555,10.70714283,10.72142887,630092400
2010-10-14,9.107598305,10.79678631,10.80249977,10.72857094,10.77464294,435296400
2010-10-15,9.48207283,11.24071407,11.25,10.88964272,10.97999954,922194000
2010-10-18,9.58028698,11.3571434,11.3928566,11.22464275,11.37392902,1093010800
2010-10-19,9.323905945,11.05321407,11.2060709,10.71500015,10.83571434,1232784000
2010-10-20,9.355238914,11.09035683,11.22321415,10.95964336,11.03571415,721624400
2010-10-21,9.324810982,11.054286,11.24071407,10.95714283,11.15571404,551460000
2010-10-22,9.263056755,10.98107147,11.0728569,10.93928623,11.03821373,372778000
2010-10-25,9.304325104,11.02999973,11.12857056,11.01571369,11.03892899,392462000
2010-10-26,9.280527115,11.00178623,11.06214333,10.91607094,10.95964336,392929600
2010-10-27,9.273895264,10.99392891,11.06785679,10.91428566,10.98750019,399002800
2010-10-28,9.195869446,10.90142918,11,10.74642944,10.99821377,551051200
2010-10-29,9.067529678,10.7492857,10.92428589,10.74535656,10.8653574,430511200
2010-11-01,9.163935661,10.86357117,10.91428566,10.79285717,10.79357147,423889200
2010-11-02,9.319989204,11.04857063,11.07821369,10.96428585,10.96428585,433930000
2010-11-03,9.423630714,11.17142868,11.17428589,11.01892853,11.12035656,508348400
2010-11-04,9.588421822,11.366786,11.43500042,11.25107098,11.26607132,642488000
2010-11-05,9.554077148,11.32607079,11.41321373,11.3125,11.35678577,361253200
2010-11-08,9.598960876,11.37928581,11.42035675,11.31285667,11.32857132,281758400
2010-11-09,9.52244091,11.28857136,11.47500038,11.2321434,11.46607113,383544000
2010-11-10,9.581192017,11.35821438,11.3846426,11.19821358,11.30857086,384227200
2010-11-11,9.539613724,11.30892944,11.37142944,11.22321415,11.25,361284000
2010-11-12,9.279924393,11.00107098,11.30357075,10.84392929,11.28571415,795846800
2010-11-15,9.250100136,10.96571445,11.09071445,10.9382143,11.01642895,403606000
2010-11-16,9.085906029,10.77107143,10.98571396,10.68999958,10.91857147,657650000
2010-11-17,9.053070068,10.7321434,10.85678577,10.63428593,10.75714302,479449600
2010-11-18,9.291973114,11.01535702,11.05964279,10.88178635,10.89999962,494491200
2010-11-19,9.240757942,10.95464325,11.01428604,10.90142918,10.99892902,384843200
2010-11-22,9.440496445,11.19142914,11.19142914,10.92392921,10.95285702,393075200
2010-11-23,9.301012039,11.02607059,11.13392925,10.94857121,11.08749962,519447600
2010-11-24,9.483879089,11.24285698,11.26428604,11.13392925,11.1428566,413725200
2010-11-26,9.489908218,11.25,11.34642887,11.17642879,11.20499992,237585600
2010-11-29,9.546245575,11.31678581,11.33857059,11.12071419,11.2678566,445785200
2010-11-30,9.373924255,11.11250019,11.22714329,11.10249996,11.1978569,501858000
2010-12-01,9.532079697,11.30000019,11.34821415,11.25,11.2596426,461750800
2010-12-02,9.584806442,11.36250019,11.3928566,11.24607086,11.34035683,462837200
2010-12-03,9.563418388,11.33714294,11.38035679,11.29785728,11.32178593,342092800
2010-12-06,9.645058632,11.43392944,11.51178646,11.37214279,11.38000011,448481600
2010-12-07,9.586611748,11.3646431,11.57107067,11.36142921,11.56428623,391454000
2010-12-08,9.670968056,11.46464252,11.46500015,11.32535744,11.41535664,321935600
2010-12-09,9.63330555,11.42000008,11.5178566,11.3935709,11.50464344,294151200
2010-12-10,9.657411575,11.44857121,11.46607113,11.37857056,11.41607094,262511200
2010-12-13,9.690848351,11.48821354,11.60928631,11.46428585,11.58464336,439815600
2010-12-14,9.649273872,11.4389286,11.51928616,11.3928566,11.4903574,351008000
2010-12-15,9.651385307,11.44142914,11.53571415,11.39964294,11.42857075,417312000
2010-12-16,9.678197861,11.47321415,11.52178574,11.43214321,11.46749973,322030800
2010-12-17,9.658917427,11.45035744,11.49250031,11.4367857,11.48678589,386929200
2010-12-20,9.707120895,11.50749969,11.5446434,11.3653574,11.48571396,385610400
2010-12-21,9.76707077,11.57857132,11.58535671,11.50178623,11.53571415,256354000
2010-12-22,9.795995712,11.61285686,11.63285732,11.55535698,11.58428574,265921600
2010-12-23,9.748994827,11.55714321,11.61250019,11.54178619,11.6071434,223157200
2010-12-27,9.781531334,11.59571362,11.62285709,11.48285675,11.53035736,249816000
2010-12-28,9.805332184,11.62392902,11.66642857,11.60928631,11.63964272,175924000
2010-12-29,9.799905777,11.61750031,11.65892887,11.61071396,11.65071392,163139200
2010-12-30,9.750803947,11.55928612,11.62535667,11.53750038,11.6242857,157494400
2010-12-31,9.717663765,11.52000046,11.5528574,11.47535706,11.53392887,193508000
2011-01-03,9.928853989,11.77035713,11.79500008,11.60142899,11.63000011,445138400
2011-01-04,9.980669975,11.83178616,11.875,11.71964264,11.87285709,309080800
2011-01-05,10.06231213,11.92857075,11.94071388,11.7678566,11.76964283,255519600
2011-01-06,10.05417824,11.9189291,11.97321415,11.88928604,11.95428562,300428800
2011-01-07,10.12618351,12.00428581,12.01249981,11.85357094,11.92821407,311931200
2011-01-10,10.31688118,12.23035717,12.258214,12.04178619,12.10107136,448560000
2011-01-11,10.29247952,12.20142937,12.31999969,12.12392902,12.31714344,444108000
2011-01-12,10.37623405,12.30071354,12.30107117,12.21428585,12.25892925,302590400
2011-01-13,10.41419315,12.34571362,12.38000011,12.28035736,12.32714272,296780400
2011-01-14,10.4985466,12.445714,12.445714,12.30142879,12.35321426,308840000
2011-01-18,10.2626543,12.16607094,12.31285667,11.6428566,11.7685709,1880998000
2011-01-19,10.20812702,12.10142899,12.44999981,12.03142929,12.44107056,1135612800
2011-01-20,10.02254868,11.88142872,12.08214283,11.78999996,12.01535702,764789200
2011-01-21,9.842989922,11.66857147,11.96000004,11.66535664,11.92035675,754401200
2011-01-24,10.16625118,12.05178642,12.05178642,11.66857147,11.67392921,574683200
2011-01-25,10.28525066,12.19285679,12.19428635,11.94892883,12.01178646,546868000
2011-01-26,10.35906219,12.28035736,12.34285736,12.19642925,12.2485714,506875600
2011-01-27,10.33978176,12.25749969,12.31035709,12.24392891,12.27785683,285026000
2011-01-28,10.12557888,12.00357056,12.30000019,11.91178608,12.29178619,592057200
2011-01-31,10.22258568,12.11857128,12.14428616,11.93928623,11.99285698,377246800
2011-02-01,10.39460945,12.32250023,12.34464264,12.1778574,12.18928623,426633200
2011-02-02,10.37321854,12.29714298,12.3303566,12.26964283,12.30178642,258955200
2011-02-03,10.3467083,12.26571369,12.29428577,12.09107113,12.27857113,393797600
2011-02-04,10.43889713,12.375,12.38214302,12.26821423,12.27285671,321840400
2011-02-07,10.6009798,12.56714344,12.61607075,12.41571426,12.42464256,485021600
2011-02-08,10.7009964,12.68571377,12.6971426,12.57678604,12.63142872,381040800
2011-02-09,10.79017353,12.79142857,12.82142925,12.67392921,12.68535709,482745200
2011-02-10,10.68111706,12.66214275,12.8571434,12.42857075,12.76392937,928550000
2011-02-11,10.75070763,12.74464321,12.77857113,12.6264286,12.6696434,367572800
2011-02-14,10.82090378,12.82785702,12.83857059,12.7396431,12.74250031,310416400
2011-02-15,10.84259224,12.85357094,12.85607147,12.76964283,12.82821369,284174800
2011-02-16,10.93990517,12.96892929,13.03214264,12.875,12.88571358,481157600
2011-02-17,10.79439163,12.79642868,12.866786,12.73285675,12.75892925,530583200
2011-02-18,10.56120872,12.52000046,12.83928585,12.48285675,12.8110714,816057200
2011-02-22,10.20119858,12.09321404,12.33571434,12.06142902,12.21964264,872555600
2011-02-23,10.32200527,12.23642921,12.30857086,12.09321404,12.09892941,671854400
2011-02-24,10.32983971,12.24571419,12.32678604,12.08464336,12.28642941,499900800
2011-02-25,10.48890686,12.43428612,12.44392872,12.31428623,12.33071423,380018800
2011-02-28,10.64104652,12.6146431,12.68035698,12.53999996,12.54428577,403074000
2011-03-01,10.52355385,12.47535706,12.70428562,12.41714287,12.69535732,456136800
2011-03-02,10.60820675,12.57571411,12.65535736,12.44285679,12.4985714,602590800
2011-03-03,10.83235455,12.84142876,12.84964275,12.71142864,12.75678635,500788400
2011-03-04,10.84560585,12.8571434,12.86750031,12.77678585,12.85964298,453266800
2011-03-07,10.70582008,12.69142914,12.91678619,12.54678631,12.90714264,546123200
2011-03-08,10.7178688,12.70571423,12.76428604,12.5803566,12.67535686,356316800
2011-03-09,10.61875343,12.58821392,12.67000008,12.52142906,12.66749954,453306000
2011-03-10,10.44402027,12.38107109,12.491786,12.31785679,12.46857071,507539200
2011-03-11,10.60429001,12.57107067,12.58285713,12.32142925,12.33321381,471080400
2011-03-14,10.65158749,12.62714291,12.7314291,12.54678631,12.61357117,435957200
2011-03-15,10.40666199,12.33678627,12.42285728,12.14642906,12.21785736,721081200
2011-03-16,9.942107201,11.78607082,12.25,11.65214252,12.21428585,1162011200
2011-03-17,10.08159447,11.95142937,12.12892914,11.80928612,12.02964306,659422400
2011-03-18,9.961990356,11.80964279,12.07857132,11.78571415,12.04035664,753214000
2011-03-21,10.22198582,12.11785698,12.13357067,11.97357082,11.99964333,409402000
2011-03-22,10.27922344,12.18571377,12.23642921,12.11214256,12.23428631,325922800
2011-03-23,10.21866989,12.11392879,12.15071392,11.99821377,12.11714268,372996400
2011-03-24,10.39280319,12.32035732,12.3571434,12.10214329,12.20892906,404712000
2011-03-25,10.59073544,12.55500031,12.57357121,12.3935709,12.43107128,448910000
2011-03-28,10.5575943,12.51571369,12.65428638,12.51571369,12.61250019,309355200
2011-03-29,10.57326221,12.53428555,12.53428555,12.35928631,12.41642857,352900800
2011-03-30,10.50306606,12.45107079,12.53142929,12.40857124,12.52285671,329406000
2011-03-31,10.49944878,12.44678593,12.49285698,12.35928631,12.36999989,274019200
2011-04-01,10.3804493,12.30571365,12.55678558,12.26071358,12.53964329,418661600
2011-04-04,10.27892113,12.18535709,12.30714321,12.08571434,12.29678631,460084800
2011-04-05,10.20963383,12.10321426,12.22321415,12,12.03535748,482731200
2011-04-06,10.18402576,12.0728569,12.28214264,12.04071426,12.18642902,402539200
2011-04-07,10.1852293,12.07428646,12.15821362,12.00107098,12.07499981,373447200
2011-04-08,10.09424877,11.96642876,12.14821434,11.92678642,12.14000034,377535200
2011-04-11,9.965909958,11.81428623,11.98821354,11.78642941,11.93071365,398946800
2011-04-12,10.01410961,11.87142944,11.9189291,11.79285717,11.80321407,425639200
2011-04-13,10.12648201,12.00464344,12.00500011,11.8757143,11.96500015,346220000
2011-04-14,10.01470852,11.87214279,12,11.85928631,11.95714283,301800800
2011-04-15,9.865287781,11.69499969,11.91571426,11.67142868,11.90357113,453605600
2011-04-18,9.99753952,11.85178566,11.8653574,11.43428612,11.64642906,609898800
2011-04-19,10.17860413,12.06642914,12.070714,11.84678555,11.89642906,419378400
2011-04-20,10.31567955,12.22892857,12.34821415,12.19642925,12.26821423,700666400
2011-04-21,10.56542683,12.52499962,12.68321419,12.4471426,12.67857075,753810400
2011-04-25,10.63502121,12.60750008,12.63392925,12.51071358,12.51214314,266546000
2011-04-26,10.55699539,12.51500034,12.67821407,12.47678566,12.62928581,338800000
2011-04-27,10.54885769,12.50535679,12.58392906,12.39642906,12.57999992,356213200
2011-04-28,10.4464283,12.38392925,12.49107075,12.34000015,12.36392879,360959200
2011-04-29,10.54825878,12.50464344,12.64107132,12.38107109,12.38500023,1006345200
2011-05-02,10.43226624,12.36714268,12.51678562,12.33928585,12.49071407,442713600
2011-05-03,10.4901123,12.43571377,12.49607086,12.34357071,12.42821407,313348000
2011-05-04,10.53138542,12.48464298,12.56535721,12.38857079,12.43785667,389250400
2011-05-05,10.4464283,12.38392925,12.53392887,12.35892868,12.44285679,335969200
2011-05-06,10.44371414,12.38071442,12.5,12.3646431,12.48892879,280134400
2011-05-09,10.4720335,12.41428566,12.47142887,12.37607098,12.42357063,204747200
2011-05-10,10.52776909,12.48035717,12.48892879,12.38071442,12.46035671,282091600
2011-05-11,10.46088791,12.40107059,12.5,12.32999992,12.46500015,336000000
2011-05-12,10.44100571,12.37749958,12.39714336,12.22392941,12.36142921,322000000
2011-05-13,10.2581358,12.16071415,12.36607075,12.15535736,12.34500027,326116000
2011-05-16,10.04122448,11.90357113,12.18642902,11.87857056,12.11428642,449775200
2011-05-17,10.12678242,12.00500011,12.00500011,11.8117857,11.8571434,452334400
2011-05-18,10.23915863,12.13821411,12.18035698,12,12.01678562,334776400
2011-05-19,10.25903988,12.16178608,12.22892857,12.09535694,12.21714306,261170000
2011-05-20,10.09906578,11.97214317,12.17678642,11.96500015,12.12714291,337968400
2011-05-23,10.07436752,11.94285679,11.9992857,11.76500034,11.78464317,383600000
2011-05-24,10.0077858,11.86392879,11.99642944,11.83357143,11.9821434,321927200
2011-05-25,10.14606667,12.02785683,12.09142876,11.88749981,11.90821362,294224000
2011-05-26,10.09243965,11.96428585,12.03178596,11.94392872,11.99892902,222560800
2011-05-27,10.16504574,12.05035686,12.05821419,11.93964291,11.95714283,203599200
2011-05-31,10.47896481,12.42249966,12.42249966,12.17857075,12.18214321,417754400
2011-06-01,10.40907001,12.33964252,12.57607079,12.30892944,12.45964336,554682800
2011-06-02,10.42684937,12.36071396,12.4278574,12.29642868,12.375,338783200
2011-06-03,10.3467083,12.26571369,12.33321381,12.21464252,12.25642872,313250000
2011-06-06,10.18402576,12.0728569,12.39464283,12.06464291,12.34642887,461941200
2011-06-07,10.00326443,11.85857105,12.07928562,11.85357094,12.07750034,529785200
2011-06-08,10.00928879,11.86571407,11.95714283,11.80892944,11.84928608,333723600
2011-06-09,9.986696243,11.83892918,11.91678619,11.8125,11.90178585,275088800
2011-06-10,9.818285942,11.63928604,11.84500027,11.62535667,11.80535698,433955200
2011-06-13,9.839373589,11.66428566,11.72535706,11.60964298,11.68571377,329473200
2011-06-14,10.01531219,11.87285709,11.90178585,11.76107121,11.78571415,334569200
2011-06-15,9.843894958,11.6696434,11.79642868,11.60285664,11.77678585,399196000
2011-06-16,9.795995712,11.61285686,11.73857117,11.36892891,11.67500019,510591200
2011-06-17,9.648373604,11.43785667,11.75892925,11.40571404,11.74964333,615020000
2011-06-20,9.499548912,11.26142883,11.34642887,11.08928585,11.33428574,640645600
2011-06-21,9.80021286,11.61785698,11.63571358,11.25714302,11.31000042,493382400
2011-06-22,9.719172478,11.52178574,11.74642944,11.51357079,11.61285686,390583200
2011-06-23,9.978863716,11.82964325,11.84607124,11.36142921,11.39071369,559759200
2011-06-24,9.831843376,11.65535736,11.89821434,11.61035728,11.83464336,439807200
2011-06-27,10.00326443,11.85857105,11.92500019,11.6875,11.69964314,339813600
2011-06-28,10.10027313,11.97357082,12.02499962,11.90857124,11.91607094,294299600
2011-06-29,10.06351948,11.93000031,12.01321411,11.85285664,12.0014286,352545200
2011-06-30,10.11262417,11.98821354,12.00464344,11.88714314,11.95357132,322954800
2011-07-01,10.34128284,12.25928593,12.2678566,11.93571377,11.99821377,435313200
2011-07-05,10.52716637,12.47964287,12.49392891,12.2321434,12.25,355054000
2011-07-06,10.59736443,12.56285667,12.64642906,12.38249969,12.46249962,444626000
2011-07-07,10.76125336,12.75714302,12.78571415,12.6428566,12.66678619,399663600
2011-07-08,10.83686924,12.84678555,12.8571434,12.57857132,12.61928558,489633200
2011-07-11,10.66484547,12.6428566,12.84892941,12.60071373,12.72642899,442674400
2011-07-12,10.65731716,12.63392925,12.77428627,12.45071411,12.62607098,451609200
2011-07-13,10.78595543,12.78642941,12.8571434,12.72785664,12.79749966,391638800
2011-07-14,10.77842426,12.77750015,12.91464329,12.72642899,12.89321423,430533600
2011-07-15,10.99382591,13.03285694,13.03571415,12.82750034,12.89892864,484467200
2011-07-18,11.2613554,13.35000038,13.38035679,13.04571438,13.05107117,572653200
2011-07-19,11.35324287,13.45892906,13.52321434,13.33285713,13.5,819145600
2011-07-20,11.65601254,13.81785679,14.15250015,13.78571415,14.14714336,941340400
2011-07-21,11.66776466,13.83178616,13.93071365,13.71071434,13.81964302,526534400
2011-07-22,11.84882832,14.04642868,14.10892868,13.84821415,13.86857128,516728800
2011-07-25,12.00548363,14.2321434,14.28571415,13.91499996,13.94107056,589806000
2011-07-26,12.15340614,14.40750027,14.44642925,14.27428627,14.28571415,476582400
2011-07-27,11.82743359,14.02107143,14.38000011,14.00535679,14.30678558,659324400
2011-07-28,11.80424213,13.99357128,14.17821407,13.86178589,13.98642921,594034000
2011-07-29,11.76386833,13.945714,14.11250019,13.71428585,13.84428596,632584400
2011-08-01,11.95276451,14.1696434,14.2678566,14.01321411,14.20642853,612836000
2011-08-02,11.71656895,13.88964272,14.21071434,13.86964321,14.20178604,639539600
2011-08-03,11.82683372,14.02035713,14.05535698,13.65142918,13.96357059,732508000
2011-08-04,11.36890697,13.47749996,13.97571373,13.47678566,13.90750027,871407600
2011-08-05,11.25592899,13.34357071,13.69642925,12.94892883,13.58714294,1204590800
2011-08-08,10.64104652,12.6146431,13.1346426,12.60785675,12.91749954,1143833600
2011-08-09,11.26768208,13.35750008,13.37892914,12.67857075,12.90357113,1082583600
2011-08-10,10.95677471,12.98892879,13.38035679,12.94642925,13.25535679,878656800
2011-08-11,11.2583456,13.34642887,13.40892887,13.02571392,13.23285675,741969200
2011-08-12,11.35746002,13.46392918,13.55857086,13.3653574,13.50249958,528976000
2011-08-15,11.55087376,13.69321442,13.74892902,13.50321388,13.55821419,460544000
2011-08-16,11.46260071,13.58857059,13.69178581,13.43071365,13.6257143,498750000
2011-08-17,11.46139812,13.58714294,13.73285675,13.5,13.65392876,442061200
2011-08-18,11.02787495,13.07321358,13.30892944,12.90607071,13.24428558,851435200
2011-08-19,10.72600174,12.71535683,13.1071434,12.71428585,12.93464279,775888400
2011-08-22,10.73835564,12.72999954,13.03142929,12.68178558,13.01821423,535315200
2011-08-23,11.25532818,13.34285736,13.34428596,12.75,12.86785698,656835200
2011-08-24,11.33305454,13.43500042,13.53428555,13.23571396,13.33821392,626267600
2011-08-25,11.25894451,13.34714317,13.40892887,13.03571415,13.03857136,871346000
2011-08-26,11.55599403,13.69928646,13.70714283,13.24285698,13.25607109,641477200
2011-08-29,11.74850178,13.92749977,13.9821434,13.8571434,13.86357117,405269200
2011-08-30,11.74910641,13.92821407,13.99428558,13.79321384,13.86607075,417922400
2011-08-31,11.59364891,13.74392891,14.00285721,13.63785744,13.94892883,522586400
2011-09-01,11.47917461,13.60821438,13.83357143,13.59714317,13.77928638,343725200
2011-09-02,11.26888657,13.35892868,13.5,13.27964306,13.38357067,438939200
2011-09-06,11.44030666,13.56214333,13.58321381,13.08857059,13.12035656,509698000
2011-09-07,11.5665369,13.71178627,13.77142906,13.6428566,13.77000046,350576800
2011-09-08,11.57286739,13.71928596,13.87892914,13.65392876,13.65714264,416158400
2011-09-09,11.37222099,13.4814291,13.78571415,13.3935709,13.71178627,564813200
2011-09-12,11.44633102,13.56928635,13.60285664,13.28214264,13.32142925,467832400
2011-09-13,11.5873251,13.73642921,13.79321384,13.5803566,13.64785671,440560400
2011-09-14,11.72831631,13.90357113,14.00749969,13.77714252,13.8221426,534724400
2011-09-15,11.83857822,14.03428555,14.05928612,13.92500019,13.97964287,417818800
2011-09-16,12.06573772,14.30357075,14.30357075,14.10821438,14.1264286,698513200
2011-09-19,12.40104675,14.70107079,14.758214,14.11428642,14.17857075,823860800
2011-09-20,12.45587635,14.76607132,15.10214329,14.68535709,14.8303566,775754000
2011-09-21,12.41641331,14.71928596,15.05678558,14.71428585,14.98714256,605976000
2011-09-22,12.10550499,14.35071373,14.63642883,14.16785717,14.32250023,968480800
2011-09-23,12.18021965,14.43928623,14.52642918,14.28035736,14.29571438,546277200
2011-09-26,12.14617443,14.39892864,14.4278574,13.97500038,14.28071404,812876400
2011-09-27,12.02838039,14.25928593,14.61607075,14.21642876,14.59749985,632497600
2011-09-28,11.96059608,14.17892933,14.41928577,14.16107082,14.29249954,429637600
2011-09-29,11.76657963,13.94892883,14.3646431,13.79321384,14.35428619,651086800
2011-09-30,11.48790836,13.61857128,13.88892937,13.61357117,13.82571411,547640800
2011-10-03,11.2854557,13.37857056,13.66571426,13.32750034,13.58464336,669099200
2011-10-04,11.22219181,13.30357075,13.63571358,12.65142918,13.37749958,1233677200
2011-10-05,11.39542007,13.50892925,13.56499958,12.86785698,13.13785744,786469600
2011-10-06,11.36890697,13.47749996,13.74214268,13.27857113,13.33321381,812582400
2011-10-07,11.14084816,13.20714283,13.49071407,13.16035748,13.42071438,535458000
2011-10-10,11.71355438,13.88607121,13.88607121,13.50749969,13.53892899,442514800
2011-10-11,12.0594101,14.29607105,14.39928627,13.9821434,14.02035713,605687600
2011-10-12,12.11665249,14.36392879,14.61607075,14.29071426,14.54785728,622286000
2011-10-13,12.30463982,14.58678627,14.58678627,14.38749981,14.46357059,426185200
2011-10-14,12.71346664,15.07142925,15.07142925,14.8310709,14.88678646,573367200
2011-10-17,12.65290833,14.99964333,15.23928642,14.85499954,15.06214333,686044800
2011-10-18,12.72069263,15.07999992,15.17178631,14.85678577,15.06285667,881602400
2011-10-19,12.00910091,14.23642921,14.58642864,14.20714283,14.33392906,1104059600
2011-10-20,11.90938091,14.11821365,14.29821396,14.07892895,14.28571415,549270400
2011-10-21,11.83586788,14.03107071,14.25500011,13.9553566,14.21785736,621244400
2011-10-24,12.22450542,14.491786,14.5178566,14.12142944,14.14928627,502138000
2011-10-25,11.98349094,14.2060709,14.51964283,14.19214344,14.46535683,430427200
2011-10-26,12.06874943,14.30714321,14.37678623,14.04107094,14.34857082,456304800
2011-10-27,12.19196987,14.45321369,14.6071434,14.35321426,14.55571365,494664800
2011-10-28,12.19979954,14.46249962,14.51249981,14.37535667,14.3928566,322842800
2011-10-31,12.19467926,14.45642853,14.61892891,14.32321358,14.37214279,385501200
2011-11-01,11.94553089,14.16107082,14.2678566,14.04357147,14.19321442,531790000
2011-11-02,11.97264481,14.19321442,14.30142879,14.11107063,14.28892899,327350800
2011-11-03,12.14316368,14.39535713,14.40714264,14.11999989,14.25249958,441386400
2011-11-04,12.05790138,14.29428577,14.40857124,14.25571442,14.35821438,302229200
2011-11-07,12.04254055,14.27607059,14.28571415,14.14750004,14.28250027,270275600
2011-11-08,12.23836231,14.508214,14.57142925,14.34142876,14.3646431,400442000
2011-11-09,11.90847492,14.11714268,14.31750011,14.07964325,14.17749977,558684000
2011-11-10,11.60540104,13.75785732,14.1860714,13.64821434,14.17964268,744752400
2011-11-11,11.5873251,13.73642921,13.88214302,13.58071423,13.80749989,653786000
2011-11-14,11.4258461,13.54500008,13.75892925,13.50714302,13.6971426,432905200
2011-11-15,11.71415806,13.88678646,13.91071415,13.55178642,13.60000038,430810800
2011-11-16,11.59184361,13.741786,13.96928596,13.72571373,13.90178585,349210400
2011-11-17,11.37011337,13.47892857,13.73499966,13.41071415,13.71357059,479900400
2011-11-18,11.29569721,13.39071369,13.57107067,13.38857079,13.53285694,371938000
2011-11-21,11.11704922,13.17892933,13.27428627,13.06821442,13.22857094,447980400
2011-11-22,11.34299564,13.44678593,13.49750042,13.24785709,13.2507143,409021200
2011-11-23,11.05619144,13.10678577,13.42285728,13.10285664,13.37535667,428271200
2011-11-25,10.95316124,12.98464298,13.25535679,12.97571373,13.15785694,254760800
2011-11-28,11.33124733,13.43285656,13.45428562,13.22607136,13.29821396,346413200
2011-11-29,11.24327564,13.32857132,13.52964306,13.22142887,13.42285728,375855200
2011-11-30,11.51441669,13.64999962,13.65285683,13.51071358,13.61750031,405938400
2011-12-01,11.687047,13.85464287,13.8928566,13.59821415,13.66214275,387181200
2011-12-02,11.74036694,13.91785717,14.05821419,13.87785721,13.92249966,379055600
2011-12-05,11.8400898,14.03607082,14.15750027,13.94250011,14.05321407,357210000
2011-12-06,11.77802753,13.96249962,14.09392929,13.90642929,14.01821423,283598000
2011-12-07,11.72199059,13.89607143,13.96214294,13.81285667,13.92607117,304746400
2011-12-08,11.76929188,13.95214272,14.125,13.9367857,13.98035717,376356400
2011-12-09,11.85846519,14.05785656,14.0728569,13.96535683,14.03035736,296993200
2011-12-12,11.804842,13.99428558,14.06785679,13.90892887,13.98857117,301067200
2011-12-13,11.71355438,13.88607121,14.12142944,13.82499981,14.03571415,338928800
2011-12-14,11.4538641,13.57821369,13.83500004,13.48857117,13.81071377,406887600
2011-12-15,11.41620922,13.53357124,13.70499992,13.51107121,13.69035721,256200000
2011-12-16,11.47886753,13.60785675,13.71964264,13.55607128,13.58428574,421478400
2011-12-19,11.51471806,13.65035725,13.74464321,13.58857059,13.65964317,235530400
2011-12-20,11.92865658,14.14107132,14.14642906,13.83071423,13.84857082,337215200
2011-12-21,11.94373035,14.15892887,14.18928623,14.00035667,14.16749954,262948000
2011-12-22,12.00698853,14.23392868,14.25464344,14.14642906,14.17857075,202358800
2011-12-23,12.15099716,14.40464306,14.41392899,14.26749992,14.27464294,269399200
2011-12-27,12.24740219,14.51892853,14.61035728,14.3935709,14.39642906,265076000
2011-12-28,12.13020706,14.38000011,14.5803566,14.33357143,14.53178596,228662000
2011-12-29,12.20492268,14.46857071,14.48750019,14.30392933,14.40714264,215978000
2011-12-30,12.20130253,14.46428585,14.51000023,14.41035748,14.41107082,179662000
2012-01-03,12.38899612,14.6867857,14.7321434,14.6071434,14.62142944,302220800
2012-01-04,12.45557785,14.76571369,14.81000042,14.61714268,14.6428566,260022000
2012-01-05,12.59385681,14.92964268,14.94821358,14.73821354,14.81964302,271269600
2012-01-06,12.7255106,15.08571434,15.09821415,14.97214317,14.991786,318292800
2012-01-09,12.70532513,15.0617857,15.27678585,15.04821396,15.19642925,394024400
2012-01-10,12.75081825,15.11571407,15.21428585,15.05357075,15.21107101,258196400
2012-01-11,12.73003101,15.09107113,15.10178566,14.97535706,15.09571362,215084800
2012-01-12,12.69508362,15.04964256,15.10357094,14.9553566,15.08142853,212587200
2012-01-13,12.64748287,14.99321365,15.01607132,14.95214272,14.98928642,226021600
2012-01-17,12.79480171,15.16785717,15.21392918,15.10571384,15.14999962,242897200
2012-01-18,12.92766094,15.32535744,15.33821392,15.22500038,15.2485714,276791200
2012-01-19,12.88669109,15.27678585,15.40607071,15.23250008,15.36250019,261738400
2012-01-20,12.66224098,15.01071358,15.2678566,14.99107075,15.26749992,413974400
2012-01-23,12.87644672,15.26464272,15.30178642,15.08214283,15.09535694,306062400
2012-01-24,12.66556168,15.01464272,15.18214321,14.98392868,15.18214321,547638000
2012-01-25,13.45638371,15.95214272,16.23035622,15.84749985,16.22999954,958314000
2012-01-26,13.39522839,15.87964344,16.0282135,15.82642937,16.01285744,323985200
2012-01-27,13.47506332,15.97428608,16.01714325,15.84892941,15.86928558,299709200
2012-01-30,13.64768982,16.17892838,16.21071434,15.90678596,15.91821384,379341200
2012-01-31,13.75223255,16.30285645,16.36571312,16.18107033,16.27107048,391683600
2012-02-01,13.74349308,16.29249954,16.39249992,16.26964378,16.37178612,270046000
2012-02-02,13.71125793,16.25428581,16.32749939,16.21357155,16.28214264,186796400
2012-02-03,13.84863663,16.41714287,16.4285717,16.27000046,16.33214378,286599600
2012-02-06,13.97787952,16.57035637,16.60642815,16.36428642,16.37071419,249412800
2012-02-07,14.12429714,16.74392891,16.7767868,16.59214211,16.6160717,316223600
2012-02-08,14.3607893,17.02428627,17.0282135,16.77499962,16.8035717,407890000
2012-02-09,14.85757828,17.61321449,17.7410717,17.16285706,17.17000008,884214800
2012-02-10,14.86510849,17.62214279,17.77214241,17.44821358,17.5342865,631302000
2012-02-13,15.14167118,17.95000076,17.99392891,17.75321388,17.84035683,517216000
2012-02-14,15.34833622,18.19499969,18.19857025,17.9285717,18.02357101,460398400
2012-02-15,14.99314404,17.7739296,18.7960701,17.74607086,18.36642838,1506120000
2012-02-16,15.12992287,17.9360714,18.03178596,17.37964249,17.5535717,944552000
2012-02-17,15.12720871,17.93285751,18.13464355,17.86785698,17.96821404,535805200
2012-02-21,15.51072121,18.38750076,18.38750076,18.00428581,18.10285759,605595200
2012-02-22,15.45619774,18.3228569,18.41035652,18.18107033,18.32428551,483302400
2012-02-23,15.55711746,18.44249916,18.49392891,18.1964283,18.39571381,568027600
2012-02-24,15.73848724,18.65749931,18.67499924,18.52285767,18.55964279,415072000
2012-02-27,15.83940983,18.77714348,18.875,18.43857193,18.61821365,547582000
2012-02-28,16.13012695,19.12178612,19.12178612,18.78035736,18.8557148,600387200
2012-02-29,16.34192085,19.37285614,19.55750084,19.13214302,19.34142876,952011200
2012-03-01,16.40307426,19.44535637,19.5789299,19.24178505,19.57749939,683270000
2012-03-02,16.42446327,19.47071457,19.52857018,19.37571335,19.43714333,431712400
2012-03-05,16.06233597,19.04142952,19.55285645,18.7857132,19.47928619,809124400
2012-03-06,15.97498035,18.93785667,19.06035614,18.43642807,18.70214272,810238800
2012-03-07,15.98793411,18.95321465,19.20642853,18.68928528,19.17142868,798520800
2012-03-08,16.3283596,19.35678673,19.39249992,19.00428581,19.09607124,516457200
2012-03-09,16.42416,19.47035789,19.56214333,19.39678574,19.4360714,418919200
2012-03-12,16.62992477,19.7142868,19.7142868,19.5357132,19.60642815,407282400
2012-03-13,17.11497116,20.28928566,20.29214287,19.8482132,19.91214371,690855200
2012-03-14,17.76209831,21.05642891,21.23999977,20.54999924,20.64464378,1418844000
2012-03-15,17.64097595,20.91285706,21.42892838,20.66250038,21.41464233,1159718000
2012-03-16,17.64128113,20.91321373,21.04285622,20.6428566,20.88285637,825487600
2012-03-19,18.10914993,21.46785736,21.49178505,21.03750038,21.37035751,901236000
2012-03-20,18.25556755,21.6414299,21.67499924,21.12428665,21.41107178,816662000
2012-03-21,18.15133286,21.5178566,21.77321434,21.47892952,21.52642822,644042000
2012-03-22,18.05612755,21.40500069,21.5892868,21.26892853,21.34928513,623870800
2012-03-23,17.95701027,21.28750038,21.49285698,21.22857094,21.44607162,430488800
2012-03-26,18.28629684,21.67785645,21.68392944,21.25928688,21.4210701,595742000
2012-03-27,18.51223564,21.94571495,22.01000023,21.64500046,21.64928627,607129600
2012-03-28,18.60684586,22.05785751,22.19464302,21.79678535,22.08499908,655460400
2012-03-29,18.37305832,21.78071404,22.02000046,21.68678665,21.88500023,608238400
2012-03-30,18.06245232,21.41250038,21.80571365,21.35499954,21.74178505,731038000
2012-04-02,18.63727379,22.09392929,22.09892845,21.44214249,21.49392891,598351600
2012-04-03,18.9593277,22.47571373,22.5789299,22.23250008,22.40357018,834559600
2012-04-04,18.80838585,22.29678535,22.35214233,22.0357132,22.29821396,572980800
2012-04-05,19.09068298,22.63142967,22.66642952,22.26428604,22.39214325,641298000
2012-04-09,19.16749763,22.72249985,22.85142899,22.33214378,22.36178589,597536800
2012-04-10,18.93281937,22.44428635,23,22.3571434,22.85464287,889725200
2012-04-11,18.86533356,22.36428642,22.74535751,22.26214218,22.72142982,696614800
2012-04-12,18.76199341,22.24178505,22.54750061,22.1607132,22.3214283,614336800
2012-04-13,18.2335701,21.61535645,22.31071472,21.55392838,22.28964233,859644800
2012-04-16,17.47739029,20.71892929,21.79571342,20.6517868,21.78785706,1050786800
2012-04-17,18.36823845,21.77499962,21.7857132,20.42535782,20.67642975,1025528000
2012-04-18,18.32726669,21.72642899,22.1517868,21.52535629,21.91857147,954531200
2012-04-19,17.69761658,20.97999954,21.59749985,20.87571335,21.43642807,834719200
2012-04-20,17.26198387,20.46357155,21.23642921,20.37214279,21.12071419,1030985200
2012-04-23,17.223423,20.41785622,20.59535789,19.87928581,20.37892914,966529200
2012-04-24,16.87937737,20.01000023,20.27464294,19.8214283,20.09321404,1076149200
2012-04-25,18.37727928,21.7857132,22.0714283,21.6428566,21.98714256,905777600
2012-04-26,18.30798149,21.70357132,21.95321465,21.50464249,21.93821335,536068400
2012-04-27,18.16639328,21.5357132,21.64928627,21.4464283,21.60964394,406722400
2012-04-30,17.59338188,20.85642815,21.37142944,20.8214283,21.35000038,506144800
2012-05-01,17.53764153,20.79035759,21.31285667,20.75821495,20.88928604,610999200
2012-05-02,17.65363503,20.92785645,20.97857094,20.67357063,20.72285652,427389200
2012-05-03,17.52830887,20.77928543,21.12142944,20.72500038,21.0892868,390549600
2012-05-04,17.02911186,20.1875,20.65571404,20.18464279,20.61000061,529992400
2012-05-07,17.15654373,20.33857155,20.45607185,20.04392815,20.0535717,460118400
2012-05-08,17.11738205,20.29214287,20.4107132,19.95464325,20.34214211,497252000
2012-05-09,17.1475029,20.32785606,20.49928665,20.03035736,20.13214302,480704000
2012-05-10,17.18787193,20.37571335,20.56714249,20.30142975,20.52071381,333200000
2012-05-11,17.07308769,20.2396431,20.51678658,20.15535736,20.1785717,399546000
2012-05-14,16.81731987,19.93642807,20.26821327,19.91428566,20.09178543,352626400
2012-05-15,16.6651783,19.75607109,20.11499977,19.7053566,20.05178642,476336000
2012-05-16,16.45158386,19.50285721,19.88892937,19.3228569,19.78750038,560896000
2012-05-17,15.97075653,18.93285751,19.5535717,18.93285751,19.47535706,717220000
2012-05-18,15.97859192,18.94214249,19.40749931,18.64928627,19.06999969,732292400
2012-05-21,16.90950203,20.04571342,20.05500031,19.07321358,19.0892868,631106000
2012-05-22,16.77966118,19.89178658,20.49571419,19.73500061,20.34107018,694870400
2012-05-23,17.1890831,20.37714386,20.45714378,19.75821495,19.9107132,584897600
2012-05-24,17.03121567,20.19000053,20.5892868,20.04392815,20.56678581,496230000
2012-05-25,16.93993568,20.0817852,20.20892906,19.94535637,20.16392899,328507200
2012-05-29,17.24060249,20.43821335,20.5,20.18964386,20.38928604,380508800
2012-05-30,17.44847679,20.68464279,20.71392822,20.23428535,20.32857132,529429600
2012-05-31,17.40508842,20.63321495,20.7678566,20.4092865,20.74071312,491674400
2012-06-01,16.90076447,20.03535652,20.45178604,20.01857185,20.32714272,520987600
2012-06-04,17.00019073,20.1532135,20.2678566,19.5892868,20.0535717,556995600
2012-06-05,16.95619583,20.1010704,20.23107147,19.94035721,20.04535675,388214400
2012-06-06,17.21619987,20.4092865,20.49464226,20.1964283,20.27750015,401455600
2012-06-07,17.22402954,20.41857147,20.61857033,20.375,20.61750031,379766800
2012-06-08,17.48311615,20.72571373,20.73500061,20.3214283,20.41428566,347516400
2012-06-11,17.20746422,20.3989296,21.0178566,20.37964249,20.98999977,591264800
2012-06-12,17.35778809,20.57714272,20.59357071,20.23928642,20.5164299,435380400
2012-06-13,17.23728371,20.43428612,20.65999985,20.37071419,20.51857185,293580000
2012-06-14,17.21830177,20.41178513,20.4821434,20.25928688,20.40142822,345573200
2012-06-15,17.29662895,20.50464249,20.52214241,20.34107018,20.3928566,335255200
2012-06-18,17.64761162,20.92071342,20.99607086,20.37035751,20.3914299,440412000
2012-06-19,17.69671249,20.97892952,21.0714283,20.82500076,20.83571434,361404400
2012-06-20,17.64640808,20.91928673,21.0446434,20.74285698,21.00749969,358943200
2012-06-21,17.40327835,20.63107109,21.00785637,20.62285614,20.90857124,326351200
2012-06-22,17.53674126,20.78928566,20.79249954,20.55071449,20.68000031,284471600
2012-06-25,17.1954174,20.38464355,20.70714378,20.37035751,20.61785698,304382400
2012-06-26,17.2333622,20.42964363,20.51749992,20.26178551,20.40464211,276536400
2012-06-27,17.30778122,20.5178566,20.59785652,20.42571449,20.5357132,202997200
2012-06-28,17.14359474,20.32321358,20.5,20.20035744,20.41678619,282836400
2012-06-29,17.59397888,20.8571434,20.8571434,20.5089283,20.6428566,421500800
2012-07-02,17.85066795,21.16142845,21.19535637,20.84285736,20.88321495,400092000
2012-07-03,18.05823517,21.40749931,21.4285717,21.2142868,21.24571419,241712800
2012-07-05,18.37547302,21.78357124,21.94071388,21.41607094,21.44857025,484383200
2012-07-06,18.25315475,21.63857079,21.72999954,21.48500061,21.68178558,418930400
2012-07-09,18.49447441,21.92464256,21.92499924,21.57535744,21.61785698,379405600
2012-07-10,18.323349,21.7217865,22.13821411,21.61821365,22.07035637,511957600
2012-07-11,18.20947838,21.58678627,21.70214272,21.32928658,21.64714241,469322000
2012-07-12,18.04287338,21.38928604,21.55249977,21.16714287,21.43714333,428041600
2012-07-13,18.22574043,21.60607147,21.68535614,21.4285717,21.53392982,311427200
2012-07-16,18.28419113,21.67535782,21.84357071,21.60785675,21.61142921,301260400
2012-07-17,18.28509331,21.67642975,21.8392868,21.54107094,21.8139286,293624800
2012-07-18,18.26460457,21.65214348,21.72642899,21.55571365,21.66392899,252700000
2012-07-19,18.50742149,21.94000053,21.97678566,21.6428566,21.83142853,436861600
2012-07-20,18.20555496,21.58214378,21.94428635,21.56071472,21.89392853,397471200
2012-07-23,18.19140434,21.56535721,21.63928604,20.9896431,21.22857094,487975600
2012-07-24,18.10372734,21.4614296,21.77428627,21.37535667,21.69214249,565132400
2012-07-25,17.32194328,20.53464317,20.74285698,20.3571434,20.5164299,877312800
2012-07-26,17.31922722,20.53142929,20.72857094,20.37000084,20.70571327,406632800
2012-07-27,17.62893105,20.89857101,20.92250061,20.41392899,20.53607178,403936400
2012-07-30,17.92627525,21.25107193,21.40857124,20.99357033,21.10428619,379142400
2012-07-31,18.400177,21.81285667,21.84642982,21.52571487,21.54392815,462327600
2012-08-01,18.28116989,21.67178535,22.01428604,21.5357132,21.99678612,384501600
2012-08-02,18.31069946,21.7067852,21.81035614,21.4375,21.53000069,332158400
2012-08-03,18.54899788,21.98928642,22.07071495,21.84142876,21.91535759,344920800
2012-08-06,18.75536346,22.23392868,22.31678581,21.97357178,22.0460701,302103200
2012-08-07,18.70596123,22.17535782,22.3214283,22.0728569,22.24178505,290446800
2012-08-08,18.67432594,22.13785744,22.28142929,22.03928566,22.12107086,244706000
2012-08-09,18.78082848,22.16892815,22.20464325,22.06428528,22.06607056,221642400
2012-08-10,18.81017303,22.20357132,22.20571327,22.09642982,22.0967865,194938800
2012-08-13,19.06130219,22.5,22.5,22.2589283,22.26392937,278832400
2012-08-14,19.11243248,22.56035614,22.80750084,22.50749969,22.56678581,340169200
2012-08-15,19.08641243,22.52964211,22.6428566,22.4196434,22.54642868,257342400
2012-08-16,19.25312614,22.72642899,22.74142838,22.5178566,22.5432148,254534000
2012-08-17,19.60924149,23.14678574,23.14964294,22.81464386,22.8571434,442761200
2012-08-20,20.12480545,23.75535774,23.75535774,23.21071434,23.21464348,613384800
2012-08-21,19.84977913,23.43071365,24.10285759,23.2260704,23.95785713,812719600
2012-08-22,20.23734856,23.88821411,23.8928566,23.14678574,23.37214279,565322800
2012-08-23,20.04855728,23.66535759,23.92499924,23.61249924,23.78964233,420128800
2012-08-24,20.06640816,23.68642807,23.90999985,23.41250038,23.55392838,437340400
2012-08-27,20.44339943,24.13142967,24.31678581,24.05500031,24.28535652,427008400
2012-08-28,20.41677094,24.10000038,24.14642906,23.95249939,24.10642815,267416800
2012-08-29,20.37652969,24.05249977,24.20249939,24.02142906,24.1160717,202806800
2012-08-30,20.08607674,23.70964241,23.98392868,23.67321396,23.95142937,302699600
2012-08-31,20.12752724,23.75857162,23.87857056,23.4732132,23.8303566,338321200
2012-09-04,20.42191505,24.10607147,24.11214256,23.7321434,23.77714348,367892000
2012-09-05,20.27850914,23.93678665,24.15535736,23.91428566,24.12750053,336375200
2012-09-06,20.46125221,24.15250015,24.22464371,23.95714378,24.04178619,391196400
2012-09-07,20.58741951,24.30142975,24.37428665,24.13464355,24.21607018,329666400
2012-09-10,20.05188179,23.66928673,24.4032135,23.64642906,24.30178642,487998000
2012-09-11,19.98683548,23.59250069,23.93214226,23.4464283,23.75392914,503983200
2012-09-12,20.26518631,23.9210701,23.92499924,23.4285717,23.81607056,712233200
2012-09-13,20.66426277,24.39214325,24.4821434,24.09892845,24.19178581,598360000
2012-09-14,20.91540146,24.68857193,24.89214325,24.56749916,24.6414299,600474000
2012-09-17,21.17256546,24.99214363,24.99285698,24.80750084,24.97678566,398031200
2012-09-18,21.23700714,25.06821442,25.08321381,24.87214279,24.99571419,373503200
2012-09-19,21.2427597,25.07500076,25.14249992,24.98464394,25.00928688,326874800
2012-09-20,21.13989067,24.95357132,25.00214386,24.77214241,24.96999931,336568400
2012-09-21,21.18194389,25.00321388,25.18107033,24.97714233,25.08607101,571589200
2012-09-24,20.9005661,24.6710701,24.82571411,24.3928566,24.53071404,639766400
2012-09-25,20.37865067,24.05500031,24.74214363,24.0357132,24.58071327,518789600
2012-09-26,20.12570572,23.75642967,24.02464294,23.61428642,23.88357162,576503200
2012-09-27,20.61403465,24.33285713,24.36321449,23.58392906,23.72464371,594090000
2012-09-28,20.18380165,23.82500076,24.32535744,23.8125,24.2410717,535110800
2012-10-01,19.95052719,23.54964256,24.1696434,23.4464283,23.96999931,543594800
2012-10-02,20.00862122,23.61821365,23.79821396,23.23749924,23.63607025,627992400
2012-10-03,20.31541824,23.98035622,23.99500084,23.66535759,23.74500084,424281200
2012-10-04,20.17472267,23.81428528,24.0803566,23.76964378,23.9732132,370725600
2012-10-05,19.74478912,23.30678558,23.7857132,23.26000023,23.75714302,594006000
2012-10-08,19.30849266,22.79178619,23.12714386,22.71821404,23.10285759,637994000
2012-10-09,19.23830032,22.70892906,22.87464333,22.26964378,22.80892944,838597200
2012-10-10,19.39139175,22.88964272,23.03499985,22.75,22.84785652,510356000
2012-10-11,19.0038147,22.43214226,23.11428642,22.43214226,23.0892868,546081200
2012-10-12,19.05252647,22.4896431,22.69214249,22.33214378,22.48428535,460014800
2012-10-15,19.20532227,22.67000008,22.68321419,22.28035736,22.58392906,432502000
2012-10-16,19.66007233,23.2067852,23.22500038,22.5357132,22.69178581,549771600
2012-10-17,19.50333595,23.02178574,23.3139286,23,23.17392921,389037600
2012-10-18,19.14118004,22.59428596,22.93071365,22.5,22.84250069,476624400
2012-10-19,18.45134354,21.78000069,22.56321335,21.77214241,22.53750038,744086000
2012-10-22,19.18323517,22.64392853,22.69214249,21.81285667,21.87214279,546730800
2012-10-23,18.55784225,21.90571404,22.63928604,21.84642982,22.5357132,707145600
2012-10-24,18.66282654,22.02964211,22.37678528,21.80857086,22.19428635,558527200
2012-10-25,18.44226265,21.7692852,22.2142868,21.62678528,22.1428566,656325600
2012-10-26,18.27465057,21.5714283,21.9285717,21.1071434,21.76535606,1018432800
2012-10-31,18.01202202,21.26142883,21.4985714,20.98928642,21.24571419,510003200
2012-11-01,18.04893112,21.30500031,21.5357132,21.22035789,21.36499977,361298000
2012-11-02,17.45168114,20.60000038,21.31964302,20.5267868,21.28178596,599373600
2012-11-05,17.68828392,20.87928581,20.99178505,20.62857056,20.84000015,529135600
2012-11-06,17.63472176,20.81607056,21.09785652,20.71750069,21.07964325,374917200
2012-11-07,16.95998001,19.9285717,20.5192852,19.8482132,20.49428558,793648800
2012-11-08,16.3445034,19.2053566,20.07964325,19.11750031,20.02249908,1056146000
2012-11-09,16.6274662,19.53785706,19.81714249,19.06142807,19.30071449,929913600
2012-11-12,16.49889946,19.38678551,19.8035717,19.23749924,19.79107094,515802000
2012-11-13,16.50102615,19.38928604,19.65999985,19.15571404,19.24678612,532949200
2012-11-14,16.31805229,19.17428589,19.55178642,19.14928627,19.4821434,477170400
2012-11-15,15.97580624,18.77214241,19.2678566,18.66500092,19.19750023,789910800
2012-11-16,16.03842354,18.84571457,18.9285717,18.0625,18.75714302,1266893600
2012-11-19,17.19492531,20.20464325,20.2678566,19.28142929,19.3110714,823317600
2012-11-20,17.04841995,20.03249931,20.42678642,19.80642891,20.42535782,642754000
2012-11-21,17.07243919,20.06071472,20.26321411,19.87857056,20.1517868,373002000
2012-11-23,17.37030029,20.4107132,20.4285717,20.09285736,20.25607109,272826400
2012-11-26,17.91830635,21.05464363,21.0714283,20.4896431,20.56785774,630579600
2012-11-27,17.77393913,20.88500023,21.0864296,20.71785736,21.05535698,533330000
2012-11-28,17.71800613,20.81928635,20.92142868,20.43785667,20.61678505,520864400
2012-11-29,17.91313744,21.04857063,21.2232132,20.9017868,21.07928658,514698800
2012-11-30,17.78913116,20.90285683,21.01428604,20.80999947,20.9567852,391319600
2012-12-03,17.81678772,20.93535614,21.23535728,20.9107132,21.20178604,364280000
2012-12-04,17.50252151,20.56607056,20.77857018,20.43321419,20.77857018,557068400
2012-12-05,16.37610435,19.24250031,20.3303566,19.24178505,20.31821442,1044638000
2012-12-06,16.63293457,19.54428673,19.76107025,18.52249908,18.89071465,1177212400
2012-12-07,16.2077198,19.0446434,19.82857132,18.9285717,19.76428604,787040800
2012-12-10,16.10347176,18.92214394,19.23250008,18.62785721,18.75,630484400
2012-12-11,16.45512581,19.33535767,19.62714386,19.19178581,19.27750015,592345600
2012-12-12,16.38248253,19.25,19.5714283,19.15250015,19.56321335,487144000
2012-12-13,16.09951591,18.91749954,19.20142937,18.77857018,18.96964264,625259600
2012-12-14,15.49466991,18.2067852,18.50464249,18.05642891,18.3839283,1009579200
2012-12-17,15.76943302,18.52964211,18.5714283,17.90107155,18.17607117,757607200
2012-12-18,16.22747993,19.06785774,19.10357094,18.5803566,18.75,625685200
2012-12-19,15.99678707,18.79678535,19.06071472,18.7678566,18.98107147,449369200
2012-12-20,15.85758018,18.63321495,18.93571472,18.53142929,18.9285717,481689600
2012-12-21,15.78463936,18.54750061,18.55964279,18.22285652,18.30249977,596268400
2012-12-24,15.81015778,18.57749939,18.7232132,18.52535629,18.58392906,175753200
2012-12-26,15.59223366,18.3214283,18.5521431,18.25428581,18.5357132,302436400
2012-12-27,15.6548481,18.39500046,18.4375,18.02357101,18.3407135,455120400
2012-12-28,15.48859406,18.19964218,18.37428665,18.14714241,18.22464371,354278400
2012-12-31,16.17489433,19.00607109,19.12142944,18.1785717,18.23321342,659492400
2013-01-02,16.68733978,19.60821342,19.8214283,19.34392929,19.77928543,560518000
2013-01-03,16.47670937,19.36071396,19.63107109,19.3214283,19.56714249,352965200
2013-01-04,16.01775932,18.8214283,19.23678589,18.77964211,19.17749977,594333600
2013-01-07,15.92353344,18.71071434,18.90357018,18.39999962,18.6428566,484156400
2013-01-08,15.96639156,18.76107025,18.99607086,18.6160717,18.90035629,458707200
2013-01-09,15.71686172,18.46785736,18.75035667,18.42821312,18.6607132,407604400
2013-01-10,15.91167927,18.69678688,18.88285637,18.41142845,18.87678528,601146000
2013-01-11,15.81412315,18.58214378,18.76142883,18.53642845,18.6071434,350506800
2013-01-14,15.25030899,17.9196434,18.125,17.80392838,17.95285606,734207600
2013-01-15,14.76916313,17.35428619,17.82107162,17.26357079,17.79642868,876772400
2013-01-16,15.38221455,18.07464218,18.19428635,17.5892868,17.66571426,690804800
2013-01-17,15.27856922,17.95285606,18.2410717,17.92964363,18.22535706,453678400
2013-01-18,15.19711399,17.8571434,17.93642807,17.72857094,17.80428505,472922800
2013-01-22,15.34209442,18.02750015,18.13857079,17.73678589,18.02000046,461546400
2013-01-23,15.62293911,18.35750008,18.39249992,18.02750015,18.17178535,861509600
2013-01-24,13.6925993,16.0892868,16.63321495,16.0803566,16.4285717,1460852400
2013-01-25,13.36981297,15.71000004,16.29392815,15.53571415,16.13178635,1208026400
2013-01-28,13.67223454,16.06535721,16.1860714,15.56642914,15.63678646,785517600
2013-01-29,13.92876148,16.36678505,16.43571472,16.14714241,16.375,571158000
2013-01-30,13.88499737,16.31535721,16.52142906,16.2321434,16.3214283,417155200
2013-01-31,13.84426594,16.26749992,16.40285683,16.24928665,16.32071495,319334400
2013-02-01,13.78742886,16.20071411,16.40999985,16.01250076,16.39678574,539484400
2013-02-04,13.44397259,15.79714298,16.28357124,15.78571415,16.21107101,477117200
2013-02-05,13.91569328,16.35142899,16.41928673,15.79357147,15.85892868,573347600
2013-02-06,13.90079784,16.33392906,16.6607132,16.1635704,16.30249977,593706400
2013-02-07,14.31412506,16.72214317,16.7857132,16.21857071,16.5446434,704580800
2013-02-08,14.52078342,16.96357155,17.10035706,16.7232132,16.9285717,633158400
2013-02-11,14.67211246,17.14035606,17.31928635,16.9017868,17.0178566,517490400
2013-02-12,14.30434227,16.71071434,17.22785759,16.70499992,17.12535667,609053200
2013-02-13,14.27713394,16.67892838,16.91571426,16.54357147,16.6860714,475207600
2013-02-14,14.26429749,16.66392899,16.84428596,16.57214355,16.59000015,355275200
2013-02-15,14.06772137,16.43428612,16.79142952,16.42571449,16.74464226,391745200
2013-02-19,14.06251907,16.42821312,16.52607155,16.20892906,16.46785736,435783600
2013-02-20,13.7219553,16.03035736,16.34607124,16.02857018,16.34607124,476302400
2013-02-21,13.63666344,15.93071365,16.04178619,15.81499958,15.92857075,447182400
2013-02-22,13.78187752,16.10035706,16.12857056,15.94999981,16.0446434,330654800
2013-02-25,13.53700161,15.81428623,16.25428581,15.80607128,16.20892906,372579200
2013-02-26,13.72562885,16.03464317,16.1264286,15.63071442,15.85071373,501499600
2013-02-27,13.59111595,15.87749958,16.15857124,15.73750019,16.01535606,587350400
2013-02-28,13.49420166,15.76428604,15.99535656,15.76428604,15.85892868,322515200
2013-03-01,13.16005898,15.37392902,15.64928627,15.3564291,15.6428566,552448400
2013-03-04,12.84150219,15.00178623,15.29285717,14.96428585,15.27857113,582755600
2013-03-05,13.18054008,15.39785671,15.54249954,15.02678585,15.0528574,638433600
2013-03-06,13.01300526,15.20214272,15.5446434,15.15821362,15.51821423,460250000
2013-03-07,13.16341782,15.37785721,15.42892933,15.03785706,15.16071415,468473600
2013-03-08,13.19827271,15.41857147,15.55107117,15.30749989,15.35000038,391482000
2013-03-11,13.38628197,15.63821411,15.67892933,15.18357086,15.34821415,474236000
2013-03-12,13.09769249,15.30107117,15.67428589,15.27035713,15.55714321,465911600
2013-03-13,13.09524059,15.29821396,15.5178566,15.19142914,15.30178642,405549200
2013-03-14,13.22211552,15.44642925,15.52285671,15.37321377,15.45821381,303875600
2013-03-15,13.56328869,15.84500027,15.8653574,15.61607075,15.64035702,643960800
2013-03-18,13.93198013,16.27571487,16.33785629,15.75714302,15.76607132,606197200
2013-03-19,13.89438248,16.23178673,16.46321487,16.0178566,16.4107132,526775200
2013-03-20,13.82070541,16.14571381,16.34392929,16.05678558,16.3364296,308660800
2013-03-21,13.84057617,16.16892815,16.35642815,16.07500076,16.07928658,383255600
2013-03-22,14.12122059,16.49678612,16.50357056,16.18250084,16.23500061,395105200
2013-03-25,14.17226887,16.55642891,16.78392982,16.49214363,16.59607124,501135600
2013-03-26,14.09767914,16.46928596,16.63714218,16.44750023,16.62285614,294294000
2013-03-27,13.82070541,16.14571381,16.31428528,16.09749985,16.3021431,331237200
2013-03-28,13.53271866,15.80928612,16.13642883,15.77214336,16.06500053,442839600
2013-04-01,13.11236382,15.31821442,15.84642887,15.27642918,15.78214264,389732000
2013-04-02,13.13926792,15.34964275,15.64785671,15.22857094,15.27142906,529519200
2013-04-03,13.20652676,15.42821407,15.61714268,15.36821365,15.40607071,363216000
2013-04-04,13.07598209,15.27571392,15.53571415,15.1875,15.49142933,358447600
2013-04-05,12.93780327,15.11428642,15.17678642,14.98857117,15.16071415,383695200
2013-04-08,13.0298233,15.22178555,15.2678566,15.08892918,15.17321396,300829200
2013-04-09,13.0533638,15.2492857,15.30357075,15.09821415,15.22714329,306614000
2013-04-10,13.3196373,15.56035709,15.60928631,15.21464252,15.28928566,375928000
2013-04-11,13.27806187,15.51178646,15.64249992,15.39999962,15.48999977,328364400
2013-04-12,13.13957024,15.35000038,15.50535679,15.32464314,15.50535679,238613200
2013-04-15,12.83538723,14.99464321,15.28178596,14.98392868,15.25,317520000
2013-04-16,13.03073978,15.22285748,15.23607063,15.02035713,15.05607128,305771200
2013-04-17,12.31414318,14.38571358,15.02142906,14.21821404,15.0096426,945056000
2013-04-18,11.9855032,14.00178623,14.49250031,13.91928577,14.46392918,666299200
2013-04-19,11.93903542,13.94750023,14.27142906,13.75357056,13.85607147,609274400
2013-04-22,12.18788528,14.23821354,14.36428642,13.97392941,14.02285671,429920400
2013-04-23,12.41594982,14.50464344,14.58500004,14.24321365,14.42821407,664238400
2013-04-24,12.3954649,14.48071384,14.8303566,14.0178566,14.05500031,969651200
2013-04-25,12.48473454,14.58500004,14.78357124,14.53571415,14.6867857,384837600
2013-04-26,12.75437355,14.89999962,14.9560709,14.5803566,14.63607121,764097600
2013-04-29,13.14935398,15.36142921,15.48642921,15,15.01607132,640326400
2013-04-30,13.53638935,15.81357098,15.90178585,15.43107128,15.53928566,691538400
2013-05-01,13.42969418,15.6889286,15.89035702,15.51392937,15.8735714,506909200
2013-05-02,13.6201582,15.91142941,16.02107048,15.73678589,15.77785683,421828400
2013-05-03,13.75650406,16.07071495,16.18678665,16.04107094,16.11821365,361300800
2013-05-06,14.08453369,16.4539299,16.50714302,16.22535706,16.27535629,496641600
2013-05-07,14.0218668,16.38071442,16.6339283,16.20357132,16.60607147,483753200
2013-05-08,14.1802206,16.56571388,16.62035751,16.27892876,16.3942852,472598000
2013-05-09,14.05650997,16.31321335,16.5357132,16.27071381,16.42178535,398487600
2013-05-10,13.93957043,16.17749977,16.4182148,16.08857155,16.35607147,334852000
2013-05-13,13.99404049,16.24071312,16.35357094,16.125,16.12535667,316948800
2013-05-14,13.65922546,15.85214329,16.25714302,15.79107094,16.20892906,447118000
2013-05-15,13.19731236,15.31607056,15.75,15.08428574,15.68428612,741613600
2013-05-16,13.37364292,15.52071381,15.63749981,14.96071434,15.11571407,603204000
2013-05-17,13.33302116,15.47357082,15.71749973,15.39321423,15.68035698,427904400
2013-05-20,13.6306057,15.81892872,15.92142868,15.36071396,15.42535686,451578400
2013-05-21,13.52997208,15.70214272,15.90999985,15.50714302,15.64821434,456022000
2013-05-22,13.58198357,15.76249981,16.01250076,15.65071392,15.85892868,443038400
2013-05-23,13.60629463,15.79071426,15.93428612,15.5639286,15.56964302,353021200
2013-05-24,13.69892025,15.89821434,15.91642857,15.72714329,15.74464321,276166800
2013-05-28,13.58475113,15.76571369,16.11107063,15.74464321,16.06785774,386145200
2013-05-29,13.69276524,15.89107132,15.9821434,15.69285679,15.71428585,330576400
2013-05-30,13.89679432,16.12785721,16.2321434,15.87535667,15.91607094,353519600
2013-05-31,13.83986568,16.06178665,16.32500076,16.0535717,16.1607132,384302800
2013-06-03,13.8703289,16.09714317,16.15571404,15.8028574,16.09749985,372352400
2013-06-04,13.82694244,16.04678535,16.22964287,15.97821426,16.18642807,292728800
2013-06-05,13.69769001,15.89678574,16.09714317,15.84678555,15.91607094,290589600
2013-06-06,13.49304485,15.65928555,15.96428585,15.50178623,15.90964317,416934000
2013-06-07,13.596138,15.77892876,15.82999992,15.4560709,15.58928585,404535600
2013-06-10,13.50627613,15.67464256,16.0385704,15.60000038,15.883214,450153200
2013-06-11,13.46657848,15.62857056,15.81285667,15.47571373,15.56214333,286112400
2013-06-12,13.3000927,15.43535709,15.75892925,15.41071415,15.69642925,265227200
2013-06-13,13.41611195,15.56999969,15.61214256,15.3125,15.44642925,285832400
2013-06-14,13.23423958,15.35892868,15.58178616,15.30357075,15.55000019,271866000
2013-06-17,13.29424763,15.42857075,15.56071377,15.36999989,15.40857124,259414400
2013-06-18,13.28717136,15.42035675,15.53214264,15.3646431,15.41285706,195025600
2013-06-19,13.01728439,15.1071434,15.41642857,15.1071434,15.40714264,310940000
2013-06-20,12.82771778,14.88714314,15.21357059,14.82750034,14.97500038,357310800
2013-06-21,12.72493267,14.7678566,15,14.57499981,14.94607067,481118400
2013-06-24,12.38765812,14.3764286,14.59500027,14.21607113,14.55000019,480746000
2013-06-25,12.39042568,14.37964344,14.5639286,14.24392891,14.48928642,314162800
2013-06-26,12.25009632,14.21678638,14.45678616,14.13071442,14.42500019,367724000
2013-06-27,12.11807728,14.06357098,14.33535671,14.05500031,14.25892925,337246000
2013-06-28,12.20270443,14.16178608,14.29535675,13.88821411,13.97714329,578516400
2013-07-01,12.59322357,14.61499977,14.72392941,14.32928562,14.38178635,391053600
2013-07-02,12.87849331,14.94607067,15.05821419,14.62392902,14.64142895,469865200
2013-07-03,12.94957829,15.02857113,15.1064291,14.90892887,15.03071404,240928800
2013-07-05,12.84556389,14.90785694,15.11750031,14.83392906,15.01392937,274024800
2013-07-08,12.77263165,14.82321358,15.03571415,14.66607094,15.00392914,298138400
2013-07-09,12.99727917,15.08392906,15.125,14.65642929,14.77142906,352584400
2013-07-10,12.94742775,15.02607059,15.17142868,14.9375,14.98571396,281405600
2013-07-11,13.14930725,15.2603569,15.2946434,15.04178619,15.10535717,326292400
2013-07-12,13.12529945,15.23250008,15.34964275,15.12178612,15.27321434,279563200
2013-07-15,13.15392113,15.26571369,15.40928555,15.17142868,15.17892933,241917200
2013-07-16,13.23885632,15.36428642,15.38249969,15.14892864,15.23285675,216538000
2013-07-17,13.24224091,15.36821365,15.43642902,15.29357147,15.34642887,198990400
2013-07-18,13.28686142,15.42000008,15.53107071,15.37892914,15.47785664,218878800
2013-07-19,13.07729244,15.17678642,15.4992857,15.15535736,15.46785736,268721600
2013-07-22,13.1191473,15.22535706,15.34821415,15.19535732,15.33785725,207796400
2013-07-23,12.8938818,14.96392918,15.2485714,14.95392895,15.21428585,369395600
2013-07-24,13.55613136,15.73250008,15.87821388,15.54500008,15.67607117,591936800
2013-07-25,13.49427605,15.66071415,15.76428604,15.56464291,15.73928642,229493600
2013-07-26,13.57090473,15.74964333,15.7514286,15.51214314,15.54642868,200152400
2013-07-29,13.78016376,15.99250031,16.07107162,15.72142887,15.74285698,248057600
2013-07-30,13.95034218,16.19000053,16.32678604,16.04392815,16.06999969,309422400
2013-07-31,13.92602921,16.16178513,16.33357048,16.05107117,16.24964333,322957600
2013-08-01,14.05373955,16.30999947,16.31428528,16.18785667,16.2767868,206250800
2013-08-02,14.23407555,16.5192852,16.53035736,16.30928612,16.35750008,274783600
2013-08-05,14.44672108,16.76607132,16.80964279,16.50535774,16.59607124,318855600
2013-08-06,14.31747246,16.6160717,16.85321426,16.50607109,16.71500015,334857600
2013-08-07,14.30916309,16.60642815,16.6785717,16.49178505,16.56428528,298858000
2013-08-08,14.28066254,16.46464348,16.57500076,16.35535622,16.56642914,255777200
2013-08-09,14.07745647,16.23035622,16.44499969,16.20178604,16.37999916,266865200
2013-08-12,14.4773674,16.69142914,16.73749924,16.30821419,16.31642914,364434000
2013-08-13,15.16536903,17.48464394,17.66642952,16.71607018,16.81928635,881941200
2013-08-14,15.44199467,17.8035717,18.0089283,17.62142944,17.78142929,756372400
2013-08-15,15.42370987,17.78249931,17.94285774,17.46714211,17.72928619,490294000
2013-08-16,15.56062984,17.94035721,17.96214294,17.81642914,17.86249924,362306000
2013-08-19,15.72821617,18.13357162,18.34785652,18,18.01214218,510518400
2013-08-20,15.52160358,17.89535713,18.23464394,17.88642883,18.2039299,358688400
2013-08-21,15.56156158,17.94142914,18.11249924,17.89999962,17.98535728,335879600
2013-08-22,15.58014202,17.96285629,18.05678558,17.79285622,18.03499985,244207600
2013-08-23,15.52005577,17.89357185,17.97678566,17.83392906,17.97392845,222731600
2013-08-26,15.58046055,17.96321487,18.22142982,17.875,17.8839283,330965600
2013-08-27,15.1350069,17.44964218,17.94678688,17.36785698,17.7857132,424188800
2013-08-28,15.20656967,17.53214264,17.70714378,17.3571434,17.3571434,307608000
2013-08-29,15.23134232,17.56071472,17.7321434,17.54035759,17.55892944,239657600
2013-08-30,15.0925684,17.40071487,17.60535622,17.375,17.5714283,272297200
2013-09-03,15.13470078,17.44928551,17.87857056,17.40535736,17.61071396,331928800
2013-09-04,15.44787598,17.81035614,17.93714333,17.72428513,17.84142876,345032800
2013-09-05,15.34192753,17.68821335,17.88142967,17.62999916,17.8660717,236367600
2013-09-06,15.433321,17.79357147,17.83499908,17.49821472,17.80142975,359525600
2013-09-09,15.67957973,18.07749939,18.13999939,17.98142815,18.0357132,340687200
2013-09-10,15.32241535,17.66571426,18.12321472,17.4821434,18.07857132,743195600
2013-09-11,14.48821545,16.7039299,16.91749954,16.60035706,16.67892838,898696400
2013-09-12,14.64247799,16.88178635,16.97857094,16.64321327,16.7321434,404051200
2013-09-13,14.40116596,16.60357094,16.8510704,16.59642982,16.76214218,298835600
2013-09-16,13.94332695,16.07571411,16.48607063,15.97214317,16.4642868,543706800
2013-09-17,14.1044054,16.26142883,16.4182148,15.9821434,15.9985714,399380800
2013-09-18,14.39435196,16.59571457,16.65535736,16.45214272,16.54214287,456862000
2013-09-19,14.63039589,16.86785698,16.99392891,16.7589283,16.81071472,404541200
2013-09-20,14.47892094,16.69321442,17.09107018,16.6428566,17.0714283,699302800
2013-09-23,15.19851685,17.52285767,17.74678612,17.23571396,17.71785736,762106800
2013-09-24,15.15080452,17.46785736,17.69535637,17.42214394,17.67428589,364344400
2013-09-25,14.91630936,17.19750023,17.48714256,17.19392967,17.47142982,316957200
2013-09-26,15.0615921,17.36499977,17.44857025,17.28214264,17.3571434,237221600
2013-09-27,14.95409966,17.2410717,17.30964279,17.16857147,17.27785683,228040400
2013-09-30,14.76824188,17.0267868,17.20214272,16.94321442,17.0446434,260156400
2013-10-01,15.11549282,17.4271431,17.46928596,17.08499908,17.08749962,353883600
2013-10-02,15.16505527,17.48428535,17.56428528,17.2767868,17.34392929,289184000
2013-10-03,14.97455311,17.26464272,17.58392906,17.16928673,17.51821327,322753200
2013-10-04,14.96278095,17.25107193,17.30714226,17.09285736,17.28071404,258868400
2013-10-07,15.10898972,17.4196434,17.59464264,17.33392906,17.37714386,312292400
2013-10-08,14.898036,17.17642975,17.52285767,17.16214371,17.49785614,290917200
2013-10-09,15.0730505,17.37821388,17.4210701,17.08142853,17.30857086,301725200
2013-10-10,15.16753578,17.48714256,17.58499908,17.3942852,17.54714394,278602800
2013-10-11,15.26573086,17.60035706,17.63714218,17.32714272,17.39249992,267738800
2013-10-14,15.36578465,17.7157135,17.77071381,17.47678566,17.49392891,261898000
2013-10-15,15.44755936,17.80999947,17.9285717,17.69714355,17.76821327,320073600
2013-10-16,15.5228405,17.89678574,17.94750023,17.82964325,17.8853569,251101200
2013-10-17,15.62785244,18.0178566,18.02785683,17.84571457,17.85642815,253593200
2013-10-18,15.76383686,18.17464256,18.18785667,18.0610714,18.07107162,290542000
2013-10-21,16.15011787,18.62000084,18.72500038,18.26857185,18.27750015,398106800
2013-10-22,16.10396385,18.56678581,18.87321472,18.14392853,18.80035782,534063600
2013-10-23,16.26163864,18.7485714,18.7739296,18.5357132,18.5357132,313723200
2013-10-24,16.4769268,18.99678612,19.01678658,18.65892982,18.75,384764800
2013-10-25,16.29261398,18.7842865,19.04392815,18.75392914,18.97571373,337792000
2013-10-28,16.41404343,18.92428589,18.9642868,18.6860714,18.8942852,550440800
2013-10-29,16.00514984,18.45285606,19.2589283,18.3764286,19.15250015,635807200
2013-10-30,16.25978279,18.74642944,18.84000015,18.46500015,18.55750084,354163600
2013-10-31,16.19163322,18.66785622,18.83892822,18.61678505,18.75,275696400
2013-11-01,16.10892677,18.57250023,18.74285698,18.42285728,18.71500015,274890000
2013-11-04,16.31708527,18.8125,18.81500053,18.52892876,18.61071396,244627600
2013-11-05,16.27681541,18.76607132,18.88892937,18.6785717,18.73500061,265213200
2013-11-06,16.23070145,18.60428619,18.74500084,18.50714302,18.71964264,223375600
2013-11-07,15.96804523,18.30321312,18.68535614,18.29928589,18.55642891,262620400
2013-11-08,16.21949387,18.59142876,18.61178589,18.30678558,18.37785721,279316800
2013-11-11,16.17243385,18.53750038,18.63107109,18.37178612,18.57107162,227452400
2013-11-12,16.20235825,18.57178688,18.7114296,18.4642868,18.48821449,204276800
2013-11-13,16.22167206,18.59392929,18.6517868,18.46285629,18.5,197220800
2013-11-14,16.4562912,18.86285782,18.90285683,18.63821411,18.67178535,282419200
2013-11-15,16.35751915,18.74964333,18.89607048,18.73178673,18.80642891,317920400
2013-11-18,16.15935516,18.52249908,18.82821465,18.50714302,18.74964333,244944000
2013-11-19,16.18801689,18.55535698,18.69214249,18.49892807,18.53678513,208938800
2013-11-20,16.04624748,18.3928566,18.5864296,18.36892891,18.54392815,193916800
2013-11-21,16.23756218,18.61214256,18.6146431,18.34535789,18.48571396,262026800
2013-11-22,16.1958046,18.56428528,18.64857101,18.51892853,18.55428505,223725600
2013-11-25,16.31856918,18.70499992,18.78107071,18.6071434,18.60785675,229311600
2013-11-26,16.61955452,19.04999924,19.14785767,18.7142868,18.71857071,401382800
2013-11-27,17.01089668,19.4985714,19.5,19.04999924,19.15392876,363448400
2013-11-29,17.32591057,19.85964394,19.94035721,19.56464386,19.62428665,318127600
2013-12-02,17.17510033,19.68678665,20.15464211,19.67214394,19.9285717,472544800
2013-12-03,17.64528084,20.22571373,20.22785759,19.91714287,19.93928528,450968000
2013-12-04,17.60414505,20.1785717,20.32821465,20.02928543,20.1964283,377809600
2013-12-05,17.69449806,20.28214264,20.54071426,20.22892952,20.45178604,447580000
2013-12-06,17.44897652,20.00071335,20.2410717,19.98464394,20.2067852,344352400
2013-12-09,17.64868736,20.22964287,20.34214211,20.03214264,20.03214264,320493600
2013-12-10,17.62127686,20.19821358,20.28142929,20.04285622,20.12785721,278269600
2013-12-11,17.49072266,20.04857063,20.39178658,19.98892975,20.25,359718800
2013-12-12,17.46517944,20.0192852,20.19071388,20.00107193,20.07642937,262290000
2013-12-13,17.27480316,19.80107117,20.10285759,19.7739296,20.10178566,332822000
2013-12-16,17.37046051,19.9107132,20.09428596,19.82178688,19.82214355,282592800
2013-12-17,17.29224777,19.82107162,19.97999954,19.76357079,19.85035706,229902400
2013-12-18,17.16076851,19.67035675,19.69464302,19.24285698,19.63214302,565863200
2013-12-19,16.9641552,19.44499969,19.6428566,19.41892815,19.625,320308800
2013-12-20,17.10623741,19.60785675,19.70035744,19.45785713,19.47964287,436413600
2013-12-23,17.76273727,20.36035728,20.38285637,20.09857178,20.2857132,501306400
2013-12-24,17.68733215,20.2739296,20.42428589,20.21535683,20.35321426,167554800
2013-12-26,17.56986427,20.13928604,20.3392868,20.12071419,20.28928566,204008000
2013-12-27,17.45115662,20.00321388,20.15749931,19.9821434,20.13642883,225884400
2013-12-30,17.27760696,19.80428505,20.00321388,19.72571373,19.9092865,253629600
2013-12-31,17.48013687,20.03642845,20.04571342,19.7857132,19.79178619,223084400
2014-01-02,17.23429298,19.75464249,19.89392853,19.71500015,19.84571457,234684800
2014-01-03,16.85573196,19.32071495,19.77499962,19.30107117,19.74500084,392467600
2014-01-06,16.94764519,19.42607117,19.52857018,19.05714226,19.19464302,412610800
2014-01-07,16.82644653,19.28714371,19.4985714,19.2114296,19.44000053,317209200
2014-01-08,16.93300056,19.4092865,19.48428535,19.23892975,19.24321365,258529600
2014-01-09,16.71676445,19.16142845,19.53071404,19.11964226,19.52857018,279148800
2014-01-10,16.60522079,19.03357124,19.31428528,18.96821404,19.27964211,304976000
2014-01-13,16.69215393,19.13321495,19.375,18.92428589,18.92535782,378492800
2014-01-14,17.02429581,19.51392937,19.52607155,19.20214272,19.22214317,332561600
2014-01-15,17.3660984,19.90571404,20.00714302,19.70214272,19.76857185,391638800
2014-01-16,17.26919174,19.7946434,19.88750076,19.70285606,19.81785774,229278000
2014-01-17,16.84606934,19.30964279,19.71678543,19.28214264,19.69571495,426739600
2014-01-21,17.10779572,19.60964394,19.64535713,19.30071449,19.32107162,328526800
2014-01-22,17.18382645,19.69678688,19.9032135,19.56464386,19.67535782,379985200
2014-01-23,17.32932281,19.86357117,19.875,19.45750046,19.64071465,403239200
2014-01-24,17.01432419,19.50250053,19.84357071,19.4553566,19.7857132,429354800
2014-01-27,17.15235138,19.6607132,19.81428528,19.4910717,19.64535713,554878800
2014-01-28,15.78141594,18.0892868,18.3928566,17.93107033,18.17000008,1065523200
2014-01-29,15.60225296,17.8839283,18.12035751,17.80785751,17.99821472,502810000
2014-01-30,15.57203579,17.84928513,18.0892868,17.73928642,17.9478569,678501600
2014-01-31,15.59757996,17.87857056,17.91178513,17.62678528,17.68499947,464797200
2014-02-03,15.62655067,17.91178513,18.13321495,17.83214378,17.95035744,401464000
2014-02-04,15.85275745,18.1710701,18.19499969,17.95571327,18.06607056,376681200
2014-02-05,15.97116184,18.30678558,18.40285683,18.0803566,18.09142876,328344800
2014-02-06,16.06426048,18.30392838,18.3392868,18.13607025,18.21642876,257765200
2014-02-07,16.28899384,18.55999947,18.67607117,18.47785759,18.62071419,370280400
2014-02-10,16.58080482,18.89249992,18.99964333,18.5,18.52357101,345559200
2014-02-11,16.79927635,19.1414299,19.2053566,18.9107132,18.95035744,282256800
2014-02-12,16.79802513,19.13999939,19.27000046,19.04428673,19.17678642,308100800
2014-02-13,17.06476593,19.44392967,19.45892906,19.07857132,19.09499931,307398000
2014-02-14,17.05097389,19.42821312,19.49928665,19.3289299,19.37392807,272924400
2014-02-18,17.11366463,19.49964333,19.68535614,19.48607063,19.5,260251600
2014-02-19,16.84346962,19.19178581,19.53178596,19.08392906,19.4553566,313768000
2014-02-20,16.64850426,18.96964264,19.1785717,18.8928566,19.03535652,305858000
2014-02-21,16.46357918,18.7589283,19.09178543,18.73571396,19.0282135,278784800
2014-02-24,16.53567314,18.84107018,18.92571449,18.65785789,18.68392944,288909600
2014-02-25,16.36359024,18.64500046,18.91321373,18.6071434,18.90642929,231952000
2014-02-26,16.21596336,18.47678566,18.75,18.41428566,18.70035744,276217200
2014-02-27,16.53943253,18.84535789,18.88500023,18.43035698,18.46928596,301882000
2014-02-28,16.49461365,18.79428673,19.0267868,18.64714241,18.89571381,371968800
2014-03-03,16.54225159,18.84857178,18.95178604,18.67178535,18.69357109,238781200
2014-03-04,16.65132713,18.97285652,19.02285767,18.84892845,18.9642868,259140000
2014-03-05,16.68643379,19.01285744,19.0982132,18.89749908,18.9614296,200062800
2014-03-06,16.63597679,18.9553566,19.08714294,18.86071396,19.0282135,185488800
2014-03-07,16.62625694,18.94428635,18.99928665,18.78750038,18.96750069,220729600
2014-03-10,16.64130211,18.9614296,19.04750061,18.86928558,18.87000084,178584000
2014-03-11,16.80335236,19.14607048,19.24071312,19.02107048,19.12321472,279224400
2014-03-12,16.81965065,19.16464233,19.19107056,19,19.08964348,199326400
2014-03-13,16.6328392,18.95178604,19.27357101,18.89857101,19.19428635,257742800
2014-03-14,16.44602585,18.73892975,18.96035767,18.6785717,18.8853569,237199200
2014-03-17,16.51028061,18.81214333,18.92749977,18.78035736,18.84642982,199544800
2014-03-18,16.65634346,18.97857094,18.99892807,18.75714302,18.78214264,209647200
2014-03-19,16.65195847,18.97357178,19.15142822,18.8928566,19.00928688,224756000
2014-03-20,16.57171631,18.88214302,19.0239296,18.83392906,18.92464256,208398400
2014-03-21,16.70241547,19.03107071,19.0625,18.79750061,18.99749947,374046400
2014-03-24,16.90052223,19.25678635,19.3035717,19.10928535,19.22928619,355700800
2014-03-25,17.08232307,19.46392822,19.4910717,19.27107048,19.3392868,282293200
2014-03-26,16.91900826,19.27785683,19.6071434,19.24500084,19.51857185,299768000
2014-03-27,16.8462944,19.19499969,19.3392868,19.11142921,19.28642845,222031600
2014-03-28,16.82747841,19.17357063,19.24785614,19.0803566,19.22571373,200564000
2014-03-31,16.82372284,19.16928673,19.31464386,19.14035606,19.25821495,168669200
2014-04-01,16.9776268,19.34464264,19.35250092,19.17035675,19.20571327,200760000
2014-04-02,17.00583839,19.37678528,19.40999985,19.29500008,19.37071419,180420800
2014-04-03,16.88798141,19.24250031,19.375,19.20142937,19.33535767,162344000
2014-04-04,16.66951561,18.99357033,19.2857132,18.94928551,19.27892876,275251200
2014-04-07,16.40778542,18.69535637,18.96071434,18.63892937,18.85785675,289850400
2014-04-08,16.40685081,18.69428635,18.79000092,18.52499962,18.75678635,243888400
2014-04-09,16.62249184,18.94000053,18.94607162,18.64357185,18.66571426,206169600
2014-04-10,16.40810013,18.69571495,19.00857162,18.68464279,18.95285606,239652000
2014-04-11,16.28680038,18.55750084,18.67250061,18.46928596,18.5357132,271717600
2014-04-14,16.35168457,18.63142967,18.64857101,18.4717865,18.63928604,205674000
2014-04-15,16.23508263,18.4985714,18.62999916,18.26178551,18.58107185,266490000
2014-04-16,16.2679882,18.53607178,18.61035728,18.36214256,18.50178528,214765600
2014-04-17,16.4538765,18.74785614,18.84857178,18.54285622,18.5714283,284334400
2014-04-21,16.64914322,18.97035789,19.00499916,18.71285629,18.76214218,182548800
2014-04-22,16.6657505,18.98928642,18.99392891,18.8035717,18.86821365,202563200
2014-04-23,16.44791031,18.7410717,18.96892929,18.73035622,18.89500046,394940000
2014-04-24,17.79633522,20.27750015,20.3571434,20.02607155,20.2932148,759911600
2014-04-25,17.92704582,20.42642975,20.42821312,20.1414299,20.16178513,390275200
2014-04-28,18.62132263,21.21750069,21.2767868,20.44821358,20.45714378,669485600
2014-04-29,18.56614876,21.15464211,21.28499985,21.05392838,21.20499992,337377600
2014-04-30,18.49594307,21.07464218,21.40821457,21.06428528,21.16571426,456640800
2014-05-01,18.53951263,21.12428665,21.24285698,20.94142914,21.1428566,244048000
2014-05-02,18.5739975,21.1635704,21.22142982,21.0610714,21.15500069,191514400
2014-05-05,18.83665657,21.46285629,21.4642868,21.0714283,21.07642937,287067200
2014-05-06,18.63135529,21.22892952,21.58607101,21.22892952,21.49285698,374564400
2014-05-07,18.56614876,21.15464211,21.3317852,20.99035645,21.2589283,282864400
2014-05-08,18.53305626,20.99964333,21.22892952,20.94285774,21.0089283,230297200
2014-05-09,18.45583344,20.91214371,20.9375,20.7260704,20.8764286,291597600
2014-05-12,18.68560791,21.17250061,21.20214272,20.97857094,20.98178673,213208800
2014-05-13,18.71492195,21.20571327,21.2335701,21.09642982,21.1428566,159737200
2014-05-14,18.71839333,21.20964241,21.33571434,21.13357162,21.15821457,166404000
2014-05-15,18.55921745,21.02928543,21.30714226,21.0014286,21.23928642,230846000
2014-05-16,18.83312416,21.33964348,21.34035683,20.90714264,21.02249908,276256400
2014-05-19,19.05628395,21.59250069,21.69035721,21.33321381,21.35178566,317755200
2014-05-20,19.06005859,21.5967865,21.65714264,21.45464325,21.58964348,234836000
2014-05-21,19.11049271,21.65392876,21.66785622,21.50214386,21.56535721,196859600
2014-05-22,19.14075089,21.68821335,21.78035736,21.57500076,21.66428566,200760000
2014-05-23,19.35697556,21.93321419,21.95464325,21.65964317,21.6875,232209600
2014-05-27,19.7194519,22.34392929,22.35214233,21.98678589,21.99571419,348866000
2014-05-28,19.66838646,22.28607178,22.49392891,22.27785683,22.35785675,315481600
2014-05-29,20.02676201,22.69214249,22.74535751,22.42035675,22.42321396,376474000
2014-05-30,19.95174408,22.6071434,23.00607109,22.46071434,22.78499985,564020800
2014-06-02,19.81464195,22.45178604,22.67250061,22.2321434,22.6414299,369350800
2014-06-03,20.0948391,22.7692852,22.81214333,22.4375,22.44499969,292709200
2014-06-04,20.3243103,23.02928543,23.13892937,22.71821404,22.76571465,335482000
2014-06-05,20.40405273,23.11964226,23.19178581,22.95035744,23.07857132,303805600
2014-06-06,20.34793854,23.05607033,23.25928688,23.01678658,23.21071434,349938400
2014-06-09,20.67353439,23.42499924,23.46999931,22.9375,23.17499924,301660000
2014-06-10,20.79488754,23.5625,23.76250076,23.39249992,23.68250084,251108000
2014-06-11,20.70883751,23.46500015,23.69000053,23.36750031,23.53249931,182724000
2014-06-12,20.36244011,23.07250023,23.53000069,22.97500038,23.51000023,218996000
2014-06-13,20.13959885,22.81999969,23.11000061,22.71999931,23.04999924,218100000
2014-06-16,20.3425808,23.04999924,23.1875,22.86249924,22.87750053,142244000
2014-06-17,20.31611252,23.02000046,23.17499924,22.95000076,23.07749939,118904000
2014-06-18,20.3381691,23.04500008,23.07250023,22.83749962,23.06749916,134056000
2014-06-19,20.26756668,22.96500015,23.07500076,22.83499908,23.07250023,142112000
2014-06-20,20.05796814,22.72750092,23.13750076,22.72500038,22.96249962,403592000
2014-06-23,20.04031372,22.70750046,22.90500069,22.64999962,22.82999992,174776000
2014-06-24,19.91896057,22.56999969,22.93499947,22.54750061,22.6875,156144000
2014-06-25,19.93661499,22.59000015,22.67499924,22.41250038,22.55249977,147476000
2014-06-26,20.05575752,22.72500038,22.76250076,22.45000076,22.59250069,130516000
2014-06-27,20.29404068,22.99500084,23,22.69249916,22.70499992,256116000
2014-06-30,20.50365067,23.23250008,23.43250084,23.02249908,23.02499962,197929200
2014-07-01,20.63382149,23.37999916,23.51749992,23.28249931,23.37999916,152892000
2014-07-02,20.62499237,23.37000084,23.51499939,23.27249908,23.46750069,113860000
2014-07-03,20.74634933,23.50749969,23.52499962,23.29999924,23.41749954,91567200
2014-07-07,21.17438507,23.99250031,23.99749947,23.52499962,23.53499985,225872000
2014-07-08,21.0375824,23.83749962,24.20000076,23.47999954,24.06749916,260888000
2014-07-09,21.04641151,23.84749985,23.98749924,23.69000053,23.86000061,145744000
2014-07-10,20.96918297,23.76000023,23.88750076,23.37999916,23.44000053,158744000
2014-07-11,21.00890541,23.80500031,23.97249985,23.71500015,23.84000015,136072000
2014-07-14,21.28028297,24.11249924,24.22249985,23.91250038,23.96500015,171240000
2014-07-15,21.0309639,23.82999992,24.21249962,23.75749969,24.20000076,181911600
2014-07-16,20.91181946,23.69499969,24.27499962,23.68499947,24.24250031,213585200
2014-07-17,20.53895378,23.27249908,23.81999969,23.14249992,23.75749969,229192000
2014-07-18,20.83459282,23.60750008,23.68499947,23.25499916,23.40500069,199952000
2014-07-21,20.72649193,23.48500061,23.75,23.43000031,23.74749947,156316000
2014-07-22,20.89858246,23.68000031,23.72249985,23.53000069,23.67000008,220788000
2014-07-23,21.44355583,24.29750061,24.46999931,23.79249954,23.85499954,371672000
2014-07-24,21.40824699,24.25749969,24.32999992,24.10499954,24.26000023,182916000
2014-07-25,21.54945755,24.41749954,24.45999908,24.15999985,24.21249962,173876000
2014-07-28,21.84731865,24.75499916,24.80999947,24.38750076,24.45499992,221272000
2014-07-29,21.70610619,24.59499931,24.86000061,24.5625,24.83250046,172572000
2014-07-30,21.65536308,24.53750038,24.67499924,24.41749954,24.61000061,132040000
2014-07-31,21.0927372,23.89999962,24.36249924,23.83250046,24.29000092,227372000
2014-08-01,21.20968246,24.03249931,24.15500069,23.70249939,23.72500038,194044000
2014-08-04,21.09053993,23.89749908,24.14500046,23.79249954,24.09250069,159832000
2014-08-05,20.98683929,23.78000069,23.92000008,23.59000015,23.84000015,223732000
2014-08-06,20.95153809,23.73999977,23.87000084,23.67749977,23.6875,154232000
2014-08-07,20.94932556,23.62000084,23.98749924,23.52499962,23.73250008,186844000
2014-08-08,21.00697136,23.68499947,23.70499992,23.31999969,23.56500053,167460000
2014-08-11,21.28413582,23.99749947,24.02000046,23.70999908,23.81749916,146340000
2014-08-12,21.27970695,23.99250031,24.21999931,23.90250015,24.01000023,135180000
2014-08-13,21.561306,24.30999947,24.30999947,24.01000023,24.03750038,127664000
2014-08-14,21.61895561,24.375,24.39249992,24.20000076,24.33250046,112464000
2014-08-15,21.72538185,24.49500084,24.54750061,24.21500015,24.47500038,195804000
2014-08-18,21.98703003,24.79000092,24.84250069,24.49500084,24.62249947,190288000
2014-08-19,22.29080772,25.13249969,25.17000008,24.82999992,24.85250092,277596000
2014-08-20,22.29967308,25.14249992,25.27249908,24.98749924,25.11000061,210796000
2014-08-21,22.30188942,25.14500046,25.23500061,25.02750015,25.14249992,133912000
2014-08-22,22.46597481,25.32999992,25.36750031,25.04750061,25.07250023,176736000
2014-08-25,22.51475334,25.38500023,25.54249954,25.31999969,25.44750023,161080000
2014-08-26,22.37062263,25.22249985,25.375,25.21500015,25.35499954,132608000
2014-08-27,22.64558029,25.53249931,25.64249992,25.17499924,25.25499916,209476000
2014-08-28,22.67218208,25.5625,25.69499969,25.38999939,25.39749908,273840000
2014-08-29,22.72762108,25.625,25.72500038,25.54999924,25.71500015,178380000
2014-09-02,22.90501022,25.82500076,25.93499947,25.68000031,25.76499939,214256000
2014-09-03,21.93825531,24.73500061,25.79999924,24.64500046,25.77499962,501684000
2014-09-04,21.75642776,24.53000069,25.02249908,24.44750023,24.71249962,342872000
2014-09-05,21.94490623,24.74250031,24.84749985,24.57749939,24.70000076,233828000
2014-09-08,21.80964088,24.59000015,24.82749939,24.51250076,24.82500076,185426800
2014-09-09,21.72760773,24.49749947,25.77000046,24.03499985,24.77000046,759385200
2014-09-10,22.39501953,25.25,25.27750015,24.44000053,24.50250053,403478400
2014-09-11,22.49036217,25.35750008,25.36000061,24.90500069,25.10250092,249412400
2014-09-12,22.54136467,25.41500092,25.54750061,25.27000046,25.30249977,250504400
2014-09-15,22.53470993,25.40749931,25.76250076,25.36000061,25.70249939,245266000
2014-09-16,22.36397934,25.21500015,25.31500053,24.72249985,24.95000076,267632400
2014-09-17,22.52362061,25.39500046,25.45000076,25.14749908,25.31749916,243706000
2014-09-18,22.57019424,25.44750023,25.58749962,25.38999939,25.48250008,149197600
2014-09-19,22.38615227,25.23999977,25.58749962,25.125,25.57250023,283609600
2014-09-22,22.40831757,25.26499939,25.53499985,25.14500046,25.45000076,211153600
2014-09-23,22.75866699,25.65999985,25.73500061,25.13500023,25.14999962,253608800
2014-09-24,22.56131935,25.4375,25.71249962,25.29999924,25.54000092,240687200
2014-09-25,21.70099831,24.46750069,25.17749977,24.43000031,25.12750053,400368000
2014-09-26,22.33958244,25.1875,25.1875,24.60000038,24.63249969,249482000
2014-09-29,22.1976757,25.02750015,25.11000061,24.65749931,24.66250038,199065200
2014-09-30,22.33958244,25.1875,25.38500023,25.13249969,25.20249939,221056400
2014-10-01,21.99146843,24.79500008,25.17250061,24.67499924,25.14749908,205965200
2014-10-02,22.15111351,24.97500038,25.05500031,24.51000023,24.81749916,191031200
2014-10-03,22.08902931,24.90500069,25.05249977,24.76000023,24.86000061,173878400
2014-10-06,22.08902931,24.90500069,25.16250038,24.85499954,24.98749924,148204800
2014-10-07,21.89611816,24.6875,25.03000069,24.68250084,24.85750008,168376800
2014-10-08,22.35067177,25.20000076,25.27750015,24.57749939,24.69000053,229618800
2014-10-09,22.39945793,25.25499916,25.59499931,25.15250015,25.38500023,309506000
2014-10-10,22.33514977,25.18250084,25.50749969,25.07500076,25.17250061,265326400
2014-10-13,22.13116074,24.95249939,25.44499969,24.95249939,25.33250046,214333600
2014-10-14,21.89611816,24.6875,25.12999916,24.64249992,25.09749985,254754400
2014-10-15,21.62782478,24.38500023,24.78750038,23.79500008,24.49250031,403734400
2014-10-16,21.3440094,24.06500053,24.43000031,23.85250092,23.88750076,288618000
2014-10-17,21.65665245,24.41749954,24.75,24.20249939,24.375,272718800
2014-10-20,22.12007332,24.94000053,24.98999977,24.55500031,24.57999992,310069200
2014-10-21,22.72096443,25.61750031,25.75499916,25.31749916,25.75499916,378495600
2014-10-22,22.83626747,25.74749947,26.02750015,25.64999962,25.70999908,273052400
2014-10-23,23.24425507,26.20750046,26.26250076,25.90749931,26.02000046,284298800
2014-10-24,23.33073235,26.30500031,26.37249947,26.13249969,26.29500008,188215600
2014-10-27,23.30633545,26.27750015,26.37000084,26.17499924,26.21249962,136750800
2014-10-28,23.66776466,26.68499947,26.68499947,26.33749962,26.35000038,192243600
2014-10-29,23.80080223,26.83499908,26.84250069,26.59000015,26.66250038,210751600
2014-10-30,23.72098351,26.74500084,26.83749962,26.47500038,26.73999977,162619200
2014-10-31,23.94714546,27,27.01000023,26.80249977,27.00250053,178557200
2014-11-03,24.2575779,27.35000038,27.57500076,27.00250053,27.05500031,209130400
2014-11-04,24.08018684,27.14999962,27.37249947,26.93000031,27.34000015,166297600
2014-11-05,24.13784027,27.21500015,27.32500076,27.03249931,27.27499962,149743600
2014-11-06,24.20687485,27.17499924,27.19750023,26.95000076,27.14999962,139874000
2014-11-07,24.27591133,27.25250053,27.32999992,27.13750076,27.1875,134766000
2014-11-10,24.23582458,27.20750046,27.33250046,27.16749954,27.25499916,108782000
2014-11-11,24.42956924,27.42499924,27.4375,27.10000038,27.17499924,109769200
2014-11-12,24.77474785,27.8125,27.85750008,27.34250069,27.34499931,187769600
2014-11-13,25.12437439,28.20499992,28.36249924,27.89999962,27.95000076,238091600
2014-11-14,25.42723846,28.54500008,28.54750061,27.80249977,28.28750038,176254400
2014-11-17,25.38493156,28.49749947,29.31999969,28.32500076,28.56749916,186986800
2014-11-18,25.71451759,28.86750031,28.92250061,28.47249985,28.48500061,176896000
2014-11-19,25.53635788,28.66749954,28.93499947,28.45000076,28.86000061,167476800
2014-11-20,25.901577,29.07749939,29.21500015,28.71249962,28.72750092,173582000
2014-11-21,25.9372139,29.11750031,29.39249992,29.00749969,29.37750053,228717200
2014-11-24,26.41822815,29.65749931,29.69249916,29.15500069,29.21249962,189803200
2014-11-25,26.1888504,29.39999962,29.9375,29.36249924,29.76749992,275361600
2014-11-26,26.50062561,29.75,29.77499962,29.45750046,29.48500061,163073200
2014-11-28,26.48503876,29.73250008,29.85000038,29.51250076,29.81749916,99257600
2014-12-01,25.62543678,28.76749992,29.8125,27.81749916,29.70249939,335256000
2014-12-02,25.52745247,28.65749931,28.9375,28.1875,28.375,237395600
2014-12-03,25.81695557,28.98250008,29.08749962,28.77750015,28.9375,172253600
2014-12-04,25.71896553,28.87249947,29.29999924,28.82250023,28.94249916,168178000
2014-12-05,25.60985184,28.75,29.02000046,28.65999985,28.99749947,153275600
2014-12-08,25.03083611,28.10000038,28.66250038,27.90500069,28.52499962,230659600
2014-12-09,25.41387367,28.53000069,28.57500076,27.33749962,27.54750061,240832000
2014-12-10,24.93063354,27.98749924,28.71249962,27.88500023,28.60250092,178261200
2014-12-11,24.85714531,27.90500069,28.45000076,27.83499908,28.06500053,165606800
2014-12-12,24.43625259,27.43250084,27.96750069,27.39500046,27.61499977,224112400
2014-12-15,24.10220528,27.05750084,27.89999962,26.58749962,27.67499924,268872400
2014-12-16,23.77261925,26.6875,27.54000092,26.56500053,26.59250069,243162800
2014-12-17,24.36499023,27.35250092,27.45999908,26.70499992,26.78000069,213647200
2014-12-18,25.08651543,28.16250038,28.16250038,27.66500092,27.96750069,236024800
2014-12-19,24.89277267,27.94499969,28.30999947,27.91500092,28.06500053,353719200
2014-12-22,25.15109825,28.23500061,28.37249947,27.99250031,28.04000092,180670000
2014-12-23,25.06201935,28.13500023,28.33250046,28.11499977,28.30750084,104113600
2014-12-24,24.94399643,28.00250053,28.17749977,28.00250053,28.14500046,57918400
2014-12-26,25.38493156,28.49749947,28.62999916,28.00250053,28.02499962,134884000
2014-12-29,25.36711311,28.47750092,28.69249916,28.42499924,28.44750023,110395600
2014-12-30,25.05756569,28.12999916,28.47999954,28.02750015,28.40999985,119526000
2014-12-31,24.58099937,27.59499931,28.28249931,27.55249977,28.20499992,165613600
2015-01-02,24.34717178,27.33250046,27.86000061,26.83749962,27.84749985,212818400
2015-01-05,23.66126633,26.5625,27.16250038,26.35250092,27.07250023,257142000
2015-01-06,23.66349792,26.56500053,26.85750008,26.15749931,26.63500023,263188400
2015-01-07,23.99531937,26.9375,27.04999924,26.67499924,26.79999924,160423600
2015-01-08,24.91727829,27.97249985,28.03750038,27.17499924,27.30750084,237458000
2015-01-09,24.94399643,28.00250053,28.3125,27.55249977,28.16749954,214798000
2015-01-12,24.32935524,27.3125,28.15749931,27.20000076,28.14999962,198603200
2015-01-13,24.5453701,27.55500031,28.20000076,27.22750092,27.85750008,268367600
2015-01-14,24.45184135,27.45000076,27.62249947,27.125,27.26000023,195826400
2015-01-15,23.78821182,26.70499992,27.51499939,26.66500092,27.5,240056000
2015-01-16,23.60337257,26.49749947,26.89500046,26.29999924,26.75749969,314053200
2015-01-20,24.21133041,27.18000031,27.24250031,26.625,26.95999908,199599600
2015-01-21,24.39616394,27.38750076,27.76499939,27.06749916,27.23749924,194303600
2015-01-22,25.03083611,28.10000038,28.11750031,27.43000031,27.56500053,215185600
2015-01-23,25.16000748,28.24500084,28.4375,27.88249969,28.07500076,185859200
2015-01-26,25.18673134,28.27499962,28.59000015,28.20000076,28.43499947,222460000
2015-01-27,24.30486107,27.28499985,28.12000084,27.25749969,28.10499954,382274800
2015-01-28,25.6788826,28.82749939,29.53000069,28.82749939,29.40749931,585908400
2015-01-29,26.47835732,29.72500038,29.79750061,28.88999939,29.07999992,337745600
2015-01-30,26.09087181,29.29000092,30,29.21249962,29.60000038,334982000
2015-02-02,26.41822815,29.65749931,29.79249954,29.02000046,29.51250076,250956400
2015-02-03,26.42268372,29.66250038,29.77249908,29.40250015,29.625,207662800
2015-02-04,26.62533188,29.88999939,30.12750053,29.57749939,29.625,280598800
2015-02-05,26.81537628,29.98500061,30.05750084,29.8125,30.00499916,168984800
2015-02-06,26.58956337,29.73250008,30.0625,29.61249924,30.00499916,174826400
2015-02-09,26.76618576,29.93000031,29.95999908,29.60750008,29.63750076,155559200
2015-02-10,27.28040695,30.50499916,30.53750038,30.04000092,30.04249954,248034000
2015-02-11,27.91982079,31.21999931,31.22999954,30.625,30.69249916,294247200
2015-02-12,28.2730751,31.61499977,31.87000084,31.39249992,31.51499939,297898000
2015-02-13,28.41168404,31.77000046,31.81999969,31.41250038,31.81999969,217088800
2015-02-17,28.57937622,31.95750046,32.22000122,31.72999954,31.87249947,252609600
2015-02-18,28.77834511,32.18000031,32.19499969,31.86249924,31.90749931,179566800
2015-02-19,28.71797943,32.11249924,32.25749969,32.08250046,32.11999893,149449600
2015-02-20,28.95273209,32.375,32.375,32.01250076,32.15499878,195793600
2015-02-23,29.73523903,33.25,33.25,32.41500092,32.50500107,283896400
2015-02-24,29.5496769,33.04249954,33.40000153,32.79249954,33.23500061,276912400
2015-02-25,28.79400444,32.19749832,32.90000153,32.03749847,32.88999939,298846800
2015-02-26,29.15841675,32.60499954,32.71749878,31.65250015,32.19749832,365150000
2015-02-27,28.72021675,32.11500168,32.64250183,32.06000137,32.5,248059200
2015-03-02,28.86106491,32.27249908,32.56999969,32.07500076,32.3125,192386800
2015-03-03,28.92143059,32.34000015,32.38000107,32.02249908,32.24000168,151265200
2015-03-04,28.73809433,32.13499832,32.38999939,32.08000183,32.27500153,126665200
2015-03-05,28.26189041,31.60250092,32.1875,31.44000053,32.14500046,226068400
2015-03-06,28.30436897,31.64999962,32.34249878,31.56500053,32.09999847,291368400
2015-03-09,28.42509651,31.78499985,32.39250183,31.26499939,31.98999977,354114000
2015-03-10,27.8371067,31.12750053,31.80500031,30.95000076,31.60250092,275426400
2015-03-11,27.32958794,30.55999947,31.19249916,30.52750015,31.1875,275756000
2015-03-12,27.82369041,31.11249924,31.22500038,30.40749931,30.57749939,193450800
2015-03-13,27.6314106,30.89749908,31.35000038,30.64500046,31.10000038,207309200
2015-03-16,27.9354744,31.23749924,31.23749924,30.71750069,30.96999931,143497200
2015-03-17,28.40274429,31.76000023,31.82999992,31.41250038,31.47500038,204092400
2015-03-18,28.72244644,32.11750031,32.29000092,31.59250069,31.75,261083600
2015-03-19,28.50558281,31.875,32.3125,31.85000038,32.1875,183238000
2015-03-20,28.14786911,31.47500038,32.09999847,31.29000092,32.0625,274780400
2015-03-23,28.4407444,31.80249977,31.96249962,31.62999916,31.78000069,150838800
2015-03-24,28.3244915,31.67250061,32.00999832,31.63999939,31.80750084,131369200
2015-03-25,27.58446312,30.84499931,31.70499992,30.84499931,31.63500023,206620800
2015-03-26,27.77673531,31.05999947,31.21999931,30.64999962,30.69000053,190291600
2015-03-27,27.55539894,30.8125,31.17499924,30.72750092,31.14249992,158184800
2015-03-30,28.25295067,31.59250069,31.60000038,31,31.01250076,188398800
2015-03-31,27.81921577,31.10750008,31.62249947,31.09000015,31.52249908,168362400
2015-04-01,27.77897835,31.0625,31.28000069,30.77499962,31.20499992,162485600
2015-04-02,28.01819611,31.32999992,31.38999939,31.04750061,31.25749969,128880400
2015-04-06,28.47205162,31.83749962,31.87750053,31.08250046,31.11750031,148776000
2015-04-07,28.17246628,31.50250053,32.02999878,31.49500084,31.90999985,140049200
2015-04-08,28.0807972,31.39999962,31.60000038,31.24250031,31.46249962,149316800
2015-04-09,28.29542732,31.63999939,31.64500046,31.16500092,31.46249962,129936000
2015-04-10,28.41615868,31.77499962,31.80249977,31.31500053,31.48749924,160752000
2015-04-13,28.36026573,31.71249962,32.14250183,31.65250015,32.09249878,145460400
2015-04-14,28.23730278,31.57500076,31.82250023,31.47750092,31.75,102098400
2015-04-15,28.34461403,31.69499969,31.78249931,31.50250053,31.60250092,115881600
2015-04-16,28.20823669,31.54249954,31.77499962,31.52750015,31.56999969,113476000
2015-04-17,27.89076424,31.1875,31.53499985,31.11499977,31.38750076,207828000
2015-04-20,28.52794456,31.89999962,32.02999878,31.29249954,31.39249992,188217200
2015-04-21,28.37368202,31.72750092,32.04999924,31.66749954,32.02500153,129740400
2015-04-22,28.75598717,32.15499878,32.21749878,31.57999992,31.74749947,150618000
2015-04-23,28.99073982,32.41749954,32.60499954,32.03499985,32.07500076,183083600
2015-04-24,29.12710953,32.56999969,32.65750122,32.30749893,32.62250137,178103600
2015-04-27,29.65698814,33.16249847,33.28250122,32.78749847,33.07749939,387816800
2015-04-28,29.18972206,32.63999939,33.63499832,32.39250183,33.61500168,475696000
2015-04-29,28.7604599,32.15999985,32.89749908,32.07500076,32.54000092,253544400
2015-04-30,27.98018837,31.28750038,32.15999985,31.14500046,32.15999985,332781600
2015-05-01,28.82976913,32.23749924,32.53250122,31.32500076,31.52499962,234050400
2015-05-04,28.77388,32.17499924,32.64250183,32.06499863,32.375,203953200
2015-05-05,28.12551308,31.45000076,32.11249924,31.44499969,32.03749847,197085600
2015-05-06,27.94889069,31.25250053,31.6875,30.84000015,31.63999939,288564000
2015-05-07,28.12175941,31.31500053,31.52000046,31.00499916,31.19249916,175763600
2015-05-08,28.65159607,31.90500069,31.90500069,31.52750015,31.67000008,222201600
2015-05-11,28.3597374,31.57999992,31.88999939,31.40749931,31.84749985,168143200
2015-05-12,28.25871086,31.46750069,31.71999931,31.20499992,31.39999962,192640000
2015-05-13,28.29013634,31.50250053,31.79750061,31.46750069,31.53750038,138776800
2015-05-14,28.95018768,32.23749924,32.23749924,31.79000092,31.85250092,180814000
2015-05-15,28.90977859,32.19250107,32.37250137,32.05250168,32.26750183,152832000
2015-05-18,29.22858047,32.54750061,32.68000031,32.09000015,32.09500122,203531600
2015-05-19,29.20163727,32.51750183,32.72000122,32.40999985,32.67250061,178532800
2015-05-20,29.19939804,32.51499939,32.74499893,32.33499908,32.5,145819600
2015-05-21,29.49798584,32.84749985,32.90750122,32.45750046,32.51750183,158921600
2015-05-22,29.75616264,33.13499832,33.24250031,32.84999847,32.90000153,182384000
2015-05-26,29.10060501,32.40499878,33.22750092,32.27999878,33.15000153,282790400
2015-05-27,29.64391518,33.00999832,33.06499863,32.51250076,32.58499908,183332800
2015-05-28,29.58554268,32.94499969,32.98749924,32.77500153,32.96500015,122933200
2015-05-29,29.24878311,32.56999969,32.86249924,32.47499847,32.80749893,203538000
2015-06-01,29.30715561,32.63499832,32.84749985,32.51250076,32.56999969,128451200
2015-06-02,29.17694855,32.49000168,32.66500092,32.33000183,32.46500015,134670400
2015-06-03,29.21286201,32.52999878,32.73500061,32.47499847,32.66500092,123934000
2015-06-04,29.04223633,32.34000015,32.64500046,32.22750092,32.39500046,153800400
2015-06-05,28.8828373,32.16249847,32.42250061,32.09000015,32.375,142507200
2015-06-08,28.69200897,31.95000076,32.30250168,31.70750046,32.22499847,210699200
2015-06-09,28.60669708,31.85499954,32.02000046,31.40500069,31.67499924,224301600
2015-06-10,28.93447304,32.22000122,32.33499908,31.96249962,31.97999954,156349200
2015-06-11,28.86936951,32.14749908,32.54499817,32.11999893,32.29499817,141563600
2015-06-12,28.5505619,31.79249954,32.08250046,31.77750015,32.04750061,147544800
2015-06-15,28.49444389,31.72999954,31.80999947,31.42749977,31.52499962,175955600
2015-06-16,28.64710236,31.89999962,31.96249962,31.59250069,31.75749969,125976400
2015-06-17,28.57975769,31.82500076,31.96999931,31.68499947,31.93000031,131672400
2015-06-18,28.70996666,31.96999931,32.07749939,31.80500031,31.80750084,141628800
2015-06-19,28.42259598,31.64999962,31.95499992,31.60000038,31.92749977,218867600
2015-06-22,28.64934921,31.90250015,32.01499939,31.77000046,31.87249947,136157200
2015-06-23,28.51913452,31.75749969,31.90250015,31.71999931,31.87000084,121075600
2015-06-24,28.76160431,32.02750015,32.45000076,31.78000069,31.80249977,221123600
2015-06-25,28.62465477,31.875,32.29999924,31.875,32.21500015,127752400
2015-06-26,28.45627594,31.6875,31.99749947,31.62750053,31.91749954,176267200
2015-06-29,27.95786095,31.13249969,31.61750031,31.12000084,31.36499977,196645600
2015-06-30,28.15992737,31.35750008,31.53000069,31.21500015,31.39249992,177482800
2015-07-01,28.42259598,31.64999962,31.73500061,31.49749947,31.72500038,120955200
2015-07-02,28.3866787,31.61000061,31.67250061,31.44249916,31.60750008,108844000
2015-07-06,28.28789711,31.5,31.55750084,31.21249962,31.23500061,112241600
2015-07-07,28.21829224,31.42250061,31.53750038,30.94249916,31.47249985,187787200
2015-07-08,27.51783562,30.64249992,31.15999985,30.63500023,31.12000084,243046400
2015-07-09,26.95656776,30.01749992,31.01499939,29.80500031,30.96249962,314380000
2015-07-10,27.67723465,30.81999969,30.96249962,30.30249977,30.48500061,245418000
2015-07-13,28.21156693,31.41500092,31.44000053,31.07999992,31.25749969,165762000
2015-07-14,28.20033646,31.40250015,31.59250069,31.26000023,31.51000023,127072400
2015-07-15,28.4719944,31.70499992,31.78750038,31.39500046,31.43000031,134596800
2015-07-16,28.85140419,32.12749863,32.14250183,31.83749962,31.93499947,144889600
2015-07-17,29.10060501,32.40499878,32.40499878,32.07749939,32.27000046,184658800
2015-07-20,29.65065384,33.01750183,33.24250031,32.67499924,32.74250031,235600800
2015-07-21,29.35429573,32.6875,33.22999954,32.58000183,33.21250153,307025600
2015-07-22,28.11278152,31.30500031,31.375,30.49749947,30.49749947,461802400
2015-07-23,28.09930992,31.29000092,31.77249908,31.26499939,31.54999924,203998000
2015-07-24,27.95113373,31.125,31.43499947,30.97500038,31.32999992,168649200
2015-07-27,27.5627327,30.69249916,30.90250015,30.53000069,30.77249908,177822000
2015-07-28,27.69968224,30.84499931,30.97750092,30.63750076,30.84499931,134472400
2015-07-29,27.61212349,30.74749947,30.875,30.56749916,30.78750038,148046800
2015-07-30,27.47293282,30.59250069,30.64249992,30.42749977,30.57999992,134513200
2015-07-31,27.2327137,30.32500076,30.65999985,30.22750092,30.64999962,171540000
2015-08-03,26.59062195,29.61000061,30.64249992,29.37999916,30.375,279904000
2015-08-04,25.7374897,28.65999985,29.42499924,28.3125,29.35499954,496554400
2015-08-05,25.90812111,28.85000038,29.36000061,28.02499962,28.23749924,397250400
2015-08-06,25.96449852,28.78249931,29.125,28.53000069,28.99250031,211612000
2015-08-07,26.05245399,28.87999916,29.0625,28.625,28.64500046,154681600
2015-08-10,26.99964714,29.93000031,29.99749947,29.13249969,29.13249969,219806400
2015-08-11,25.59464264,28.37249947,29.54500008,28.33250046,29.45249939,388331200
2015-08-12,25.98930931,28.80999947,28.85499954,27.40749931,28.13249969,404870000
2015-08-13,25.96901321,28.78750038,29.10000038,28.63500023,29.01000023,194143200
2015-08-14,26.15168571,28.98999977,29.07749939,28.50250053,28.57999992,171718000
2015-08-17,26.42231369,29.29000092,29.41250038,28.875,29.01000023,163538800
2015-08-18,26.2734623,29.125,29.36000061,29.00250053,29.10750008,138242800
2015-08-19,25.93743706,28.75250053,29.12999916,28.67000008,29.02499962,193146000
2015-08-20,25.40520096,28.16250038,28.58749962,27.90749931,28.52000046,274006400
2015-08-21,23.85134697,26.44000053,27.97500038,26.41250038,27.60750008,513102000
2015-08-24,23.25596619,25.78000069,27.20000076,23,23.71750069,648825200
2015-08-25,23.39578819,25.93499947,27.77750015,25.875,27.77750015,414406400
2015-08-26,24.73765373,27.42250061,27.47249985,26.26250076,26.77249908,387098400
2015-08-27,25.46609116,28.22999954,28.30999947,27.50499916,28.05750084,338464400
2015-08-28,25.54953766,28.32250023,28.32749939,27.88500023,28.04249954,212657600
2015-08-31,25.43000984,28.19000053,28.63249969,28,28.00749969,224917200
2015-09-01,24.29336929,26.93000031,27.96999931,26.84000015,27.53750038,307383600
2015-09-02,25.33528519,28.08499908,28.08499908,27.28249931,27.55750084,247555200
2015-09-03,24.89100456,27.59250069,28.19499969,27.51000023,28.12249947,212935600
2015-09-04,24.6429348,27.31749916,27.61249924,27.12750053,27.24250031,199985200
2015-09-08,25.32852173,28.07749939,28.13999939,27.57999992,27.9375,219374400
2015-09-09,24.84139061,27.53750038,28.50499916,27.44249916,28.44000053,340043200
2015-09-10,25.38715553,28.14249992,28.31999969,27.47500038,27.56749916,251571200
2015-09-11,25.75701523,28.55249977,28.55249977,27.94000053,27.94750023,199662000
2015-09-14,26.00510025,28.82749939,29.22249985,28.71500015,29.14500046,233453600
2015-09-15,26.22385025,29.06999969,29.13249969,28.60499954,28.98250008,173364800
2015-09-16,26.25316429,29.10250092,29.13500023,28.86000061,29.0625,148694000
2015-09-17,25.69161797,28.47999954,29.12249947,28.43000031,28.91500092,256450400
2015-09-18,25.58561897,28.36249924,28.57500076,27.96750069,28.05249977,297141200
2015-09-21,25.98254395,28.80249977,28.84250069,28.41500092,28.41749954,200888000
2015-09-22,25.57433891,28.35000038,28.54500008,28.12999916,28.34499931,201384800
2015-09-23,25.78182411,28.57999992,28.68000031,28.32500076,28.40749931,143026800
2015-09-24,25.93518066,28.75,28.875,28.09250069,28.3125,200878000
2015-09-25,25.86977577,28.67749977,29.17250061,28.50499916,29.11000061,224607600
2015-09-28,25.35783958,28.11000061,28.64249992,28.11000061,28.46249962,208436000
2015-09-29,24.59557343,27.26499939,28.37750053,26.96500015,28.20750046,293461600
2015-09-30,24.87522888,27.57500076,27.88500023,27.18250084,27.54249954,265892000
2015-10-01,24.71285248,27.39500046,27.40500069,26.82749939,27.26749992,255716400
2015-10-02,24.89326096,27.59499931,27.75250053,26.88750076,27.00250053,232079200
2015-10-05,24.98347664,27.69499969,27.84250069,27.26749992,27.46999931,208258800
2015-10-06,25.10300255,27.82749939,27.93499947,27.44249916,27.65749931,192787200
2015-10-07,24.98347664,27.69499969,27.94249916,27.35250092,27.93499947,187062400
2015-10-08,24.69480896,27.375,27.54750061,27.05249977,27.54750061,247918400
2015-10-09,25.28567886,28.03000069,28.06999969,27.37249947,27.5,211064400
2015-10-12,25.16840744,27.89999962,28.1875,27.86000061,28.18250084,121868800
2015-10-13,25.21125603,27.94750023,28.11249924,27.67000008,27.70499992,132197200
2015-10-14,24.85492325,27.55249977,27.87999916,27.38999939,27.82250023,177849600
2015-10-15,25.22703362,27.96500015,28.02499962,27.62249947,27.73250008,150694000
2015-10-16,25.04211044,27.76000023,28,27.63249969,27.94499969,156930400
2015-10-19,25.19772339,27.93250084,27.9375,27.52750015,27.70000076,119036800
2015-10-20,25.65779114,28.44249916,28.54249954,27.70499992,27.83499908,195871200
2015-10-21,25.65553474,28.44000053,28.89500046,28.42499924,28.5,167180800
2015-10-22,26.04794121,28.875,28.875,28.52499962,28.58250046,166616400
2015-10-23,26.85531235,29.77000046,29.80750084,29.08250046,29.17499924,237467600
2015-10-26,25.99832726,28.81999969,29.53249931,28.72999954,29.52000046,265335200
2015-10-27,25.83369446,28.63750076,29.13500023,28.49749947,28.85000038,279537600
2015-10-28,26.89816284,29.81749916,29.82500076,29.01499939,29.23250008,342205600
2015-10-29,27.18232918,30.13249969,30.17250061,29.56749916,29.67499924,204909200
2015-10-30,26.95003319,29.875,30.30500031,29.86249924,30.24749947,197461200
2015-11-02,27.32891464,30.29500008,30.34000015,29.90250015,30.20000076,128813200
2015-11-03,27.64239502,30.64249992,30.87249947,30.17499924,30.19750023,182076000
2015-11-04,27.51384926,30.5,30.95499992,30.40500069,30.78249931,179544400
2015-11-05,27.38701248,30.22999954,30.67250061,30.04500008,30.46249962,158210800
2015-11-06,27.41871071,30.26499939,30.45249939,30.15500069,30.27750015,132169200
2015-11-09,27.30774117,30.14249992,30.45249939,30.01250076,30.23999977,135485600
2015-11-10,26.44708443,29.19249916,29.51749992,29.01499939,29.22500038,236511600
2015-11-11,26.29759789,29.02750015,29.35499954,28.80249977,29.09250069,180872000
2015-11-12,26.20926666,28.93000031,29.20499992,28.91250038,29.06500053,130102400
2015-11-13,25.44373131,28.08499908,28.89249992,28.06749916,28.79999924,183249600
2015-11-16,25.86047554,28.54500008,28.55999947,27.75,27.84499931,152426800
2015-11-17,25.74950027,28.42250061,28.76250076,28.32999992,28.72999954,110467600
2015-11-18,26.56485367,29.32250023,29.37249947,28.875,28.94000053,186698800
2015-11-19,26.90232658,29.69499969,29.9375,29.19000053,29.40999985,173183200
2015-11-20,27.02009964,29.82500076,29.97999954,29.71249962,29.79999924,137148400
2015-11-23,26.66904068,29.4375,29.93250084,29.33499908,29.81749916,129930000
2015-11-24,26.92497253,29.71999931,29.83749962,29.28000069,29.33250046,171212800
2015-11-25,26.73246193,29.50749969,29.80750084,29.47999954,29.80249977,85553200
2015-11-27,26.68262482,29.45249939,29.60250092,29.39999962,29.57250023,52185600
2015-11-30,26.79361153,29.57500076,29.85250092,29.4375,29.49749947,156721200
2015-12-01,26.5761776,29.33499908,29.70249939,29.21500015,29.6875,139409600
2015-12-02,26.33609962,29.06999969,29.52750015,29.02000046,29.33499908,133546400
2015-12-03,26.09149551,28.79999924,29.19750023,28.55500031,29.13750076,166278000
2015-12-04,26.95894051,29.75749969,29.8125,28.77750015,28.82250023,231108000
2015-12-07,26.78908157,29.56999969,29.96500015,29.45249939,29.74500084,128336800
2015-12-08,26.77775383,29.55750084,29.64999962,29.21500015,29.37999916,137238000
2015-12-09,26.1866188,28.90500069,29.42250061,28.77000046,29.40999985,185445600
2015-12-10,26.31118965,29.04249954,29.23500061,28.87750053,29.01000023,116850800
2015-12-11,25.63398933,28.29500008,28.84749985,28.21249962,28.79750061,187544800
2015-12-14,25.4754467,28.12000084,28.17000008,27.44750023,28.04500008,257274800
2015-12-15,25.0247345,27.62249947,28.20000076,27.58749962,27.98500061,213292400
2015-12-16,25.2172451,27.83499908,27.99749947,27.20000076,27.76749992,224954000
2015-12-17,24.68273354,27.24500084,28.0625,27.24500084,28.00499916,179091200
2015-12-18,24.01459312,26.50749969,27.37999916,26.45249939,27.22750092,385813200
2015-12-21,24.30902672,26.83250046,26.84250069,26.39249992,26.81999969,190362400
2015-12-22,24.28638077,26.80750084,26.93000031,26.61249924,26.85000038,131157600
2015-12-23,24.5989399,27.15250015,27.21249962,26.79999924,26.81749916,130629600
2015-12-24,24.46757317,27.00749969,27.25,26.98749924,27.25,54281600
2015-12-28,24.19351959,26.70499992,26.92250061,26.54500008,26.89749908,106816800
2015-12-29,24.62838364,27.18499947,27.35750008,26.71500015,26.73999977,123724800
2015-12-30,24.30676651,26.82999992,27.17499924,26.79500008,27.14500046,100855200
2015-12-31,23.84020233,26.31500053,26.75749969,26.20499992,26.75250053,163649200
2016-01-04,23.86058426,26.33749962,26.34250069,25.5,25.65250015,270597600
2016-01-05,23.26265526,25.67749977,26.46249962,25.60250092,26.4375,223164000
2016-01-06,22.80740929,25.17499924,25.59250069,24.96750069,25.13999939,273829600
2016-01-07,21.84483528,24.11249924,25.03249931,24.10750008,24.67000008,324377600
2016-01-08,21.96034431,24.23999977,24.77750015,24.19000053,24.63750076,283192000
2016-01-11,22.31593323,24.63249969,24.76499939,24.33499908,24.74250031,198957600
2016-01-12,22.63980675,24.98999977,25.17250061,24.70999908,25.13750076,196616800
2016-01-13,22.05773163,24.34749985,25.29750061,24.32500076,25.07999992,249758400
2016-01-14,22.54014969,24.87999916,25.12000084,23.93499947,24.48999977,252680400
2016-01-15,21.99884415,24.28249931,24.42749977,23.84000015,24.04999924,319335600
2016-01-19,21.89239502,24.16500092,24.66250038,23.875,24.60250092,212350800
2016-01-20,21.92183113,24.19750023,24.54750061,23.35499954,23.77499962,289337600
2016-01-21,21.8108654,24.07500076,24.46999931,23.73500061,24.26499939,208646000
2016-01-22,22.97048187,25.35499954,25.36499977,24.59250069,24.65749931,263202000
2016-01-25,22.52203369,24.86000061,25.38249969,24.80249977,25.37999916,207178000
2016-01-26,22.64660072,24.99749947,25.21999931,24.51749992,24.98250008,300308000
2016-01-27,21.15856934,23.35499954,24.15749931,23.33499908,24.01000023,533478800
2016-01-28,21.3103199,23.52249908,23.62999916,23.09749985,23.44750023,222715200
2016-01-29,22.04640961,24.33499908,24.33499908,23.58749962,23.69750023,257666000
2016-02-01,21.84030151,24.10750008,24.17749977,23.85000038,24.11750031,163774000
2016-02-02,21.39865303,23.62000084,24.01000023,23.56999969,23.85499954,149428800
2016-02-03,21.82218742,24.08749962,24.20999908,23.52000046,23.75,183857200
2016-02-04,21.99752426,24.14999962,24.33250046,23.79750061,23.96500015,185886800
2016-02-05,21.4100132,23.50499916,24.22999954,23.42250061,24.12999916,185672400
2016-02-08,21.63545418,23.75250053,23.92499924,23.26000023,23.28249931,216085600
2016-02-09,21.63090134,23.74749947,23.98500061,23.48250008,23.57250023,177324800
2016-02-10,21.46694183,23.56749916,24.08749962,23.52499962,23.97999954,169374400
2016-02-11,21.33714294,23.42499924,23.68000031,23.14749908,23.44750023,200298800
2016-02-12,21.40318489,23.49749947,23.625,23.25250053,23.54750061,161405600
2016-02-16,22.0066452,24.15999985,24.21249962,23.65250015,23.75499916,196231600
2016-02-17,22.34365654,24.53000069,24.55249977,24.03750038,24.16749954,179452800
2016-02-18,21.92010498,24.06500053,24.72249985,24.02249908,24.70999908,156084000
2016-02-19,21.86999893,24.01000023,24.19000053,23.95000076,24,141496800
2016-02-22,22.06128693,24.21999931,24.22500038,23.97999954,24.07749939,137123200
2016-02-23,21.56258583,23.67250061,24.125,23.63750076,24.10000038,127770400
2016-02-24,21.88366508,24.02499962,24.09499931,23.32999992,23.49500084,145022800
2016-02-25,22.03396416,24.19000053,24.19000053,23.8125,24.01250076,110330800
2016-02-26,22.06811905,24.22750092,24.50499916,24.14500046,24.29999924,115964400
2016-02-29,22.01802254,24.17250061,24.55750084,24.16250038,24.21500015,140865200
2016-03-01,22.89245987,25.13249969,25.19249916,24.35499954,24.41250038,201628400
2016-03-02,22.94255066,25.1875,25.22249985,24.90999985,25.12750053,132678400
2016-03-03,23.11334419,25.375,25.42749977,25.11249924,25.14500046,147822800
2016-03-04,23.45720291,25.75250053,25.9375,25.34250069,25.59250069,184220400
2016-03-07,23.19759369,25.46750069,25.70750046,25.23999977,25.59749985,143315600
2016-03-08,23.00631905,25.25749969,25.44000053,25.10000038,25.19499969,126247600
2016-03-09,23.02680588,25.28000069,25.39500046,25.06749916,25.32749939,108806800
2016-03-10,23.03819466,25.29249954,25.55999947,25.03750038,25.35250092,134054400
2016-03-11,23.28640938,25.56500053,25.56999969,25.375,25.55999947,109632800
2016-03-14,23.3456192,25.62999916,25.72750092,25.44499969,25.47750092,100304400
2016-03-15,23.81471062,26.14500046,26.29500008,25.96249962,25.98999977,160270800
2016-03-16,24.13123512,26.49250031,26.57749939,26.14749908,26.15250015,153214000
2016-03-17,24.0925293,26.45000076,26.61750031,26.23999977,26.37999916,137682800
2016-03-18,24.11985207,26.47999954,26.625,26.29750061,26.58499908,176820800
2016-03-21,24.11757469,26.47750092,26.91250038,26.28499985,26.48250008,142010800
2016-03-22,24.30202675,26.68000031,26.82250023,26.30249977,26.3125,129777600
2016-03-23,24.1676712,26.53249931,26.76749992,26.47500038,26.62000084,102814000
2016-03-24,24.06292534,26.41749954,26.5625,26.22249985,26.36750031,104532000
2016-03-28,23.95362091,26.29750061,26.54750061,26.26499939,26.5,77645600
2016-03-29,24.5206356,26.92000008,26.94750023,26.21999931,26.22249985,124760400
2016-03-30,24.94874763,27.38999939,27.60499954,27.14999962,27.16250038,182404400
2016-03-31,24.81894493,27.24749947,27.47500038,27.21999931,27.43000031,103553600
2016-04-01,25.04666519,27.49749947,27.5,27.04999924,27.19499969,103496000
2016-04-04,25.30397987,27.78000069,28.04750061,27.56749916,27.60499954,149424800
2016-04-05,25.00567627,27.45249939,27.68250084,27.35499954,27.37750053,106314800
2016-04-06,25.26754761,27.73999977,27.74500084,27.29999924,27.55750084,105616400
2016-04-07,24.71647453,27.13500023,27.60499954,27.03000069,27.48749924,127207600
2016-04-08,24.74380112,27.16500092,27.44249916,27.04249954,27.22750092,94326800
2016-04-11,24.82578468,27.25499916,27.65250015,27.20750046,27.24250031,117630000
2016-04-12,25.1491375,27.61000061,27.625,27.16500092,27.33499908,108929200
2016-04-13,25.51348305,28.01000023,28.08499908,27.70000076,27.70000076,133029200
2016-04-14,25.52714539,28.02499962,28.09749985,27.83250046,27.90500069,101895600
2016-04-15,25.01478386,27.46249962,28.07500076,27.43250084,28.02750015,187756000
2016-04-18,24.47509193,26.87000084,27.23749924,26.73500061,27.22249985,243286000
2016-04-19,24.34529686,26.72750092,27,26.55750084,26.96999931,129539600
2016-04-20,24.39539528,26.78249931,27.02249908,26.51499939,26.65999985,122444000
2016-04-21,24.13123512,26.49250031,26.73250008,26.37999916,26.73250008,126210000
2016-04-22,24.06520462,26.42000008,26.62000084,26.15500069,26.25250053,134732400
2016-04-25,23.92857933,26.27000046,26.41250038,26.12750053,26.25,112126400
2016-04-26,23.76234055,26.08749962,26.32500076,25.97750092,25.97750092,224064800
2016-04-27,22.27534676,24.45499992,24.67749977,23.92000008,24,458408400
2016-04-28,21.59446144,23.70750046,24.46999931,23.5625,24.40250015,328970800
2016-04-29,21.34625816,23.43499947,23.68000031,23.12750053,23.49749947,274126000
2016-05-02,21.3234787,23.40999985,23.52000046,23.10000038,23.49250031,192640400
2016-05-03,21.67416573,23.79500008,23.93499947,23.42000008,23.54999924,227325200
2016-05-04,21.44873428,23.54750061,23.97500038,23.45499992,23.79999924,164102000
2016-05-05,21.36166382,23.30999947,23.51749992,23.17000008,23.5,143562000
2016-05-06,21.24253464,23.18000031,23.36249924,22.96249962,23.34250069,174799600
2016-05-09,21.25856972,23.19750023,23.44249916,23.14749908,23.25,131745600
2016-05-10,21.4029026,23.35499954,23.39249992,23.02750015,23.33250046,134747200
2016-05-11,21.19441986,23.12750053,23.39249992,23.11499977,23.37000084,114876400
2016-05-12,20.69726944,22.58499908,23.19499969,22.36750031,23.18000031,305258800
2016-05-13,20.73849487,22.62999916,22.91749954,22.5,22.5,177571200
2016-05-16,21.50829315,23.46999931,23.59749985,22.91250038,23.09749985,245039200
2016-05-17,21.41893959,23.37249947,23.67499924,23.25250053,23.63750076,187667600
2016-05-18,21.66408348,23.63999939,23.80249977,23.47249985,23.54000092,168249600
2016-05-19,21.581604,23.54999924,23.65999985,23.39249992,23.65999985,121768400
2016-05-20,21.81529236,23.80500031,23.85750008,23.62999916,23.65999985,128104000
2016-05-23,22.09250641,24.10750008,24.29750061,23.91749954,23.96750069,152074400
2016-05-24,22.42929268,24.47500038,24.52249908,24.20999908,24.30500031,140560800
2016-05-25,22.82335472,24.90500069,24.93499947,24.52750015,24.66749954,152675200
2016-05-26,23.00434875,25.10250092,25.18250084,24.65999985,24.92000008,225324800
2016-05-27,22.99059486,25.08749962,25.11750031,24.8125,24.86000061,145364800
2016-05-31,22.87833595,24.96500015,25.10000038,24.70499992,24.89999962,169228800
2016-06-01,22.55759048,24.61499977,24.88500023,24.58250046,24.75499916,116693200
2016-06-02,22.38805771,24.43000031,24.45999908,24.15749931,24.39999962,160766400
2016-06-03,22.43387985,24.47999954,24.56749916,24.36249924,24.44750023,114019600
2016-06-06,22.59654045,24.65749931,25.47249985,24.38750076,24.49749947,93170000
2016-06-07,22.68817902,24.75749969,24.96750069,24.73999977,24.8125,89638000
2016-06-08,22.66756058,24.73500061,24.88999939,24.67000008,24.75499916,83392400
2016-06-09,22.83022308,24.91250038,24.99749947,24.61499977,24.625,106405600
2016-06-10,22.64235878,24.70750046,24.83749962,24.62000084,24.63249969,126851600
2016-06-13,22.30099297,24.33499908,24.78000069,24.27499962,24.67250061,152082000
2016-06-14,22.32848549,24.36499977,24.62000084,24.1875,24.32999992,127727600
2016-06-15,22.25517082,24.28499985,24.60250092,24.25749969,24.45499992,117780800
2016-06-16,22.34910393,24.38750076,24.4375,24.01749992,24.11249924,125307200
2016-06-17,21.84049988,23.83250046,24.16250038,23.82500076,24.15500069,244032800
2016-06-20,21.78780556,23.77499962,24.14249992,23.75749969,24,137647600
2016-06-21,21.97337341,23.97750092,24.08749962,23.67000008,23.73500061,142185600
2016-06-22,21.89089584,23.88750076,24.22249985,23.83749962,24.0625,116876400
2016-06-23,22.01690292,24.02499962,24.07250023,23.8125,23.98500061,128960800
2016-06-24,21.39832306,23.35000038,23.66500092,23.16250038,23.22750092,301245600
2016-06-27,21.08674049,23.01000023,23.26250076,22.875,23.25,181958400
2016-06-28,21.44185257,23.39749908,23.41500092,23.03499985,23.22500038,161779600
2016-06-29,21.62742615,23.60000038,23.63750076,23.40749931,23.49250031,146124000
2016-06-30,21.90235519,23.89999962,23.94249916,23.57500076,23.61000061,143345600
2016-07-01,21.96879578,23.97249985,24.11750031,23.83250046,23.87249947,104106000
2016-07-05,21.76259995,23.74749947,23.85000038,23.61499977,23.84749985,110820800
2016-07-06,21.88632011,23.88249969,23.91500092,23.59250069,23.64999962,123796400
2016-07-07,21.98025131,23.98500061,24.125,23.90500069,23.92499924,100558400
2016-07-08,22.14978218,24.17000008,24.22249985,24.01250076,24.12249947,115648400
2016-07-11,22.2185154,24.24500084,24.41250038,24.18250084,24.1875,95179600
2016-07-12,22.31932259,24.35499954,24.42499924,24.28000069,24.29249954,96670000
2016-07-13,22.19331932,24.21750069,24.41749954,24.20999908,24.35250092,103568800
2016-07-14,22.63319588,24.69750023,24.74749947,24.32999992,24.34749985,155676000
2016-07-15,22.63089943,24.69499969,24.82500076,24.625,24.72999954,120548000
2016-07-18,22.87145805,24.95750046,25.03249931,24.64999962,24.67499924,145975600
2016-07-19,22.88062859,24.96750069,25,24.83499908,24.88999939,95119600
2016-07-20,22.90124512,24.98999977,25.11499977,24.93499947,25,105104000
2016-07-21,22.77982712,24.85750008,25.25,24.78249931,24.95750046,130808000
2016-07-22,22.60341454,24.66500092,24.82500076,24.57749939,24.81500053,113254800
2016-07-25,22.30099297,24.33499908,24.70999908,24.22999954,24.5625,161531600
2016-07-26,22.14749146,24.16749954,24.49250031,24.10499954,24.20499992,224959200
2016-07-27,23.58626938,25.73749924,26.08749962,25.6875,26.06749916,369379200
2016-07-28,23.90472412,26.08499908,26.11249924,25.70499992,25.70750046,159479200
2016-07-29,23.87493515,26.05249977,26.13750076,25.92000008,26.04750061,110934800
2016-08-01,24.29649734,26.51250076,26.53750038,26.10250092,26.10250092,152671600
2016-08-02,23.93680382,26.12000084,26.51749992,26,26.51250076,135266400
2016-08-03,24.23692513,26.44750023,26.45999908,26.19249916,26.20249939,120810400
2016-08-04,24.38664818,26.46750069,26.5,26.31999969,26.39500046,109634800
2016-08-05,24.75750351,26.87000084,26.91250038,26.54500008,26.56749916,162213600
2016-08-08,24.96251488,27.09250069,27.09250069,26.79000092,26.87999916,112148800
2016-08-09,25.06386185,27.20249939,27.23500061,27.00250053,27.05750084,105260800
2016-08-10,24.8772831,27,27.22500038,26.94000053,27.17749977,96034000
2016-08-11,24.86116028,26.98250008,27.23250008,26.96249962,27.12999916,109938000
2016-08-12,24.91873932,27.04500008,27.11000061,26.94499969,26.94499969,74641600
2016-08-15,25.21819687,27.37000084,27.38500023,27.02000046,27.03499985,103472800
2016-08-16,25.19515991,27.34499931,27.55750084,27.30249977,27.40749931,135177600
2016-08-17,25.15830421,27.30500031,27.34250069,27.08499908,27.27499962,101424000
2016-08-18,25.12606239,27.27000046,27.39999962,27.25499916,27.30750084,87938800
2016-08-19,25.19054985,27.34000015,27.42250061,27.09000015,27.19249916,101472400
2016-08-22,24.9947567,27.12750053,27.27499962,26.96249962,27.21500015,103280800
2016-08-23,25.07307625,27.21249962,27.32999992,27.13249969,27.14749908,85030800
2016-08-24,24.88419533,27.00749969,27.1875,26.92000008,27.14249992,94700400
2016-08-25,24.77823448,26.89249992,26.96999931,26.67000008,26.84749985,100344800
2016-08-26,24.63311958,26.73500061,26.98749924,26.57749939,26.85250092,111065200
2016-08-29,24.60547066,26.70499992,26.86000061,26.57250023,26.65500069,99881200
2016-08-30,24.41659164,26.5,26.625,26.375,26.45000076,99455600
2016-08-31,24.43962097,26.52499962,26.64249992,26.40999985,26.41500092,118649600
2016-09-01,24.5847435,26.68250084,26.70000076,26.40500069,26.53499985,106806000
2016-09-02,24.81508636,26.93250084,27,26.70499992,26.92499924,107210000
2016-09-06,24.80817795,26.92499924,27.07500076,26.87750053,26.97500038,107521600
2016-09-07,24.96020889,27.09000015,27.19000053,26.76749992,26.95750046,169457200
2016-09-08,24.30602646,26.37999916,26.81749916,26.30999947,26.8125,212008000
2016-09-09,23.75549889,25.78249931,26.43000031,25.78249931,26.15999985,186228000
2016-09-12,24.28759766,26.36000061,26.43000031,25.63249969,25.66250038,181171200
2016-09-13,24.86576271,26.98749924,27.19750023,26.80999947,26.87750053,248704800
2016-09-14,25.74568748,27.94249916,28.25749969,27.14999962,27.18250084,443554800
2016-09-15,26.62099648,28.89249992,28.93250084,28.37249947,28.46500015,359934400
2016-09-16,26.4712677,28.72999954,29.03249931,28.51000023,28.78000069,319547600
2016-09-19,26.16260719,28.39500046,29.04500008,28.3125,28.79750061,188092000
2016-09-20,26.16030693,28.39249992,28.53000069,28.12750053,28.26250076,138057200
2016-09-21,26.15569496,28.38750076,28.49749947,28.11000061,28.46249962,144012800
2016-09-22,26.40217209,28.65500069,28.73500061,28.5,28.58749962,124296000
2016-09-23,25.96220779,28.17749977,28.69750023,27.88750076,28.60499954,209924800
2016-09-26,26.00137138,28.21999931,28.34749985,27.88750076,27.90999985,119477600
2016-09-27,26.04973602,28.27249908,28.29500008,28.08499908,28.25,98429600
2016-09-28,26.24783325,28.48749924,28.65999985,28.35750008,28.42250061,118564400
2016-09-29,25.84012604,28.04500008,28.45000076,27.95000076,28.29000092,143548000
2016-09-30,26.04053116,28.26250076,28.34250069,27.95000076,28.11499977,145516400
2016-10-03,25.91844177,28.12999916,28.26250076,28.06999969,28.17749977,86807200
2016-10-04,26.02900887,28.25,28.57749939,28.15749931,28.26499939,118947200
2016-10-05,26.04053116,28.26250076,28.41500092,28.17250061,28.35000038,85812400
2016-10-06,26.2340126,28.47249985,28.58499908,28.28249931,28.42499924,115117200
2016-10-07,26.27317619,28.51499939,28.63999939,28.37750053,28.57749939,97433600
2016-10-10,26.73156548,29.01250076,29.1875,28.68000031,28.75499916,144944000
2016-10-11,26.78914642,29.07500076,29.67250061,29.04999924,29.42499924,256164000
2016-10-12,27.02871132,29.33499908,29.49500084,29.1875,29.33749962,150347200
2016-10-13,26.94578743,29.24500084,29.36000061,28.93000031,29.19750023,140769600
2016-10-14,27.09550476,29.40749931,29.54249954,29.28249931,29.46999931,142608800
2016-10-17,27.07707596,29.38750076,29.45999908,29.19499969,29.33250046,94499600
2016-10-18,27.05865288,29.36750031,29.55249977,29.36249924,29.54500008,98214000
2016-10-19,26.97803879,29.28000069,29.44000053,28.45000076,29.3125,80138400
2016-10-20,26.96421242,29.26499939,29.34499931,29.08250046,29.21500015,96503200
2016-10-21,26.85824966,29.14999962,29.22750092,29.06999969,29.20249939,92770800
2016-10-24,27.10011482,29.41250038,29.43499947,29.25,29.27499962,94154800
2016-10-25,27.2383213,29.5625,29.59000015,29.32749939,29.48749924,192516000
2016-10-26,26.625597,28.89749908,28.92499924,28.32749939,28.57749939,264536800
2016-10-27,26.36992073,28.62000084,28.96500015,28.52499962,28.84749985,138248000
2016-10-28,26.19485664,28.43000031,28.80249977,28.36249924,28.46750069,151446800
2016-10-31,26.15339851,28.38500023,28.55750084,28.29999924,28.41250038,105677600
2016-11-01,25.68119049,27.87249947,28.44249916,27.63249969,28.36499977,175303200
2016-11-02,25.70422363,27.89749908,28.08749962,27.80750084,27.85000038,113326800
2016-11-03,25.42870712,27.45750046,27.86499977,27.38750076,27.74500084,107730400
2016-11-04,25.19948769,27.20999908,27.5625,27.02750015,27.13249969,123348000
2016-11-07,25.56299591,27.60250092,27.62750053,27.36499977,27.52000046,130240000
2016-11-08,25.7134819,27.76499939,27.93000031,27.42499924,27.57749939,97016800
2016-11-09,25.67180061,27.71999931,27.82999992,27.01250076,27.46999931,236705600
2016-11-10,24.95639038,26.94750023,27.77249908,26.45750046,27.77249908,228538000
2016-11-11,25.10456085,27.10750008,27.21750069,26.63750076,26.78000069,136575600
2016-11-14,24.47480392,26.42749977,26.95249939,26.02000046,26.92749977,204702000
2016-11-15,24.7989502,26.77750015,26.92000008,26.54000092,26.64249992,129058000
2016-11-16,25.46574783,27.49749947,27.55750084,26.64999962,26.67499924,235362000
2016-11-17,25.45648384,27.48749924,27.58749962,27.20750046,27.45249939,110528000
2016-11-18,25.48195457,27.51499939,27.63500023,27.41500092,27.43000031,113715600
2016-11-21,25.86861038,27.93250084,27.99749947,27.50250053,27.53000069,117058400
2016-11-22,25.8848114,27.95000076,28.10499954,27.85000038,27.98749924,103862000
2016-11-23,25.75284386,27.80750084,27.87750053,27.58250046,27.84000015,109705600
2016-11-25,25.88250351,27.94750023,27.96750069,27.73749924,27.78249931,45903600
2016-11-28,25.83156204,27.89249992,28.11750031,27.84749985,27.85750008,108776000
2016-11-29,25.80609894,27.86499977,28.00749969,27.51749992,27.69499969,114115200
2016-11-30,25.58845711,27.62999916,28.04999924,27.56749916,27.89999962,144649200
2016-12-01,25.34998131,27.37249947,27.73500061,27.25749969,27.59250069,148347600
2016-12-02,25.44491196,27.47500038,27.52249908,27.21249962,27.29249954,106112000
2016-12-05,25.26200485,27.27750015,27.50749969,27.0625,27.5,137298000
2016-12-06,25.45648384,27.48749924,27.59000015,27.29750061,27.375,104782000
2016-12-07,25.70653725,27.75749969,27.79750061,27.29000092,27.31500053,119994800
2016-12-08,25.95890808,28.03000069,28.10750008,27.64999962,27.71500015,108273200
2016-12-09,26.38259315,28.48749924,28.67499924,28.07749939,28.07749939,137610400
2016-12-12,26.23211288,28.32500076,28.75,28.12249947,28.32250023,105497600
2016-12-13,26.66969681,28.79750061,28.97999954,28.4375,28.45999908,174935200
2016-12-14,26.66969681,28.79750061,29.04999924,28.74500084,28.76000023,136127200
2016-12-15,26.81555939,28.95499992,29.18250084,28.80750084,28.84499931,186098000
2016-12-16,26.85029221,28.99250031,29.125,28.91250038,29.11750031,177404400
2016-12-19,27.00540543,29.15999985,29.34499931,28.9375,28.95000076,111117600
2016-12-20,27.07718086,29.23749924,29.375,29.17000008,29.18499947,85700000
2016-12-21,27.1026535,29.26499939,29.35000038,29.19499969,29.20000076,95132800
2016-12-22,26.92437363,29.07250023,29.12750053,28.90999985,29.08749962,104343600
2016-12-23,26.97761917,29.12999916,29.12999916,28.89749908,28.89749908,56998000
2016-12-27,27.14895821,29.31500053,29.45000076,29.12249947,29.12999916,73187600
2016-12-28,27.03319168,29.19000053,29.50499916,29.04999924,29.37999916,83623600
2016-12-29,27.02624702,29.18250084,29.27750015,29.10000038,29.11249924,60158000
2016-12-30,26.81555939,28.95499992,29.29999924,28.85750008,29.16250038,122345200
2017-01-03,26.89195824,29.03750038,29.08250046,28.69000053,28.95000076,115127600
2017-01-04,26.86186218,29.00499916,29.12750053,28.9375,28.96249962,84472400
2017-01-05,26.99846458,29.15250015,29.21500015,28.95249939,28.97999954,88774400
2017-01-06,27.29944992,29.47750092,29.54000092,29.11750031,29.19499969,127007600
2017-01-09,27.54949951,29.74749947,29.85750008,29.48500061,29.48749924,134247600
2017-01-10,27.57728195,29.77750015,29.84499931,29.57500076,29.69249916,97848400
2017-01-11,27.72545815,29.9375,29.98250008,29.64999962,29.68499947,110354400
2017-01-12,27.60969925,29.8125,29.82500076,29.55249977,29.72500038,108344800
2017-01-13,27.56107903,29.76000023,29.90500069,29.70249939,29.77750015,104447600
2017-01-17,27.78334427,30,30.05999947,29.55500031,29.58499908,137759200
2017-01-18,27.78102684,29.99749947,30.125,29.92749977,30,94852000
2017-01-19,27.73240852,29.94499969,30.02249908,29.84250069,29.85000038,102389200
2017-01-20,27.78334427,30,30.11249924,29.93250084,30.11249924,130391600
2017-01-23,27.80186272,30.02000046,30.20249939,29.94249916,30,88200800
2017-01-24,27.77639771,29.99250031,30.02499962,29.875,29.88750076,92844000
2017-01-25,28.21861649,30.46999931,30.52499962,30.06999969,30.10499954,129510400
2017-01-26,28.23251152,30.48500061,30.61000061,30.39999962,30.41749954,105350400
2017-01-27,28.23482323,30.48749924,30.58749962,30.39999962,30.53499985,82251600
2017-01-30,28.16073227,30.40749931,30.40749931,30.16500092,30.23250008,121510000
2017-01-31,28.0959034,30.33749962,30.34749985,30.15500069,30.28750038,196804000
2017-02-01,29.80920792,32.1875,32.62250137,31.75250053,31.75749969,447940000
2017-02-02,29.7582798,32.13249969,32.34749985,31.94499969,31.99500084,134841600
2017-02-03,29.88561249,32.27000046,32.29750061,32.04000092,32.07749939,98029200
2017-02-06,30.16576195,32.57249832,32.625,32.22499847,32.28250122,107383600
2017-02-07,30.45285606,32.88249969,33.02249908,32.61249924,32.63499832,152735200
2017-02-08,30.57093811,33.00999832,33.05500031,32.80500031,32.83750153,92016400
2017-02-09,30.79184914,33.10499954,33.11249924,32.77999878,32.91249847,113399600
2017-02-10,30.72209358,33.02999878,33.23500061,33.01250076,33.11500168,80262000
2017-02-13,30.99414253,33.32249832,33.45500183,33.1875,33.27000046,92141600
2017-02-14,31.39641953,33.75500107,33.77249908,33.3125,33.36750031,132904800
2017-02-15,31.51037407,33.87749863,34.06750107,33.65499878,33.88000107,142492400
2017-02-16,31.47315979,33.83750153,33.97499847,33.70999908,33.91749954,90338400
2017-02-17,31.55919838,33.93000031,33.95750046,33.77500153,33.77500153,88792800
2017-02-21,31.78707695,34.17499924,34.1875,33.99499893,34.05749893,98028800
2017-02-22,31.88241005,34.27750015,34.27999878,34.02750015,34.10749817,83347600
2017-02-23,31.74755669,34.13249969,34.36999893,34.07500076,34.34500122,83152800
2017-02-24,31.7777729,34.16500092,34.16500092,33.81999969,33.97750092,87106400
2017-02-27,31.84056473,34.23249817,34.36000061,34.06999969,34.28499985,81029600
2017-02-28,31.85451698,34.24750137,34.36000061,34.17499924,34.27000046,93931600
2017-03-01,32.5056076,34.94749832,35.03749847,34.40000153,34.47249985,145658400
2017-03-02,32.31259155,34.74000168,35.06999969,34.68999863,35,104844000
2017-03-03,32.50327682,34.94499969,34.95750046,34.64749908,34.69499969,84432400
2017-03-06,32.40096664,34.83499908,34.94250107,34.65000153,34.84249878,87000000
2017-03-07,32.4428215,34.88000107,34.99499893,34.69749832,34.76499939,69785200
2017-03-08,32.32190704,34.75,34.95000076,34.70500183,34.73749924,74828800
2017-03-09,32.24748993,34.66999817,34.69749832,34.26250076,34.68500137,88623600
2017-03-10,32.35446167,34.78499985,34.84000015,34.65999985,34.8125,78451200
2017-03-13,32.36841202,34.79999924,34.85749817,34.70500183,34.71250153,69686800
2017-03-14,32.31958008,34.74750137,34.91249847,34.70999908,34.82500076,61236400
2017-03-15,32.66140366,35.11500168,35.1875,34.75749969,34.85250092,102767200
2017-03-16,32.7148819,35.17250061,35.25500107,35.06499863,35.18000031,76928000
2017-03-17,32.55210114,34.99750137,35.25,34.97249985,35.25,175540000
2017-03-20,32.89392853,35.36500168,35.375,35.05749893,35.09999847,86168000
2017-03-21,32.51722717,34.95999908,35.70000076,34.93249893,35.52750015,158119600
2017-03-22,32.8846283,35.35499954,35.40000153,34.93999863,34.96250153,103440800
2017-03-23,32.76837158,35.22999954,35.39500046,35.15250015,35.31499863,81385200
2017-03-24,32.7032547,35.15999985,35.43500137,35.08750153,35.375,89582400
2017-03-27,32.75905991,35.22000122,35.30500031,34.65499878,34.84749985,94300400
2017-03-28,33.43805695,35.95000076,36.00999832,35.15499878,35.22750092,133499200
2017-03-29,33.51246262,36.02999878,36.12250137,35.79750061,35.91999817,116760000
2017-03-30,33.46828461,35.98249817,36.125,35.875,36.04750061,84829200
2017-03-31,33.4054985,35.91500092,36.06750107,35.75249863,35.93000031,78646800
2017-04-03,33.41479492,35.92499924,36.02999878,35.76250076,35.92750168,79942800
2017-04-04,33.66362,36.19250107,36.22249985,35.79249954,35.8125,79565600
2017-04-05,33.48921204,36.00500107,36.36500168,35.95249939,36.05500031,110871600
2017-04-06,33.4054985,35.91500092,36.13000107,35.86249924,36.07249832,84596000
2017-04-07,33.33108902,35.83499908,36.04499817,35.81750107,35.93249893,66688800
2017-04-10,33.2915535,35.79249954,35.97000122,35.72499847,35.90000153,75733600
2017-04-11,32.93346405,35.40750122,35.83750153,35.01499939,35.73500061,121517600
2017-04-12,32.97298431,35.45000076,35.53749847,35.25249863,35.40000153,81400000
2017-04-13,32.79859543,35.26250076,35.59500122,35.26250076,35.47750092,71291600
2017-04-17,32.9799614,35.45750046,35.47000122,35.21749878,35.36999893,66328400
2017-04-18,32.83346939,35.29999924,35.50999832,35.27750015,35.35250092,58790000
2017-04-19,32.71256638,35.16999817,35.5,35.11249924,35.47000122,69313600
2017-04-20,33.12181473,35.61000061,35.72999954,35.29000092,35.30500031,93278400
2017-04-21,33.08228683,35.56750107,35.66999817,35.46250153,35.61000061,69283600
2017-04-24,33.4008522,35.90999985,35.98749924,35.79499817,35.875,68537200
2017-04-25,33.60779953,36.13249969,36.22499847,35.96749878,35.97750092,75486000
2017-04-26,33.41014481,35.91999817,36.15000153,35.84500122,36.11750031,80164800
2017-04-27,33.43572617,35.94749832,36.04000092,35.82749939,35.97999954,56985200
2017-04-28,33.40317535,35.91249847,36.07500076,35.81750107,36.02249908,83441600
2017-05-01,34.08448792,36.64500046,36.79999924,36.24000168,36.27500153,134411600
2017-05-02,34.30073547,36.87749863,37.02249908,36.70999908,36.88499832,181408800
2017-05-03,34.19610977,36.76499939,36.87250137,36.06750107,36.39749908,182788000
2017-05-04,34.07286835,36.63249969,36.78499985,36.45249939,36.63000107,93487600
2017-05-05,34.63792038,37.24000168,37.24499893,36.68999863,36.68999863,109310800
2017-05-08,35.57967377,38.25249863,38.42499924,37.25749969,37.25749969,195009600
2017-05-09,35.80754852,38.49750137,38.72000122,38.36249924,38.46749878,156521600
2017-05-10,35.63781738,38.31499863,38.48500061,38.02750015,38.40750122,103222800
2017-05-11,35.94600677,38.48749924,38.51750183,38.07749939,38.11249924,109020400
2017-05-12,36.44802094,39.02500153,39.10499954,38.66749954,38.67499924,130108000
2017-05-15,36.35462952,38.92499924,39.16249847,38.76250076,39.00249863,104038800
2017-05-16,36.30091476,38.86750031,39.01499939,38.68000031,38.98500061,80194000
2017-05-17,35.08208847,37.5625,38.64250183,37.42750168,38.40000153,203070800
2017-05-18,35.61678314,38.13499832,38.33499908,37.78250122,37.81750107,134272800
2017-05-19,35.73820114,38.26499939,38.49499893,38.15750122,38.34500122,107843200
2017-05-22,35.95534134,38.49750137,38.64500046,38.22750092,38.5,91865600
2017-05-23,35.91099548,38.45000076,38.72499847,38.32749939,38.72499847,79675600
2017-05-24,35.80358124,38.33499908,38.54249954,38.16749954,38.45999908,76712000
2017-05-25,35.92733002,38.46749878,38.58750153,38.25749969,38.43249893,76942400
2017-05-26,35.86662674,38.40250015,38.56000137,38.32749939,38.5,87710400
2017-05-30,35.88064575,38.41749954,38.60749817,38.33250046,38.35499954,80507600
2017-05-31,35.6681633,38.18999863,38.54249954,38.09500122,38.49250031,97804800
2017-06-01,35.76622009,38.29499817,38.33250046,38.05500031,38.29249954,65616400
2017-06-02,36.29624557,38.86249924,38.86249924,38.22249985,38.39500046,111082800
2017-06-05,35.94133759,38.48249817,38.61249924,38.36500168,38.58499908,101326800
2017-06-06,36.06276321,38.61249924,38.95249939,38.44499969,38.47499847,106499600
2017-06-07,36.27755356,38.84249878,38.99499893,38.61999893,38.75500107,84278400
2017-06-08,36.18884277,38.74750137,38.88499832,38.59999847,38.8125,85003200
2017-06-09,34.78555679,37.24499893,38.79750061,36.50500107,38.79750061,259530800
2017-06-12,33.95433426,36.35499954,36.52249908,35.62749863,36.43500137,289229200
2017-06-13,34.22751617,36.64749908,36.86249924,36.28749847,36.79000092,136661600
2017-06-14,33.89362335,36.29000092,36.875,35.95999908,36.875,126124800
2017-06-15,33.69049072,36.07249832,36.11999893,35.55250168,35.83000183,128661600
2017-06-16,33.21883774,35.56750107,36.125,35.54999924,35.94499969,201444400
2017-06-19,34.16913986,36.58499908,36.68500137,35.91500092,35.91500092,130165600
2017-06-20,33.8585968,36.25249863,36.71749878,36.23500061,36.71749878,99600400
2017-06-21,34.05940628,36.46749878,36.51750183,36.15250015,36.38000107,85063200
2017-06-22,34.00336456,36.40750122,36.67499924,36.27999878,36.44250107,76425200
2017-06-23,34.15512466,36.56999969,36.79000092,36.27750015,36.28250122,141757600
2017-06-26,34.04772949,36.45500183,37.06999969,36.34500122,36.79249954,102769600
2017-06-27,33.55971909,35.93249893,36.54000092,35.90499878,36.25249863,99047600
2017-06-28,34.05005646,36.45750046,36.52750015,35.79000092,36.12250137,88329600
2017-06-29,33.54804993,35.91999817,36.28250122,35.56999969,36.17750168,125997600
2017-06-30,33.62744904,36.00500107,36.24000168,35.94499969,36.11249924,92096400
2017-07-03,33.50603867,35.875,36.32500076,35.77500153,36.22000122,57111200
2017-07-05,33.64377975,36.02249908,36.19749832,35.68000031,35.92250061,86278400
2017-07-06,33.32623672,35.68249893,35.875,35.60250092,35.75500107,96515200
2017-07-07,33.66479874,36.04499817,36.1875,35.72499847,35.72499847,76806800
2017-07-10,33.87026596,36.26499939,36.48749924,35.84249878,36.02750015,84362400
2017-07-11,33.98001099,36.38249969,36.46250153,36.09500122,36.18249893,79127200
2017-07-12,34.0290451,36.43500137,36.54499817,36.20500183,36.46749878,99538000
2017-07-13,34.50303268,36.94250107,37.12250137,36.36000061,36.375,100797600
2017-07-14,34.79956436,37.25999832,37.33250046,36.83250046,36.99250031,80528400
2017-07-17,34.92098236,37.38999939,37.72499847,37.14250183,37.20500183,95174000
2017-07-18,35.04240036,37.52000046,37.53250122,37.16749954,37.29999924,71475200
2017-07-19,35.26188278,37.75500107,37.85499954,37.48749924,37.61999893,83692000
2017-07-20,35.10310745,37.58499908,37.93500137,37.54750061,37.875,68974800
2017-07-21,35.08676147,37.56750107,37.61000061,37.22000122,37.49750137,105010400
2017-07-24,35.51171494,38.02249908,38.11000061,37.47499847,37.64500046,85972800
2017-07-25,35.66348267,38.18500137,38.45999908,37.95000076,37.95000076,75415600
2017-07-26,35.83160019,38.36500168,38.48249817,38.26499939,38.33750153,63124000
2017-07-27,35.15447617,37.63999939,38.49750137,36.82500076,38.4375,129905200
2017-07-28,34.90697098,37.375,37.55749893,37.29750061,37.47249985,68854800
2017-07-31,34.72719574,37.18249893,37.58250046,37.03250122,37.47499847,79383600
2017-08-01,35.03539276,37.51250076,37.55500031,37.10250092,37.27500153,141474400
2017-08-02,36.6908493,39.28499985,39.9375,39.04000092,39.81999969,279747200
2017-08-03,36.32425308,38.89250183,39.30250168,38.75500107,39.26250076,108389200
2017-08-04,36.51573563,39.09749985,39.34999847,38.92250061,39.01750183,82239600
2017-08-07,37.08078003,39.70249939,39.72999954,39.16749954,39.26499939,87481200
2017-08-08,37.37731171,40.02000046,40.45750046,39.56750107,39.65000153,144823600
2017-08-09,37.60614014,40.26499939,40.31750107,39.77750015,39.81499863,104526000
2017-08-10,36.40830231,38.83000183,40,38.65750122,39.97499847,163217200
2017-08-11,36.91463089,39.36999893,39.64250183,39.01750183,39.15000153,105028400
2017-08-14,37.47017288,39.96250153,40.05250168,39.6875,39.83000183,88490800
2017-08-15,37.88039017,40.40000153,40.54999924,40.03499985,40.16500092,117862000
2017-08-16,37.72802353,40.23749924,40.62749863,40.03749847,40.48500061,110686400
2017-08-17,37.00370789,39.46500015,40.17750168,39.45999908,40.13000107,111762400
2017-08-18,36.91931152,39.375,39.875,39.18000031,39.46500015,109712400
2017-08-21,36.85134125,39.30250168,39.47249985,38.77750015,39.375,105474000
2017-08-22,37.45376587,39.94499969,40,39.50500107,39.55749893,86418400
2017-08-23,37.50065231,39.99499893,40.11750031,39.72000122,39.76750183,77596400
2017-08-24,37.33421707,39.81750107,40.18500137,39.63750076,40.10749817,79275600
2017-08-25,37.47252655,39.96500015,40.13999939,39.81750107,39.91249847,101920400
2017-08-28,37.84992599,40.36750031,40.5,39.98249817,40.03499985,103864000
2017-08-29,38.18748856,40.72750092,40.77999878,40,40.02500153,118067600
2017-08-30,38.29061127,40.83750153,40.97249985,40.65250015,40.95000076,109078400
2017-08-31,38.44297028,41,41.13000107,40.86999893,40.90999985,107140400
2017-09-01,38.45470047,41.01250076,41.23500061,40.90750122,41.20000076,66364400
2017-09-05,37.99289703,40.52000046,41.0625,40.13999939,40.9375,117874000
2017-09-06,37.95306778,40.47750092,40.74750137,40.13000107,40.67750168,86606800
2017-09-07,37.80069733,40.31499863,40.56000137,40.09000015,40.52249908,87714000
2017-09-08,37.18420029,39.65750122,40.28749847,39.63249969,40.21500015,114446000
2017-09-11,37.85695648,40.375,40.51250076,39.97249985,40.125,126323200
2017-09-12,37.7069397,40.21500015,40.99000168,39.69250107,40.65250015,286856000
2017-09-13,37.42329407,39.91249847,39.99000168,39.47750092,39.96749878,179629600
2017-09-14,37.10215759,39.56999969,39.84999847,39.52249908,39.74750137,95042800
2017-09-15,37.477211,39.97000122,40.24250031,39.5,39.61750031,196458400
2017-09-18,37.193573,39.66749954,40.125,39.5,40.02750015,113077600
2017-09-19,37.20763016,39.68249893,39.94250107,39.61000061,39.87749863,83242400
2017-09-20,36.5841217,39.01750183,39.56499863,38.45750046,39.47499847,211805600
2017-09-21,35.9559021,38.34749985,38.95000076,38.1875,38.95000076,150046800
2017-09-22,35.60428238,37.97249985,38.06750107,37.63999939,37.88499832,186581600
2017-09-25,35.29018402,37.63750076,37.95750046,37.29000092,37.49750137,177549200
2017-09-26,35.89730072,38.28499985,38.47999954,37.92250061,37.94499969,146640000
2017-09-27,36.15280533,38.55749893,38.68000031,38.38499832,38.45000076,102016800
2017-09-28,35.93012238,38.31999969,38.56999969,38.17499924,38.47249985,88022000
2017-09-29,36.12701797,38.52999878,38.53250122,38,38.30250168,105199200
2017-10-02,36.05434418,38.45249939,38.61249924,38.18000031,38.56499863,74795200
2017-10-03,36.21141434,38.61999893,38.77249908,38.47750092,38.50249863,64921200
2017-10-04,35.97699356,38.36999893,38.46500015,38.11500168,38.40750122,80655200
2017-10-05,36.42470932,38.84749985,38.86000061,38.51250076,38.54499817,85135200
2017-10-06,36.40361786,38.82500076,38.87250137,38.63999939,38.74250031,69630400
2017-10-09,36.53019333,38.95999908,39.18249893,38.87250137,38.95249939,65051600
2017-10-10,36.54426956,38.97499847,39.5,38.77500153,39.01499939,62468000
2017-10-11,36.69662857,39.13750076,39.24499893,38.9375,38.99250031,67622400
2017-10-12,36.56770325,39,39.34249878,38.93249893,39.08750153,64500400
2017-10-13,36.79977036,39.24750137,39.31999969,39.10250092,39.18249893,65576800
2017-10-16,37.477211,39.97000122,40,39.41249847,39.47499847,96486000
2017-10-17,37.61551285,40.11750031,40.21749878,39.80749893,39.94499969,75989200
2017-10-18,37.44908905,39.93999863,40.17750168,39.90000153,40.10499954,65496800
2017-10-19,36.56301498,38.99499893,39.27000046,38.75500107,39.1875,170336800
2017-10-20,36.62630844,39.0625,39.4375,38.99000168,39.15250015,95896400
2017-10-23,36.60755157,39.04249954,39.42250061,38.875,39.22249985,87937200
2017-10-24,36.82556152,39.27500153,39.35499954,39.04999924,39.07249832,71028800
2017-10-25,36.66381836,39.10250092,39.38750076,38.81750107,39.22750092,84828400
2017-10-26,36.89821625,39.35250092,39.45750046,39.19499969,39.30749893,68002000
2017-10-27,38.22028732,40.76250076,40.90000153,39.67499924,39.82249832,177816800
2017-10-30,39.08056259,41.68000031,42.01750183,40.93000031,40.97249985,178803200
2017-10-31,39.62439346,42.25999832,42.41249847,41.73500061,41.97499847,144187200
2017-11-01,39.1204071,41.72249985,42.48500061,41.40250015,42.46749878,134551200
2017-11-02,39.40639496,42.02750015,42.125,41.31999969,41.65000153,165573600
2017-11-03,40.43544769,43.125,43.56499863,42.77999878,43.5,237594400
2017-11-06,40.84566498,43.5625,43.74750137,42.93000031,43.09249878,140105200
2017-11-07,40.97691727,43.70249939,43.8125,43.40000153,43.47750092,97446000
2017-11-08,41.31213379,44.06000137,44.06000137,43.58250046,43.66500092,97638000
2017-11-09,41.22775269,43.97000122,44.02500153,43.28499985,43.77750015,117930400
2017-11-10,41.09130096,43.66749954,43.84500122,43.56750107,43.77750015,100582000
2017-11-13,40.92662048,43.49250031,43.625,43.34999847,43.375,67928400
2017-11-14,40.30791473,42.83499908,43.36999893,42.79499817,43.25999832,99130000
2017-11-15,39.77624512,42.27000046,42.58000183,42.09500122,42.49250031,116632400
2017-11-16,40.2514534,42.77500153,42.96749878,42.57500076,42.79499817,94550000
2017-11-17,40.02796173,42.53749847,42.84749985,42.40999985,42.75999832,87598000
2017-11-20,39.98796082,42.49499893,42.63999939,42.38999939,42.57249832,65049600
2017-11-21,40.7313652,43.28499985,43.42499924,42.69499969,42.69499969,100525200
2017-11-22,41.15952301,43.74000168,43.75,43.26250076,43.34000015,102355600
2017-11-24,41.16187668,43.74250031,43.875,43.66249847,43.77500153,56106800
2017-11-27,40.95484924,43.52249908,43.77000046,43.33499908,43.76250076,82867200
2017-11-28,40.71490479,43.26750183,43.71749878,42.96500015,43.57500076,105715200
2017-11-29,39.87034988,42.36999893,43.22999954,41.79000092,43.15750122,166665600
2017-11-30,40.42788696,42.96250153,43.03499985,42.11000061,42.60749817,166108800
2017-12-01,40.23968506,42.76250076,42.91749954,42.125,42.48749924,159037200
2017-12-04,39.94563675,42.45000076,43.15499878,42.40750122,43.11999893,130169600
2017-12-05,39.9079895,42.40999985,42.88000107,42.09999847,42.26499939,109400800
2017-12-06,39.7597847,42.25249863,42.54999924,41.61500168,41.875,114240000
2017-12-07,39.83271408,42.33000183,42.61000061,42.22750092,42.25749969,102693200
2017-12-08,39.84446335,42.34249878,42.75,42.20500183,42.62250137,93420800
2017-12-11,40.62080002,43.16749954,43.22249985,42.19749832,42.29999924,141095200
2017-12-12,40.39259338,42.92499924,43.09749985,42.86500168,43.03749847,77636800
2017-12-13,40.52669525,43.06750107,43.38499832,43,43.125,95273600
2017-12-14,40.51493835,43.05500031,43.28250122,42.91249847,43.09999847,81906000
2017-12-15,40.92662048,43.49250031,43.54249954,43.11500168,43.40750122,160677200
2017-12-18,41.50299072,44.10499954,44.29999924,43.71500015,43.72000122,117684400
2017-12-19,41.06071472,43.63499832,43.84749985,43.52249908,43.75749969,109745600
2017-12-20,41.01602173,43.58750153,43.85499954,43.3125,43.71749878,93902400
2017-12-21,41.17128372,43.75249863,44.00500107,43.52500153,43.54249954,83799600
2017-12-22,41.17128372,43.75249863,43.85499954,43.625,43.66999817,65397600
2017-12-26,40.12677002,42.64250183,42.86750031,42.41999817,42.70000076,132742000
2017-12-27,40.13383865,42.65000153,42.69499969,42.42750168,42.52500153,85992800
2017-12-28,40.24675369,42.77000046,42.96250153,42.61999893,42.75,65920800
2017-12-29,39.81153488,42.30749893,42.64749908,42.30500031,42.63000107,103999600
2018-01-02,40.52433395,43.06499863,43.07500076,42.31499863,42.54000092,102223600
2018-01-03,40.51728439,43.05749893,43.63750076,42.99000168,43.13249969,118071600
2018-01-04,40.70549011,43.25749969,43.36750031,43.02000046,43.13499832,89738400
2018-01-05,41.16893005,43.75,43.84249878,43.26250076,43.36000061,94640000
2018-01-08,41.01602173,43.58750153,43.90250015,43.48249817,43.58750153,82271200
2018-01-09,41.01130295,43.58250046,43.76499939,43.35250092,43.63750076,86336000
2018-01-10,41.00190353,43.57249832,43.57500076,43.25,43.29000092,95839600
2018-01-11,41.23479843,43.81999969,43.87250137,43.62250137,43.64749908,74670800
2018-01-12,41.66060638,44.27249908,44.34000015,43.91249847,44.04499817,101672400
2018-01-16,41.44887924,44.04750061,44.84749985,44.03499985,44.47499847,118263600
2018-01-17,42.133461,44.77500153,44.8125,43.76750183,44.03749847,137547200
2018-01-18,42.17110443,44.81499863,45.02500153,44.5625,44.84249878,124773600
2018-01-19,41.98289871,44.61500168,44.89500046,44.35250092,44.65250015,129700400
2018-01-22,41.63944626,44.25,44.44499969,44.15000153,44.32500076,108434400
2018-01-23,41.64884567,44.25999832,44.86000061,44.20500183,44.32500076,130756400
2018-01-24,40.98543549,43.55500031,44.32500076,43.29999924,44.3125,204420400
2018-01-25,40.25380325,42.77750015,43.73749924,42.63249969,43.62749863,166116000
2018-01-26,40.34790802,42.87749863,43,42.51499939,43,156572000
2018-01-29,39.51276398,41.99000168,42.54000092,41.76750183,42.54000092,202561600
2018-01-30,39.27986908,41.74250031,41.84249878,41.17499924,41.38249969,184192800
2018-01-31,39.38807678,41.85749817,42.11000061,41.625,41.71749878,129915600
2018-02-01,39.47042084,41.94499969,42.15499878,41.68999863,41.79249954,188923200
2018-02-02,37.75778961,40.125,41.70000076,40.02500153,41.5,346375200
2018-02-05,36.81443787,39.12250137,40.97000122,39,39.77500153,290954000
2018-02-06,38.35297012,40.75749969,40.93000031,38.5,38.70750046,272975200
2018-02-07,37.53195572,39.88499832,40.84999847,39.76750183,40.77249908,206434400
2018-02-08,36.4991951,38.78749847,40.25,38.75749969,40.07249832,217562000
2018-02-09,36.94564056,39.10250092,39.47249985,37.56000137,39.26750183,282690400
2018-02-12,38.43376923,40.67750168,40.97249985,39.37749863,39.625,243278000
2018-02-13,38.81877899,41.08499908,41.1875,40.41249847,40.48749924,130196800
2018-02-14,39.53450012,41.84249878,41.88499832,40.72000122,40.75999832,162579600
2018-02-15,40.86200333,43.24750137,43.27249908,42.25,42.44749832,204588800
2018-02-16,40.72971725,43.10749817,43.70500183,42.94250107,43.09000015,160704400
2018-02-20,40.59272385,42.96250153,43.56499863,42.85499954,43.01250076,135722000
2018-02-21,40.40848923,42.76750183,43.52999878,42.75249863,43.20750046,149886400
2018-02-22,40.74625778,43.125,43.48749924,42.92750168,42.95000076,123967600
2018-02-23,41.4548912,43.875,43.91249847,43.38499832,43.41749954,135249600
2018-02-26,42.27454376,44.74250031,44.84749985,44.05250168,44.08750153,152648800
2018-02-27,42.1375351,44.59749985,45.11999893,44.54000092,44.77500153,155712400
2018-02-28,42.07375717,44.52999878,45.15499878,44.51250076,44.81499863,151128400
2018-03-01,41.33678055,43.75,44.94499969,43.16500092,44.63499832,195208000
2018-03-02,41.62260818,44.05250168,44.07500076,43.11249924,43.20000076,153816000
2018-03-05,41.7666893,44.20500183,44.43500137,43.63000107,43.80250168,113605600
2018-03-06,41.73125458,44.16749954,44.5625,44.03250122,44.47750092,95154000
2018-03-07,41.34387207,43.75749969,43.96250153,43.56750107,43.73500061,126814000
2018-03-08,41.7950325,44.23500061,44.27999878,43.76750183,43.86999893,95096400
2018-03-09,42.5131073,44.99499893,45,44.34749985,44.49000168,128740800
2018-03-12,42.9241066,45.43000031,45.59749985,45.05250168,45.07249832,128828400
2018-03-13,42.51074219,44.99250031,45.875,44.81000137,45.64749908,126774000
2018-03-14,42.14934158,44.61000061,45.13000107,44.45249939,45.08000183,117473600
2018-03-15,42.19894791,44.66249847,45.06000137,44.51750183,44.625,90975200
2018-03-16,42.05014038,44.50500107,44.77999878,44.40499878,44.66249847,157618800
2018-03-19,41.40765381,43.82500076,44.36750031,43.41500092,44.33000183,133787200
2018-03-20,41.39348221,43.81000137,44.20000076,43.73500061,43.81000137,78597600
2018-03-21,40.45570755,42.81750107,43.77249908,42.81499863,43.75999832,148219600
2018-03-22,39.88410568,42.21250153,43.16999817,42.15000153,42.5,165963200
2018-03-23,38.96051025,41.23500061,42.47999954,41.23500061,42.09749985,164115200
2018-03-26,40.81004333,43.19250107,43.27500153,41.61000061,42.01750183,150164800
2018-03-27,39.7636261,42.08499908,43.78749847,41.72999954,43.41999817,163690400
2018-03-28,39.32427597,41.61999893,42.50500107,41.29750061,41.8125,166674000
2018-03-29,39.63133621,41.94499969,42.9375,41.72499847,41.95249939,153594000
2018-04-02,39.37151718,41.66999817,42.23500061,41.11750031,41.65999985,150347200
2018-04-03,39.7754364,42.09749985,42.1875,41.22000122,41.90999985,121112000
2018-04-04,40.53602982,42.90250015,43.00249863,41.19250107,41.22000122,138422000
2018-04-05,40.81712723,43.20000076,43.55749893,43.02000046,43.14500046,107732800
2018-04-06,39.7730751,42.09500122,43.11999893,42.04999924,42.74250031,140021200
2018-04-09,40.16753769,42.51250076,43.27249908,42.46250153,42.47000122,116070800
2018-04-10,40.92342377,43.3125,43.5,42.88249969,43.25,113634400
2018-04-11,40.73208618,43.11000061,43.47999954,42.92499924,43.05749893,89726400
2018-04-12,41.13363647,43.53499985,43.75,43.25999832,43.35250092,91557200
2018-04-13,41.27301025,43.68249893,43.95999908,43.46250153,43.69499969,100497200
2018-04-16,41.53047562,43.95500183,44.04750061,43.70750046,43.75749969,86313600
2018-04-17,42.102108,44.56000137,44.73500061,44.10250092,44.12250137,106421600
2018-04-18,42.00762558,44.45999908,44.70500183,44.22000122,44.45249939,83018000
2018-04-19,40.81712723,43.20000076,43.84749985,43.16500092,43.43999863,139235200
2018-04-20,39.1447525,41.43000031,42.80500031,41.35749817,42.65000153,261964400
2018-04-23,39.03138733,41.31000137,41.72999954,41.02249908,41.70750046,146062000
2018-04-24,38.48809052,40.73500061,41.58250046,40.30500031,41.41749954,134768000
2018-04-25,38.65578842,40.91249847,41.35499954,40.60250092,40.65499878,113528400
2018-04-26,38.79044342,41.05500031,41.43249893,40.84249878,41.02999878,111852000
2018-04-27,38.34165192,40.58000183,41.08250046,40.15750122,41,142623200
2018-04-30,39.03610229,41.31499863,41.81499863,40.45999908,40.53250122,169709600
2018-05-01,39.94314194,42.27500153,42.29999924,41.31750107,41.60250092,214277600
2018-05-02,41.70762634,44.14250183,44.4375,43.45000076,43.80749893,266157600
2018-05-03,41.7832222,44.22249985,44.375,43.61000061,43.97000122,136272800
2018-05-04,43.42251968,45.95750046,46.0625,44.54249954,44.5625,224805200
2018-05-07,43.73667526,46.29000092,46.91749954,46.1875,46.29499817,169805600
2018-05-08,43.94691467,46.51250076,46.55500031,45.91749954,46.24750137,113611200
2018-05-09,44.25634384,46.84000015,46.84999847,46.30500031,46.63750076,92844800
2018-05-10,44.88938522,47.50999832,47.59249878,46.91249847,46.93500137,111957200
2018-05-11,44.71865845,47.14749908,47.51499939,46.86249924,47.37250137,104848800
2018-05-14,44.61432266,47.03749847,47.38249969,46.96500015,47.25249863,83115200
2018-05-15,44.20885468,46.61000061,46.76750183,46.27500153,46.69499969,94780800
2018-05-16,44.62143326,47.04499817,47.11500168,46.5,46.51750183,76732400
2018-05-17,44.33926773,46.74750137,47.22750092,46.59000015,47,69176000
2018-05-18,44.17802811,46.57749939,46.95249939,46.53250122,46.79750061,73190800
2018-05-21,44.49101257,46.90750122,47.31750107,46.72750092,47,73603200
2018-05-22,44.37957764,46.79000092,47.22000122,46.69499969,47.09500122,60962800
2018-05-23,44.66412354,47.09000015,47.125,46.43999863,46.58750153,80233600
2018-05-24,44.61432266,47.03749847,47.20999908,46.55250168,47.19250107,92936000
2018-05-25,44.71629333,47.14500046,47.41249847,46.91249847,47.05749893,69844000
2018-05-29,44.55504608,46.97499847,47.1875,46.71749878,46.90000153,90056400
2018-05-30,44.46019363,46.875,47,46.69499969,46.93000031,74762000
2018-05-31,44.31079865,46.71749878,47.05749893,46.53499985,46.80500031,109931200
2018-06-01,45.10990906,47.56000137,47.56499863,46.9375,46.99750137,93770000
2018-06-04,45.48693848,47.95750046,48.35499954,47.83750153,47.90999985,105064800
2018-06-05,45.83786774,48.32749939,48.48500061,48.09000015,48.26750183,86264000
2018-06-06,45.99673843,48.49499893,48.52000046,47.97999954,48.40750122,83734400
2018-06-07,45.87343979,48.36500168,48.54999924,48.08499908,48.53499985,85388800
2018-06-08,45.45609665,47.92499924,48,47.44250107,47.79249954,106627200
2018-06-11,45.3446579,47.80749893,47.99250031,47.55250168,47.83750153,73234000
2018-06-12,45.59362793,48.06999969,48.15250015,47.78749847,47.84749985,67644400
2018-06-13,45.21897888,47.67499924,48.22000122,47.61000061,48.10499954,86553600
2018-06-14,45.24269485,47.70000076,47.89250183,47.55500031,47.88750076,86440400
2018-06-15,44.77793884,47.20999908,47.54000092,47.06499863,47.50749969,246876800
2018-06-18,44.75423431,47.18500137,47.30500031,46.79999924,46.97000122,73939600
2018-06-19,44.03100586,46.42250061,46.58250046,45.86249924,46.28499985,134314000
2018-06-20,44.22307205,46.625,46.79999924,46.43249893,46.58750153,82514800
2018-06-21,43.97647095,46.36500168,47.08750153,46.23500061,46.8125,102847600
2018-06-22,43.84842682,46.22999954,46.53749847,46.17499924,46.52999878,108801600
2018-06-25,43.19634247,45.54249954,46.22999954,45.18249893,45.84999847,126652400
2018-06-26,43.73223495,46.10749817,46.63249969,45.63499832,45.74750137,98276800
2018-06-27,43.66820145,46.04000092,46.81999969,46.00749969,46.30749893,101141200
2018-06-28,43.98595428,46.375,46.55250168,45.95000076,46.02500153,69460800
2018-06-29,43.89347458,46.27750015,46.79750061,45.72750092,46.57249832,90950800
2018-07-02,44.38431168,46.79499817,46.82500076,45.85499954,45.95500183,70925200
2018-07-03,43.61130524,45.97999954,46.98749924,45.88499832,46.94749832,55819200
2018-07-05,43.96224213,46.34999847,46.60250092,46.06999969,46.31499863,66416800
2018-07-06,44.57165146,46.99250031,47.10749817,46.29999924,46.35499954,69940800
2018-07-09,45.19053268,47.64500046,47.66999817,47.32500076,47.375,79026400
2018-07-10,45.13599014,47.58750153,47.81999969,47.54499817,47.67750168,63756400
2018-07-11,44.55029678,46.97000122,47.44499969,46.90250015,47.125,75326000
2018-07-12,45.29723358,47.75749969,47.85250092,47.32749939,47.38249969,72164400
2018-07-13,45.36837387,47.83250046,47.95999908,47.72499847,47.77000046,50055600
2018-07-16,45.26877213,47.72750092,48.16249847,47.60499954,47.88000107,60172400
2018-07-17,45.39682388,47.86249924,47.96749878,47.29999924,47.4375,62138000
2018-07-18,45.14784241,47.59999847,47.95000076,47.48249817,47.94499969,65573600
2018-07-19,45.49878693,47.97000122,48.13750076,47.42250061,47.42250061,81147200
2018-07-20,45.39445114,47.86000061,48.10749817,47.54249954,47.94499969,82704800
2018-07-23,45.43476868,47.90250015,47.99000168,47.38999939,47.66999817,63957600
2018-07-24,45.76435089,48.25,48.41500092,48.01250076,48.11249924,74791600
2018-07-25,46.19591522,48.70500183,48.71250153,48.10749817,48.26499939,66839600
2018-07-26,46.05128479,48.55250168,48.99000168,48.40250015,48.65250015,76304000
2018-07-27,45.28536987,47.74499893,48.79750061,47.52500153,48.74750137,96096000
2018-07-30,45.03166199,47.47750092,48.04999924,47.26750183,47.97499847,84118000
2018-07-31,45.12176514,47.57249832,48.03499985,47.33499908,47.57500076,157492000
2018-08-01,47.77988434,50.375,50.43999863,49.32749939,49.78250122,271742800
2018-08-02,49.17653656,51.84749985,52.09500122,50.08750153,50.14500046,249616000
2018-08-03,49.31880569,51.99750137,52.18500137,51.36999893,51.75749969,133789600
2018-08-06,49.57490158,52.26750183,52.3125,51.76750183,52,101701600
2018-08-07,49.11013031,51.77750015,52.375,51.68999863,52.33000183,102349600
2018-08-08,49.14333725,51.8125,51.95249939,51.13000107,51.51250076,90102000
2018-08-09,49.52985001,52.22000122,52.44499969,51.79999924,52.38249969,93970400
2018-08-10,49.3823204,51.88249969,52.27500153,51.66749954,51.84000015,98444800
2018-08-13,49.7011795,52.21749878,52.73749924,51.92499924,52.32749939,103563600
2018-08-14,49.91056824,52.4375,52.63999939,52.06499863,52.54000092,82992000
2018-08-15,50.02716827,52.56000137,52.68500137,52.08250046,52.30500031,115230400
2018-08-16,50.76006699,53.33000183,53.45249939,52.86750031,52.9375,114001600
2018-08-17,51.77373505,54.39500046,54.48749924,53.29000092,53.36000061,141708000
2018-08-20,51.26929092,53.86500168,54.79499817,53.77750015,54.52500153,121150800
2018-08-21,51.16934204,53.75999832,54.29750061,53.50749969,54.20000076,104639200
2018-08-22,51.17172241,53.76250076,54.09000015,53.45999908,53.52500153,76072400
2018-08-23,51.27642059,53.87250137,54.26250076,53.65000153,53.66249847,75532800
2018-08-24,51.43585205,54.04000092,54.22499847,53.77750015,54.15000153,73905600
2018-08-27,51.85940552,54.48500061,54.68500137,54.08250046,54.28749847,82100400
2018-08-28,52.27819824,54.92499924,55.13499832,54.72999954,54.75249863,91107200
2018-08-29,53.05868912,55.74499893,55.87250137,54.85250092,55.03749847,109019200
2018-08-30,53.54648972,56.25749969,57.06499863,55.59999847,55.8125,195175200
2018-08-31,54.16516495,56.90750122,57.21749878,56.5,56.62749863,173360400
2018-09-04,54.33887863,57.09000015,57.29499817,56.65750122,57.10250092,109560400
2018-09-05,53.98431778,56.71749878,57.41749954,56.27500153,57.24750137,133332000
2018-09-06,53.08724213,55.77500153,56.83750153,55.32500076,56.55749893,137160000
2018-09-07,52.65891647,55.32500076,56.34249878,55.17750168,55.46250153,150479200
2018-09-10,51.95220566,54.58250046,55.46250153,54.11750031,55.23749924,158066000
2018-09-11,53.26570511,55.96250153,56.07500076,54.13999939,54.50249863,142996000
2018-09-12,52.60419464,55.26750183,56.25,54.95999908,56.23500061,197114800
2018-09-13,53.87485886,56.60250092,57.08750153,55.64250183,55.88000107,166825600
2018-09-14,53.26332092,55.95999908,56.70999908,55.63000107,56.4375,127997200
2018-09-17,51.84512329,54.47000122,55.73749924,54.31750107,55.53749847,148780400
2018-09-18,51.93078613,54.56000137,55.46250153,54.27999878,54.44749832,126286800
2018-09-19,51.96172714,54.59249878,54.90499878,53.82500076,54.625,108495200
2018-09-20,52.35671234,55.00749969,55.56999969,54.78749847,55.06000137,106435200
2018-09-21,51.7927742,54.41500092,55.34000015,54.32249832,55.19499969,384986800
2018-09-24,52.53755569,55.19749832,55.31499863,54.15750122,54.20500183,110773600
2018-09-25,52.87069702,55.54750061,55.70500183,54.92499924,54.9375,98217600
2018-09-26,52.44953156,55.10499954,55.9375,54.93999863,55.25,95938800
2018-09-27,53.52744675,56.23749924,56.61000061,55.88499832,55.95500183,120724800
2018-09-28,53.71543121,56.43500137,56.45999908,56.00500107,56.19749832,91717600
2018-10-01,54.07712555,56.81499863,57.35499954,56.58750153,56.98749924,94403200
2018-10-02,54.55778122,57.31999969,57.5,56.65750122,56.8125,99152800
2018-10-03,55.22166824,58.01750183,58.36750031,57.44499969,57.51250076,114619200
2018-10-04,54.25082779,56.99750137,58.08750153,56.68249893,57.69499969,128168000
2018-10-05,53.37039948,56.07249832,57.10250092,55.14500046,56.99000168,134322000
2018-10-08,53.24665833,55.94250107,56.20000076,55.04999924,55.55250168,118655600
2018-10-09,53.98431778,56.71749878,56.81750107,55.5625,55.90999985,107564000
2018-10-10,51.4834404,54.09000015,56.58750153,54.01250076,56.36500168,167962400
2018-10-11,51.02894211,53.61249924,54.875,53.08000183,53.63000107,212497600
2018-10-12,52.8516655,55.52750015,55.72000122,54.20999908,55.10499954,161351600
2018-10-15,51.72139359,54.34000015,55.45750046,54.31750107,55.29000092,123164000
2018-10-16,52.86118698,55.53749847,55.74750137,54.18999863,54.73249817,116736000
2018-10-17,52.63274765,55.29750061,55.65999985,54.83499908,55.57500076,91541600
2018-10-18,51.40253067,54.00500107,54.93500137,53.25,54.46500015,130325200
2018-10-19,52.18540955,54.82749939,55.31499863,54.35749817,54.51499939,132314800
2018-10-22,52.50424576,55.16249847,55.84000015,54.73500061,54.94749832,115168400
2018-10-23,52.99918747,55.68249893,55.8125,53.67499924,53.95750046,155071200
2018-10-24,51.18123627,53.77249908,56.05749893,53.63499832,55.65000153,163702000
2018-10-25,52.30199432,54.95000076,55.34500122,54.1875,54.42750168,119423200
2018-10-26,51.46916199,54.07500076,55.04750061,53.16749954,53.97499847,189033600
2018-10-29,50.50307083,53.06000137,54.92250061,51.52249908,54.79750061,183742000
2018-10-30,50.75530624,53.32500076,53.79499817,52.31750107,52.78749847,146640000
2018-10-31,52.07831192,54.71500015,55.11249924,54.15499878,54.22000122,153435600
2018-11-01,52.87783813,55.55500031,55.59000015,54.20249939,54.76250076,233292800
2018-11-02,49.37041855,51.86999893,53.41249847,51.35749817,52.38750076,365314800
2018-11-05,47.9688797,50.39749908,51.09749985,49.54249954,51.07500076,264654800
2018-11-06,48.48760986,50.94250107,51.18000031,50.42250061,50.47999954,127531600
2018-11-07,49.95815659,52.48749924,52.51499939,51.03250122,51.49250031,133697600
2018-11-08,49.78385162,52.12250137,52.52999878,51.6875,52.49499893,101450400
2018-11-09,48.82394028,51.11750031,51.50249863,50.5625,51.38750076,137463200
2018-11-12,46.36447525,48.54249954,49.96250153,48.44749832,49.75,204542000
2018-11-13,45.9012413,48.05749893,49.29499817,47.86249924,47.90750122,187531600
2018-11-14,44.60464859,46.70000076,48.61999893,46.48249817,48.47499847,243204000
2018-11-15,45.70543671,47.85250092,47.99250031,46.72499847,47.09749985,185915200
2018-11-16,46.21165466,48.38249969,48.74250031,47.36500168,47.625,147713200
2018-11-19,44.38018799,46.46500015,47.67499924,46.24750137,47.5,167701200
2018-11-20,42.25979233,44.24499893,45.36750031,43.87749863,44.59249878,271300800
2018-11-21,42.21203613,44.19499969,45.06750107,44.13750076,44.93249893,124496800
2018-11-23,41.13991165,43.07249832,44.15000153,43.02500153,43.73500061,94496000
2018-11-26,41.6962738,43.65499878,43.73749924,42.56499863,43.56000137,179994000
2018-11-27,41.60552979,43.56000137,43.69250107,42.72000122,42.87749863,165549600
2018-11-28,43.20537567,45.23500061,45.32249832,43.73249817,44.18249893,184250000
2018-11-29,42.87347412,44.88750076,45.70000076,44.42499924,45.66500092,167080000
2018-11-30,42.64184952,44.64500046,45.08250046,44.25749969,45.07249832,158126000
2018-12-03,44.13185883,46.20500183,46.23500061,45.30250168,46.11500168,163210000
2018-12-04,42.19055557,44.17250061,45.59749985,44.06750107,45.23749924,165377200
2018-12-06,41.72015762,43.68000031,43.69499969,42.60499954,42.93999863,172393600
2018-12-07,40.23252869,42.12250137,43.62250137,42.07500076,43.37250137,169126400
2018-12-10,40.49757004,42.40000153,42.52249908,40.83250046,41.25,248104000
2018-12-11,40.26596069,42.15750122,42.94749832,41.75,42.91500092,189126800
2018-12-12,40.37818909,42.27500153,42.97999954,42.25500107,42.59999847,142510800
2018-12-13,40.81993484,42.73749924,43.14250183,42.38750076,42.62250137,127594400
2018-12-14,39.51379395,41.36999893,42.27000046,41.31999969,42.25,162814800
2018-12-17,39.1460762,40.98500061,42.08750153,40.68249893,41.36249924,177151600
2018-12-18,39.65468216,41.51750183,41.88249969,41.09749985,41.34500122,135366000
2018-12-19,38.41777802,40.22249985,41.86249924,39.77249908,41.5,196189200
2018-12-20,37.44832611,39.20750046,40.52750015,38.82500076,40.09999847,259092000
2018-12-21,35.99175262,37.68249893,39.54000092,37.40750122,39.21500015,382978400
2018-12-24,35.06049728,36.70750046,37.88750076,36.64749908,37.03749847,148676800
2018-12-26,37.52949905,39.29249954,39.30749893,36.68000031,37.07500076,234330000
2018-12-27,37.28595352,39.03749847,39.19250107,37.51750183,38.95999908,212468400
2018-12-28,37.30505371,39.05749893,39.63000107,38.63750076,39.375,169165600
2018-12-31,37.6656189,39.43500137,39.84000015,39.11999893,39.63249969,140014000
2019-01-02,37.70859909,39.47999954,39.71250153,38.55749893,38.72249985,148158800
2019-01-03,33.95254135,35.54750061,36.43000031,35.5,35.99499893,365248800
2019-01-04,35.40194321,37.06499863,37.13750076,35.95000076,36.13249969,234428400
2019-01-07,35.32314682,36.98249817,37.20750046,36.47499847,37.17499924,219111200
2019-01-08,35.99653625,37.6875,37.95500183,37.13000107,37.38999939,164101200
2019-01-09,36.60781097,38.32749939,38.63249969,37.40750122,37.82249832,180396400
2019-01-10,36.72481537,38.45000076,38.49250031,37.71500015,38.125,143122800
2019-01-11,36.364254,38.07249832,38.42499924,37.87749863,38.22000122,108092800
2019-01-14,35.81744003,37.5,37.81750107,37.30500031,37.71250153,129756800
2019-01-15,36.55050659,38.26750183,38.34749985,37.51250076,37.56750107,114843600
2019-01-16,36.99701309,38.73500061,38.97000122,38.25,38.27000046,122278800
2019-01-17,37.21670914,38.96500015,39.41500092,38.31499863,38.54999924,119284800
2019-01-18,37.44594574,39.20500183,39.47000122,38.99499893,39.375,135004000
2019-01-22,36.60542679,38.32500076,39.18249893,38.15499878,39.10250092,121576000
2019-01-23,36.75346375,38.47999954,38.78499985,37.92499924,38.53749847,92522400
2019-01-24,36.46215057,38.17499924,38.61999893,37.93500137,38.52750015,101766000
2019-01-25,37.67039108,39.43999863,39.53250122,38.58000183,38.86999893,134142000
2019-01-28,37.3217659,39.07500076,39.08250046,38.41500092,38.94749832,104768400
2019-01-29,36.93494034,38.66999817,39.53250122,38.52750015,39.0625,166348800
2019-01-30,39.45886993,41.3125,41.53749847,40.05749893,40.8125,244439200
2019-01-31,39.74303055,41.61000061,42.25,41.13999939,41.52750015,162958400
2019-02-01,39.76212692,41.63000107,42.24499893,41.48249817,41.74000168,130672400
2019-02-04,40.89156723,42.8125,42.91500092,41.81999969,41.85250092,125982000
2019-02-05,41.5912056,43.54499817,43.77000046,43.08750153,43.21500015,144406400
2019-02-06,41.60552979,43.56000137,43.89250183,43.21250153,43.66249847,112958400
2019-02-07,40.81755066,42.73500061,43.48500061,42.58499908,43.09999847,126966800
2019-02-08,40.86551285,42.60250092,42.66500092,42.10499954,42.24750137,95280000
2019-02-11,40.63050079,42.35749817,42.80250168,42.3125,42.76250076,83973600
2019-02-12,40.98063278,42.72249985,42.75,42.42499924,42.52500153,89134000
2019-02-13,40.81035614,42.54499817,43.11999893,42.47999954,42.84749985,89960800
2019-02-14,40.95903397,42.70000076,42.81499863,42.34500122,42.42750168,87342800
2019-02-15,40.86790085,42.60499954,42.92499924,42.4375,42.8125,98507200
2019-02-19,40.9902153,42.73249817,42.86000061,42.37250137,42.42750168,75891200
2019-02-20,41.25399399,43.00749969,43.33000183,42.74750137,42.79750061,104457600
2019-02-21,41.02138138,42.76499939,43.09249878,42.57500076,42.95000076,68998800
2019-02-22,41.47942352,43.24250031,43.25,42.84500122,42.89500046,75652800
2019-02-25,41.78157043,43.55749893,43.96749878,43.48749924,43.54000092,87493600
2019-02-26,41.80554962,43.58250046,43.82500076,43.29249954,43.42750168,68280800
2019-02-27,41.93504715,43.71749878,43.75,43.18249893,43.30250168,111341600
2019-02-28,41.52258301,43.28749847,43.72750092,43.22999954,43.58000183,112861600
2019-03-01,41.95903397,43.74250031,43.78749847,43.22249985,43.56999969,103544800
2019-03-04,42.17006302,43.96250153,44.4375,43.49250031,43.92250061,109744800
2019-03-05,42.09332275,43.88249969,44,43.63499832,43.98500061,78949600
2019-03-06,41.85113144,43.63000107,43.87250137,43.48500061,43.66749954,83241600
2019-03-07,41.3666954,43.125,43.61000061,43.00500107,43.46749878,99185600
2019-03-08,41.46502686,43.22750092,43.26750183,42.375,42.58000183,95997600
2019-03-11,42.90147018,44.72499847,44.77999878,43.83750153,43.87250137,128044000
2019-03-12,43.3834877,45.22750092,45.66749954,44.84249878,45,129870400
2019-03-13,43.57533264,45.42750168,45.82500076,45.22999954,45.5625,124130000
2019-03-14,44.05973434,45.93249893,46.02500153,45.63999939,45.97499847,94318000
2019-03-15,44.63287735,46.52999878,46.83250046,45.93500137,46.21250153,156171600
2019-03-18,45.08851242,47.00500107,47.09749985,46.44749832,46.45000076,104879200
2019-03-19,44.73120117,46.63249969,47.24750137,46.47999954,47.08750153,126585600
2019-03-20,45.12208939,47.04000092,47.37250137,46.18249893,46.55749893,124140800
2019-03-21,46.78394699,48.77249908,49.08250046,47.45249939,47.50500107,204136800
2019-03-22,45.81513596,47.76250076,49.42250061,47.69499969,48.83499908,169630800
2019-03-25,45.26117706,47.18500137,47.99499893,46.65000153,47.87749863,175381200
2019-03-26,44.79354858,46.69749832,48.22000122,46.14500046,47.91500092,199202000
2019-03-27,45.19642639,47.11750031,47.43999863,46.63750076,47.1875,119393600
2019-03-28,45.25637817,47.18000031,47.38999939,46.88249969,47.23749924,83121600
2019-03-29,45.55133438,47.48749924,47.52000046,47.13499832,47.45750046,94256000
2019-04-01,45.8606987,47.81000137,47.91999817,47.09500122,47.90999985,111448000
2019-04-02,46.52734756,48.50500107,48.61500168,47.76250076,47.77249908,91062800
2019-04-03,46.84630203,48.83750153,49.125,48.28749847,48.3125,93087200
2019-04-04,46.92783356,48.92250061,49.09249878,48.28499985,48.69749832,76457200
2019-04-05,47.24197769,49.25,49.27500153,48.98249817,49.11249924,74106400
2019-04-08,47.98538971,50.02500153,50.05749893,49.08499908,49.10499954,103526800
2019-04-09,47.84149933,49.875,50.71250153,49.80749893,50.08000183,143072800
2019-04-10,48.11008453,50.15499878,50.18500137,49.54499817,49.66999817,86781200
2019-04-11,47.70960617,49.73749924,50.25,49.61000061,50.21250153,83603200
2019-04-12,47.69042206,49.71749878,50.03499985,49.05250168,49.79999924,111042800
2019-04-15,47.77675247,49.80749893,49.96250153,49.50249863,49.64500046,70146400
2019-04-16,47.78155136,49.8125,50.34249878,49.63999939,49.86500168,102785600
2019-04-17,48.71199799,50.78250122,50.84500122,49.65250015,49.88499832,115627200
2019-04-18,48.88705826,50.96500015,51.03749847,50.63000107,50.77999878,96783200
2019-04-22,49.04772949,51.13249969,51.23500061,50.58499908,50.70750046,77758000
2019-04-23,49.75516129,51.86999893,51.9375,50.97499847,51.10749817,93292000
2019-04-24,49.67842102,51.79000092,52.11999893,51.76250076,51.84000015,70162400
2019-04-25,49.22757339,51.31999969,51.93999863,51.27999878,51.70750046,74172800
2019-04-26,48.99256897,51.07500076,51.25,50.52999878,51.22499847,74596400
2019-04-29,49.0669136,51.15250015,51.49250031,50.96500015,51.09999847,88818800
2019-04-30,48.12207031,50.16749954,50.84999847,49.77750015,50.76499939,186139600
2019-05-01,50.48417282,52.63000107,53.82749939,52.30749893,52.47000122,259309200
2019-05-02,50.15563202,52.28749847,53.16249847,52.03250122,52.45999908,127985200
2019-05-03,50.77913284,52.9375,52.95999908,52.55749893,52.72249985,83569600
2019-05-06,49.99496078,52.11999893,52.20999908,50.875,51.07249832,129772400
2019-05-07,48.64725113,50.71500015,51.85499954,50.20750046,51.47000122,155054800
2019-05-08,48.65683746,50.72499847,51.33499908,50.4375,50.47499847,105358000
2019-05-09,48.13406754,50.18000031,50.41999817,49.16500092,50.09999847,139634400
2019-05-10,47.46724319,49.29499817,49.71250153,48.19250107,49.35499954,164834800
2019-05-13,44.70847321,46.43000031,47.36999893,45.71250153,46.92750168,229722400
2019-05-14,45.41621399,47.16500092,47.42499924,46.35250092,46.60250092,146118800
2019-05-15,45.96026611,47.72999954,47.9375,46.50500107,46.56750107,106178800
2019-05-16,45.75805664,47.52000046,48.11750031,47.20999908,47.47750092,132125600
2019-05-17,45.49805832,47.25,47.72499847,46.68999863,46.73249817,131516400
2019-05-20,44.07534409,45.77249908,46.08750153,45.06999969,45.88000107,154449200
2019-05-21,44.92030334,46.65000153,47,46.17499924,46.30500031,113459200
2019-05-22,44.00072861,45.69499969,46.42750168,45.63750076,46.16500092,118994400
2019-05-23,43.24963379,44.91500092,45.13499832,44.45249939,44.95000076,146118800
2019-05-24,43.08353806,44.74250031,45.53499985,44.65499878,45.04999924,94858800
2019-05-28,42.90539169,44.55749893,45.14749908,44.47750092,44.72999954,111792800
2019-05-29,42.70077896,44.34500122,44.83750153,44,44.10499954,113924800
2019-05-30,42.92225266,44.57500076,44.80749893,44.16749954,44.48749924,84873600
2019-05-31,42.14468002,43.76750183,44.49750137,43.74750137,44.05749893,108174400
2019-06-03,41.71858597,43.32500076,44.47999954,42.56750107,43.90000153,161584400
2019-06-04,43.24482727,44.90999985,44.95750046,43.63000107,43.86000061,123872000
2019-06-05,43.94293976,45.63499832,46.24750137,45.28499985,46.06999969,119093600
2019-06-06,44.58810043,46.30500031,46.36750031,45.53749847,45.77000046,90105200
2019-06-07,45.77489853,47.53749847,47.97999954,46.44250107,46.62749863,122737600
2019-06-10,46.35987854,48.14500046,48.84249878,47.90499878,47.95249939,104883600
2019-06-11,46.89670563,48.70249939,49,48.40000153,48.71500015,107731600
2019-06-12,46.74745941,48.54750061,48.99250031,48.34749985,48.48749924,73012800
2019-06-13,46.7378273,48.53749847,49.19749832,48.40000153,48.67499924,86698400
2019-06-14,46.39839935,48.18500137,48.39749908,47.57500076,47.88750076,75046000
2019-06-17,46.67523193,48.47249985,48.74000168,48.04249954,48.22499847,58676400
2019-06-18,47.77297211,49.61249924,50.07249832,48.80250168,49.01250076,106204000
2019-06-19,47.63335037,49.46749878,49.97000122,49.32749939,49.91999817,84496800
2019-06-20,48.01610184,49.86500168,50.15250015,49.50749969,50.09249878,86056000
2019-06-21,47.85241318,49.69499969,50.21250153,49.53749847,49.70000076,191202400
2019-06-24,47.80426025,49.64500046,50.04000092,49.54249954,49.63499832,72881600
2019-06-25,47.07966614,48.89250183,49.81499863,48.82249832,49.60749817,84281200
2019-06-26,48.09794998,49.95000076,50.24750137,49.33750153,49.44250107,104270000
2019-06-27,48.08351135,49.93500137,50.39250183,49.89250183,50.07249832,83598800
2019-06-28,47.64537811,49.47999954,49.875,49.26250076,49.66999817,124442400
2019-07-01,48.51923752,50.38750076,51.12250137,50.16249847,50.79249954,109012000
2019-07-02,48.80329132,50.68249893,50.78250122,50.34000015,50.35250092,67740800
2019-07-03,49.20771408,51.10250092,51.11000061,50.67250061,50.81999969,45448000
2019-07-05,49.16439438,51.05749893,51.27000046,50.72499847,50.83750153,69062000
2019-07-08,48.15091705,50.00500107,50.34999847,49.60250092,50.20249939,101354400
2019-07-09,48.4446106,50.31000137,50.37749863,49.70249939,49.79999924,82312000
2019-07-10,48.92365646,50.80749893,50.93249893,50.38999939,50.46250153,71588400
2019-07-11,48.56738281,50.4375,51.09749985,50.42750168,50.82749939,80767200
2019-07-12,48.94051361,50.82500076,51,50.54999924,50.61249924,70380800
2019-07-15,49.4003067,51.30250168,51.46749878,51,51.02249908,67789600
2019-07-16,49.22939301,51.125,51.52750015,50.875,51.14749908,67467200
2019-07-17,48.95255661,50.83750153,51.27249908,50.81750107,51.01250076,56430000
2019-07-18,49.50863266,51.41500092,51.47000122,50.92499924,51,74162400
2019-07-19,48.76959229,50.64749908,51.625,50.59000015,51.44749832,83717200
2019-07-22,49.8841629,51.80500031,51.80749893,50.90250015,50.91249847,89111600
2019-07-23,50.27415848,52.20999908,52.22750092,51.82249832,52.11500168,73420800
2019-07-24,50.23323441,52.16749954,52.28749847,51.79249954,51.91749954,59966400
2019-07-25,49.83602905,51.75500107,52.31000137,51.68249893,52.22249985,55638400
2019-07-26,50.00935745,51.93500137,52.43249893,51.78499985,51.86999893,70475600
2019-07-29,50.47636414,52.41999817,52.65999985,52.11000061,52.11500168,86693600
2019-07-30,50.25971603,52.19499969,52.54000092,51.82749939,52.18999863,135742800
2019-07-31,51.2852211,53.25999832,55.34249878,52.82500076,54.10499954,277125600
2019-08-01,50.17546463,52.10749817,54.50749969,51.68500137,53.47499847,216071600
2019-08-02,49.11382675,51.00500107,51.60749817,50.40750122,51.38249969,163448400
2019-08-05,46.54283142,48.33499908,49.66249847,48.14500046,49.49750137,209572000
2019-08-06,47.42391205,49.25,49.51750183,48.50999832,49.07749939,143299200
2019-08-07,47.91499329,49.75999832,49.88999939,48.45500183,48.85250092,133457600
2019-08-08,48.97180557,50.85749817,50.88249969,49.84749985,50.04999924,108038000
2019-08-09,48.56826401,50.24750137,50.68999863,49.82249832,50.32500076,98478800
2019-08-12,48.44501114,50.11999893,50.51250076,49.78749847,49.90499878,89927600
2019-08-13,50.49658203,52.24250031,53.03499985,50.11999893,50.25500107,188874000
2019-08-14,48.99355698,50.6875,51.61000061,50.64749908,50.79000092,146189600
2019-08-15,48.74949265,50.43500137,51.28499985,49.91749954,50.86500168,108909600
2019-08-16,49.89972305,51.625,51.79000092,50.95999908,51.06999969,110481600
2019-08-19,50.83005142,52.58750153,53.18249893,52.50749969,52.65499878,97654400
2019-08-20,50.83247757,52.59000015,53.33750153,52.58000183,52.72000122,107537200
2019-08-21,51.38341904,53.15999985,53.41249847,52.90000153,53.24750137,86141600
2019-08-22,51.33992767,53.11500168,53.61000061,52.6875,53.29750061,89014800
2019-08-23,48.96697235,50.65999985,53.01250076,50.25,52.35749817,187272000
2019-08-26,49.89730072,51.62250137,51.79750061,51.26499939,51.46500015,104174400
2019-08-27,49.33427811,51.04000092,52.13750076,50.88249969,51.96500015,103493200
2019-08-28,49.66532898,51.38249969,51.43000031,50.83000183,51.02500153,63755200
2019-08-29,50.50624847,52.25249863,52.33000183,51.66500092,52.125,83962000
2019-08-30,50.44101334,52.18500137,52.61249924,51.79999924,52.54000092,84573600
2019-09-03,49.70641327,51.42499924,51.74499893,51.05500031,51.60749817,80092000
2019-09-04,50.54975128,52.29750061,52.36999893,51.83000183,52.09749985,76752400
2019-09-05,51.53808975,53.31999969,53.49250031,52.87749863,53,95654800
2019-09-06,51.5332489,53.31499863,53.60499954,53.12749863,53.51250076,77449200
2019-09-09,51.75313568,53.54249954,54.11000061,52.76750183,53.70999908,109237600
2019-09-10,52.36449432,54.17499924,54.19499969,52.92750168,53.46500015,127111600
2019-09-11,54.02944183,55.89749908,55.92750168,54.43249893,54.51750183,177158400
2019-09-12,53.90861511,55.77249908,56.60499954,55.71500015,56.20000076,128906800
2019-09-13,52.8598671,54.6875,55.19749832,54.25500107,55,159053200
2019-09-16,53.13776016,54.97499847,55.03250122,54.38999939,54.43249893,84632400
2019-09-17,53.33108521,55.17499924,55.20500183,54.77999878,54.99000168,73274800
2019-09-18,53.8312912,55.69250107,55.71250153,54.86000061,55.26499939,101360000
2019-09-19,53.39390945,55.24000168,55.93999863,55.09249878,55.50249863,88242400
2019-09-20,52.61339569,54.43249893,55.63999939,54.36750031,55.34500122,221652400
2019-09-23,52.8526268,54.68000031,54.95999908,54.41249847,54.73749924,76662000
2019-09-24,52.60131454,54.41999817,55.62250137,54.29750061,55.25749969,124763200
2019-09-25,53.41083145,55.25749969,55.375,54.28499985,54.63750076,87613600
2019-09-26,53.13535309,54.97249985,55.23500061,54.70750046,55,75334000
2019-09-27,52.87677765,54.70500183,55.24000168,54.31999969,55.13499832,101408000
2019-09-30,54.1212616,55.99250031,56.14500046,55.19749832,55.22499847,103909600
2019-10-01,54.27108002,56.14749908,57.05500031,56.04999924,56.26750183,139223200
2019-10-02,52.91062927,54.74000168,55.89500046,54.48249817,55.76499939,138449200
2019-10-03,53.36008072,55.20500183,55.24000168,53.78250122,54.60749817,114426000
2019-10-04,54.85586166,56.75249863,56.87250137,55.97249985,56.40999985,138478800
2019-10-07,54.86794662,56.76499939,57.48249817,56.45999908,56.56750107,122306000
2019-10-08,54.22516632,56.09999847,57.01499939,56.08250046,56.45500183,111820000
2019-10-09,54.8606987,56.75749969,56.94749832,56.40999985,56.75749969,74770400
2019-10-10,55.60013199,57.52249908,57.61000061,56.82500076,56.98249817,113013600
2019-10-11,57.07899857,59.05250168,59.40999985,58.07749939,58.23749924,166795600
2019-10-14,56.99683762,58.96749878,59.53250122,58.66749954,58.72499847,96427600
2019-10-15,56.86393356,58.83000183,59.41249847,58.72000122,59.09749985,87360000
2019-10-16,56.63436508,58.59249878,58.81000137,58.29999924,58.34249878,73903200
2019-10-17,56.85427475,58.81999969,59.03749847,58.38000107,58.77249908,67585200
2019-10-18,57.12733078,59.10250092,59.39500046,58.57249832,58.64749908,97433600
2019-10-21,58.11808014,60.12749863,60.24750137,59.33000183,59.38000107,87247200
2019-10-22,57.98517227,59.99000168,60.54999924,59.90499878,60.29000092,82293600
2019-10-23,58.76325989,60.79499817,60.81000137,60.30500031,60.52500153,75828800
2019-10-24,58.8599205,60.89500046,61.20000076,60.45249939,61.12749863,69275200
2019-10-25,59.58486176,61.64500046,61.68249893,60.72000122,60.79000092,73477200
2019-10-28,60.18173218,62.26250076,62.3125,61.68000031,61.85499954,96572800
2019-10-29,58.78985596,60.82249832,62.4375,60.64250183,62.24250031,142839600
2019-10-30,58.78259277,60.81499863,61.32500076,60.30250168,61.18999863,124522000
2019-10-31,60.11164474,62.18999863,62.29249954,59.31499863,61.81000137,139162000
2019-11-01,61.81766891,63.95500183,63.98249817,62.29000092,62.38499832,151125200
2019-11-04,62.22362518,64.375,64.46250153,63.84500122,64.33249664,103272000
2019-11-05,62.13422394,64.28250122,64.54750061,64.08000183,64.26249695,79897600
2019-11-06,62.16080093,64.30999756,64.37249756,63.84249878,64.19249725,75864400
2019-11-07,62.87821579,64.85749817,65.08750153,64.52749634,64.68499756,94940400
2019-11-08,63.0503006,65.03500366,65.11000061,64.21250153,64.67250061,69986400
2019-11-11,63.54958344,65.55000305,65.61750031,64.56999969,64.57499695,81821200
2019-11-12,63.49141693,65.48999786,65.69750214,65.23000336,65.38749695,87388800
2019-11-13,64.0997467,66.11750031,66.19499969,65.26750183,65.28250122,102734400
2019-11-14,63.6562233,65.66000366,66.22000122,65.52500153,65.9375,89182800
2019-11-15,64.41241455,66.44000244,66.44499969,65.75250244,65.91999817,100206400
2019-11-18,64.73718262,66.77500153,66.85749817,66.05750275,66.44999695,86703200
2019-11-19,64.5408783,66.57250214,67,66.34750366,66.97499847,76167200
2019-11-20,63.78951263,65.79750061,66.51999664,65.09999847,66.38500214,106234400
2019-11-21,63.50353622,65.50250244,66.00250244,65.29499817,65.92250061,121395200
2019-11-22,63.44779205,65.44499969,65.79499817,65.20999908,65.64749908,65325200
2019-11-25,64.56025696,66.59249878,66.61000061,65.62999725,65.67749786,84020400
2019-11-26,64.05613708,66.07250214,66.79000092,65.625,66.73500061,105207600
2019-11-27,64.91653442,66.95999908,66.99500275,66.32749939,66.39499664,65235600
2019-11-29,64.77355957,66.8125,67,66.47499847,66.65000153,46617600
2019-12-02,64.02461243,66.04000092,67.0625,65.86250305,66.81749725,94487200
2019-12-03,62.8830719,64.86250305,64.88249969,64.07250214,64.57749939,114430400
2019-12-04,63.43807983,65.43499756,65.82749939,65.16999817,65.26750183,67181600
2019-12-05,64.3687973,66.39499664,66.47250366,65.68250275,65.94750214,74424400
2019-12-06,65.61215973,67.67749786,67.75,66.82499695,66.87000275,106075600
2019-12-09,64.69360352,66.73000336,67.69999695,66.22750092,67.5,128042400
2019-12-10,65.0716629,67.12000275,67.51750183,66.46499634,67.15000153,90420400
2019-12-11,65.62670898,67.69249725,67.77500153,67.125,67.20249939,78756800
2019-12-12,65.79393768,67.86499786,68.13999939,66.83000183,66.94499969,137310400
2019-12-13,66.68827057,68.78749847,68.82499695,67.73249817,67.86499786,133587600
2019-12-16,67.82984924,69.96499634,70.19750214,69.24500275,69.25,128186000
2019-12-17,67.96315765,70.10250092,70.44249725,69.69999695,69.89250183,114158400
2019-12-18,67.80076599,69.93499756,70.47499847,69.77999878,69.94999695,116028400
2019-12-19,67.86860657,70.00499725,70.29499817,69.73750305,69.875,98369200
2019-12-20,67.7280426,69.86000061,70.66249847,69.63999939,70.55750275,275978000
2019-12-23,68.83326721,71,71.0625,70.09249878,70.13249969,98572000
2019-12-24,68.8986969,71.06749725,71.22250366,70.73000336,71.17250061,48478800
2019-12-26,70.26568604,72.47750092,72.49500275,71.17500305,71.20500183,93121200
2019-12-27,70.23900604,72.44999695,73.49250031,72.02999878,72.77999878,146266000
2019-12-30,70.65588379,72.87999725,73.17250061,71.30500031,72.36499786,144114400
2019-12-31,71.17214203,73.41249847,73.41999817,72.37999725,72.48249817,100805600
2020-01-02,72.7960434,75.08750153,75.15000153,73.79750061,74.05999756,135480400
2020-01-03,72.08830261,74.35749817,75.14499664,74.125,74.28749847,146322800
2020-01-06,72.6627121,74.94999695,74.98999786,73.1875,73.44750214,118387200
2020-01-07,72.32096863,74.59750366,75.22499847,74.37000275,74.95999908,108872000
2020-01-08,73.484375,75.79750061,76.11000061,74.29000092,74.29000092,132079200
2020-01-09,75.04520416,77.40750122,77.60749817,76.55000305,76.80999756,170108400
2020-01-10,75.21487427,77.58249664,78.16750336,77.0625,77.65000153,140644800
2020-01-13,76.82180023,79.23999786,79.26750183,77.78749847,77.91000366,121532000
2020-01-14,75.78443909,78.16999817,79.39250183,78.04250336,79.17500305,161954400
2020-01-15,75.45968628,77.83499908,78.875,77.38749695,77.96250153,121923600
2020-01-16,76.40490723,78.80999756,78.92500305,78.02249908,78.39749908,108829200
2020-01-17,77.25080872,79.68250275,79.68499756,78.75,79.06749725,137816400
2020-01-21,76.72727966,79.14250183,79.75499725,79,79.29750061,110843200
2020-01-22,77.00115967,79.42500305,79.99749756,79.32749939,79.64499664,101832400
2020-01-23,77.37197113,79.80750275,79.88999939,78.91249847,79.48000336,104472000
2020-01-24,77.14899445,79.57749939,80.83249664,79.37999725,80.0625,146537600
2020-01-27,74.88041687,77.23750305,77.94249725,76.22000122,77.51499939,161940000
2020-01-28,76.99871826,79.42250061,79.59999847,78.04750061,78.15000153,162234000
2020-01-29,78.61049652,81.08499908,81.96250153,80.34500122,81.11250305,216229200
2020-01-30,78.49656677,80.96749878,81.02249908,79.6875,80.13500214,126743200
2020-01-31,75.01611328,77.37750244,80.66999817,77.07250214,80.23249817,199588400
2020-02-03,74.81013489,77.16500092,78.37249756,75.55500031,76.07499695,173788400
2020-02-04,77.27986908,79.71250153,79.91000366,78.40750122,78.82749939,136616400
2020-02-05,77.91001892,80.36250305,81.19000244,79.73750305,80.87999725,118826800
2020-02-06,78.82134247,81.30249786,81.30500031,80.06500244,80.64250183,105425600
2020-02-07,77.74995422,80.00749969,80.84999847,79.5,80.59249878,117684000
2020-02-10,78.11923981,80.38749695,80.38749695,78.46250153,78.54499817,109348800
2020-02-11,77.64790344,79.90249634,80.97499847,79.67749786,80.90000153,94323200
2020-02-12,79.49188995,81.80000305,81.80500031,80.36750031,80.36750031,113730400
2020-02-13,78.9258194,81.21749878,81.55500031,80.83750153,81.04750061,94747600
2020-02-14,78.94526672,81.23750305,81.49500275,80.71250153,81.18499756,80113600
2020-02-18,77.49973297,79.75,79.9375,78.65249634,78.83999634,152531200
2020-02-19,78.62213898,80.90499878,81.14250183,80,80,93984000
2020-02-20,77.81555939,80.07499695,81.16249847,79.55249786,80.65750122,100566000
2020-02-21,76.05418396,78.26249695,80.11250305,77.625,79.65499878,129554000
2020-02-24,72.44159698,74.54499817,76.04499817,72.30750275,74.31500244,222195200
2020-02-25,69.98782349,72.01999664,75.63249969,71.53250122,75.23750305,230673600
2020-02-26,71.09810638,73.16249847,74.47000122,71.625,71.63249969,198054800
2020-02-27,66.45055389,68.37999725,71.5,68.23999786,70.27500153,320605600
2020-02-28,66.41165924,68.33999634,69.60250092,64.09249878,64.31500244,426510000
2020-03-02,72.59465027,74.70249939,75.36000061,69.43000031,70.56999969,341397200
2020-03-03,70.28910065,72.33000183,76,71.44999695,75.91750336,319475600
2020-03-04,73.54941559,75.68499756,75.84999847,73.28250122,74.11000061,219178400
2020-03-05,71.16371918,73.23000336,74.88749695,72.85250092,73.87999725,187572800
2020-03-06,70.2186203,72.25749969,72.70500183,70.30750275,70.5,226176800
2020-03-09,64.66488647,66.54250336,69.52249908,65.75,65.9375,286744800
2020-03-10,69.32216644,71.33499908,71.61000061,67.34249878,69.28500366,285290000
2020-03-11,66.91457367,68.85749817,70.30500031,67.96499634,69.34750366,255598800
2020-03-12,60.30644989,62.05749893,67.5,62,63.98500061,418474000
2020-03-13,67.53166199,69.49250031,69.98000336,63.23749924,66.22250366,370732000
2020-03-16,58.84392166,60.55250168,64.76999664,60,60.48749924,322423600
2020-03-17,61.43128204,63.21500015,64.40249634,59.59999847,61.87749863,324056000
2020-03-18,59.92745209,61.66749954,62.5,59.27999878,59.94250107,300233600
2020-03-19,59.46828079,61.19499969,63.20999908,60.65250015,61.84749985,271857200
2020-03-20,55.69291306,57.31000137,62.95750046,57,61.79499817,401693200
2020-03-23,54.50975418,56.09249878,57.125,53.15250015,57.02000046,336752800
2020-03-24,59.97847748,61.72000122,61.92250061,58.57500076,59.09000015,287531200
2020-03-25,59.64806366,61.38000107,64.5625,61.07500076,62.6875,303602000
2020-03-26,62.78692245,64.61000061,64.66999817,61.59000015,61.63000107,252087200
2020-03-27,60.18740082,61.93500137,63.96749878,61.76250076,63.1875,204216800
2020-03-30,61.90502548,63.70249939,63.88000107,62.34999847,62.68500137,167976400
2020-03-31,61.77870178,63.57249832,65.62249756,63,63.90000153,197002000
2020-04-01,58.5280838,60.22750092,62.18000031,59.78250122,61.625,176218400
2020-04-02,59.50473404,61.23249817,61.28749847,59.22499847,60.08499908,165934000
2020-04-03,58.64956665,60.35250092,61.42499924,59.74250031,60.70000076,129880000
2020-04-06,63.76599503,65.61750031,65.77749634,62.34500122,62.72499847,201820400
2020-04-07,63.02744675,64.85749817,67.92500305,64.75,67.69999695,202887200
2020-04-08,64.64058685,66.51750183,66.84249878,65.30750275,65.68499756,168895200
2020-04-09,65.10705566,66.99749756,67.51750183,66.17500305,67.17500305,161834800
2020-04-13,66.38496399,68.3125,68.42500305,66.45749664,67.07749939,131022800
2020-04-14,69.73761749,71.76249695,72.0625,69.51249695,70,194994800
2020-04-15,69.10107422,71.10749817,71.58249664,70.15750122,70.59999847,131154400
2020-04-16,69.65015411,71.67250061,72.05000305,70.58750153,71.84500122,157125200
2020-04-17,68.70507813,70.69999695,71.73750305,69.21499634,71.17250061,215250000
2020-04-20,67.27899933,69.23249817,70.41999817,69.21250153,69.48750305,130015200
2020-04-21,65.19937134,67.09249878,69.3125,66.35749817,69.06999969,180991600
2020-04-22,67.07733917,69.02500153,69.47499847,68.05000305,68.40249634,116862400
2020-04-23,66.81739807,68.75749969,70.4375,68.71749878,68.96749878,124814400
2020-04-24,68.74638367,70.74250031,70.75250244,69.25,69.30000305,126161200
2020-04-27,68.79498291,70.79250336,71.13500214,69.98750305,70.44999695,117087600
2020-04-28,67.67984009,69.64499664,71.45749664,69.55000305,71.26999664,112004800
2020-04-29,69.90279388,71.93250275,72.41750336,70.97250366,71.18250275,137280800
2020-04-30,71.37748718,73.44999695,73.63249969,72.08750153,72.48999786,183064000
2020-05-01,70.22837067,72.26750183,74.75,71.46250153,71.5625,240616800
2020-05-04,71.22201538,73.29000092,73.42250061,71.58000183,72.29250336,133568000
2020-05-05,72.29096985,74.38999939,75.25,73.61499786,73.76499939,147751200
2020-05-06,73.03681183,75.15750122,75.80999756,74.71749878,75.11499786,142333600
2020-05-07,73.79237366,75.93499756,76.29250336,75.49250031,75.80500031,115215200
2020-05-08,75.54875946,77.53250122,77.58750153,76.07250214,76.41000366,133838400
2020-05-11,76.7375412,78.75250244,79.26249695,76.80999756,77.02500153,145946400
2020-05-12,75.86056519,77.85250092,79.92250061,77.72750092,79.45749664,162301200
2020-05-13,74.94461823,76.91249847,78.98750305,75.80249786,78.03749847,200622400
2020-05-14,75.40502167,77.38500214,77.44750214,75.38249969,76.12750244,158929200
2020-05-15,74.95922852,76.92749786,76.97499847,75.05249786,75.08750153,166348400
2020-05-18,76.72534943,78.73999786,79.125,77.58000183,78.29250336,135178400
2020-05-19,76.28199768,78.28500366,79.62999725,78.25250244,78.75749969,101729600
2020-05-20,77.76554871,79.80750275,79.87999725,79.12999725,79.16999817,111504800
2020-05-21,77.1857605,79.21250153,80.22250366,78.96749878,79.66500092,102688800
2020-05-22,77.68271637,79.72250366,79.80750275,78.83750153,78.94249725,81803200
2020-05-26,77.15653992,79.18250275,81.05999756,79.125,80.875,125522000
2020-05-27,77.49271393,79.52749634,79.67749786,78.27249908,79.03500366,112945200
2020-05-28,77.52680969,79.5625,80.86000061,78.90750122,79.19249725,133560800
2020-05-29,77.45129395,79.48500061,80.28749847,79.11750031,79.8125,153532400
2020-06-01,78.40380096,80.46250153,80.58750153,79.30249786,79.4375,80791200
2020-06-02,78.76675415,80.83499908,80.86000061,79.73249817,80.1875,87642800
2020-06-03,79.20036316,81.27999878,81.55000305,80.57499695,81.16500092,104491200
2020-06-04,78.5182724,80.58000183,81.40499878,80.19499969,81.09750366,87560400
2020-06-05,80.75453949,82.875,82.9375,80.80750275,80.83750153,137250400
2020-06-08,81.23201752,83.36499786,83.40000153,81.83000183,82.5625,95654400
2020-06-09,83.79716492,85.99749756,86.40249634,83.00250244,83.03500366,147712400
2020-06-10,85.95304108,88.20999908,88.69249725,86.52249908,86.97499847,166651600
2020-06-11,81.82641602,83.97499847,87.76499939,83.87000275,87.32749939,201662400
2020-06-12,82.53286743,84.69999695,86.94999695,83.55500031,86.18000031,200146000
2020-06-15,83.55356598,85.74749756,86.41999817,83.14499664,83.3125,138808800
2020-06-16,85.76790619,88.01999664,88.30000305,86.18000031,87.86499786,165428800
2020-06-17,85.64854431,87.89749908,88.84999847,87.77249908,88.78749847,114406400
2020-06-18,85.68266296,87.93250275,88.36250305,87.30500031,87.85250092,96820400
2020-06-19,85.19301605,87.43000031,89.13999939,86.28749847,88.66000366,264476000
2020-06-22,87.42198181,89.71749878,89.86499786,87.78749847,87.83499908,135445200
2020-06-23,89.28800201,91.63249969,93.09500122,90.56749725,91,212155600
2020-06-24,87.71188354,90.01499939,92.19750214,89.62999725,91.25,192623200
2020-06-25,88.876297,91.20999908,91.25,89.39250183,90.17500305,137522400
2020-06-26,86.14550018,88.40750122,91.33000183,88.25499725,91.10250092,205256800
2020-06-29,88.13088226,90.44499969,90.54250336,87.81999969,88.3125,130646000
2020-06-30,88.86656189,91.19999695,91.49500275,90,90.01999664,140223200
2020-07-01,88.69847107,91.02749634,91.83999634,90.97750092,91.27999878,110737200
2020-07-02,88.69847107,91.02749634,92.61750031,90.91000366,91.96250153,114041600
2020-07-06,91.07117462,93.46250153,93.94499969,92.46749878,92.5,118655600
2020-07-07,90.78858185,93.17250061,94.65499878,93.05750275,93.85250092,112424400
2020-07-08,92.90306091,95.34249878,95.375,94.08999634,94.18000031,117092000
2020-07-09,93.30258179,95.75250244,96.31749725,94.67250061,96.26249695,125642800
2020-07-10,93.46576691,95.91999817,95.98000336,94.70500183,95.33499908,90257200
2020-07-13,93.03462219,95.47750092,99.95500183,95.25749969,97.26499939,191649200
2020-07-14,94.57418823,97.05750275,97.25499725,93.87750244,94.83999634,170989200
2020-07-15,95.22460175,97.72499847,99.24749756,96.48999786,98.98999786,153198000
2020-07-16,94.05286407,96.52249908,97.40499878,95.90499878,96.5625,110577600
2020-07-17,93.86283875,96.32749939,97.14749908,95.83999634,96.98750305,92186800
2020-07-20,95.84092712,98.35749817,98.5,96.0625,96.41750336,90318000
2020-07-21,94.51815033,97,99.25,96.74250031,99.17250061,103433200
2020-07-22,94.78369141,97.27249908,97.97499847,96.60250092,96.69249725,89001600
2020-07-23,90.46945953,92.84500122,97.07749939,92.01000214,96.99749756,197004400
2020-07-24,90.2453537,92.61499786,92.97000122,89.14499664,90.98750305,185438800
2020-07-27,92.38420105,94.80999756,94.90499878,93.48000336,93.70999908,121214000
2020-07-28,90.86655426,93.25250244,94.55000305,93.24749756,94.36750031,103625600
2020-07-29,92.60831451,95.04000092,95.23000336,93.71250153,93.75,90329200
2020-07-30,93.72887421,96.19000244,96.29750061,93.76750183,94.1875,158130000
2020-07-31,103.5412292,106.2600021,106.4150009,100.8249969,102.8850021,374336800
2020-08-03,106.1502228,108.9375,111.6374969,107.8925018,108.1999969,308151200
2020-08-04,106.8591156,109.6650009,110.7900009,108.3874969,109.1324997,173071600
2020-08-05,107.2464371,110.0625,110.3925018,108.8974991,109.3775024,121776800
2020-08-06,110.9881897,113.9024963,114.4124985,109.7975006,110.4049988,202428800
2020-08-07,108.4647675,111.1125031,113.6750031,110.2925034,113.2050018,198045600
2020-08-10,110.0412979,112.7275009,113.7750015,110,112.5999985,212403600
2020-08-11,106.7686768,109.375,112.4824982,109.1074982,111.9700012,187902400
2020-08-12,110.3170547,113.0100021,113.2750015,110.2975006,110.4974976,165598000
2020-08-13,112.2694168,115.0100021,116.0425034,113.9274979,114.4300003,210082000
2020-08-14,112.1693573,114.9075012,115,113.0449982,114.8300018,165565200
2020-08-17,111.876503,114.6074982,116.0875015,113.9625015,116.0625,119561600
2020-08-18,112.808754,115.5625,116,114.0074997,114.3525009,105633600
2020-08-19,112.9502792,115.7074966,117.1624985,115.6100006,115.9824982,145538000
2020-08-20,115.4566116,118.2750015,118.3925018,115.7324982,115.75,126907200
2020-08-21,121.4063721,124.3700027,124.8675003,119.25,119.2624969,338054800
2020-08-24,122.8584366,125.8574982,128.7850037,123.9375,128.6974945,345937600
2020-08-25,121.8505249,124.8249969,125.1800003,123.0524979,124.6975021,211495600
2020-08-26,123.507576,126.5224991,126.9925003,125.0824966,126.1800003,163022400
2020-08-27,122.0311356,125.0100021,127.4850006,123.8324966,127.1425018,155552400
2020-08-28,121.8334503,124.8075027,126.4424973,124.5774994,126.0124969,187630000
2020-08-31,125.9650803,129.0399933,131,126,127.5800018,225702700
2020-09-01,130.9825897,134.1799927,134.8000031,130.5299988,132.7599945,151948100
2020-09-02,128.2688446,131.3999939,137.9799957,127,137.5899963,200119000
2020-09-03,117.999527,120.8799973,128.8399963,120.5,126.9100037,257599600
2020-09-04,118.0776215,120.9599991,123.6999969,110.8899994,120.0699997,332607200
2020-09-08,110.1315918,112.8199997,118.9899979,112.6800003,113.9499969,231366600
2020-09-09,114.524353,117.3199997,119.1399994,115.2600021,117.2600021,176940500
2020-09-10,110.7856445,113.4899979,120.5,112.5,120.3600006,182274400
2020-09-11,109.3311539,112,115.2300034,110,114.5699997,180860300
2020-09-14,112.6110764,115.3600006,115.9300003,112.8000031,114.7200012,140150100
2020-09-15,112.7867737,115.5400009,118.8300018,113.6100006,118.3300018,184642000
2020-09-16,109.4580231,112.1299973,116,112.0400009,115.2300034,154679000
2020-09-17,107.7106934,110.3399963,112.1999969,108.7099991,109.7200012,178011000
2020-09-18,104.2940903,106.8399963,110.8799973,106.0899963,110.4000015,287104900
2020-09-21,107.4568863,110.0800018,110.1900024,103.0999985,104.5400009,195713800
2020-09-22,109.1456451,111.8099976,112.8600006,109.1600037,112.6800003,183055400
2020-09-23,104.5674286,107.1200027,112.1100006,106.7699966,111.6200027,150718700
2020-09-24,105.6412048,108.2200012,110.25,105,105.1699982,167743300
2020-09-25,109.6044617,112.2799988,112.4400024,107.6699982,108.4300003,149981400
2020-09-28,112.2206116,114.9599991,115.3199997,112.7799988,115.0100021,137672400
2020-09-29,111.3713303,114.0899963,115.3099976,113.5699997,114.5500031,99382200
2020-09-30,113.0503311,115.8099976,117.2600021,113.6200027,113.7900009,142675200
2020-10-01,114.0069809,116.7900009,117.7200012,115.8300018,117.6399994,116120400
2020-10-02,110.326828,113.0199966,115.3700027,112.2200012,112.8899994,144712000
2020-10-05,113.7239151,116.5,116.6500015,113.5500031,113.9100037,106243800
2020-10-06,110.4634857,113.1600037,116.1200027,112.25,115.6999969,161498200
2020-10-07,112.3377304,115.0800018,115.5500031,114.1299973,114.6200027,96849000
2020-10-08,112.2303772,114.9700012,116.4000015,114.5899963,116.25,83477200
2020-10-09,114.1826859,116.9700012,117,114.9199982,115.2799988,100506900
2020-10-12,121.4356537,124.4000015,125.1800003,119.2799988,120.0599976,240226800
2020-10-13,118.2142944,121.0999985,125.3899994,119.6500015,125.2699966,262330500
2020-10-14,118.3021469,121.1900024,123.0299988,119.6200027,121,150712000
2020-10-15,117.83358,120.7099991,121.1999969,118.1500015,118.7200012,112559200
2020-10-16,116.1838531,119.0199966,121.5500031,118.8099976,121.2799988,115393800
2020-10-19,113.2162933,115.9800034,120.4199982,115.6600037,119.9599991,120639300
2020-10-20,114.7098389,117.5100021,118.9800034,115.6299973,116.1999969,124423700
2020-10-21,114.0851059,116.8700027,118.7099991,116.4499969,116.6699982,89946000
2020-10-22,112.9917908,115.75,118.0400009,114.5899963,117.4499969,101988000
2020-10-23,112.2987061,115.0400009,116.5500031,114.2799988,116.3899994,82572600
2020-10-26,112.3084564,115.0500031,116.5500031,112.8799973,114.0100021,111850700
2020-10-27,113.8215179,116.5999985,117.2799988,114.5400009,115.4899979,92276800
2020-10-28,108.5501862,111.1999969,115.4300003,111.0999985,115.0500031,143937800
2020-10-29,112.5720444,115.3199997,116.9300003,112.1999969,112.3700027,146129200
2020-10-30,106.2659531,108.8600006,111.9899979,107.7200012,111.0599976,190272600
2020-11-02,106.1781006,108.7699966,110.6800003,107.3199997,109.1100006,122866900
2020-11-03,107.8082962,110.4400024,111.4899979,108.7300034,109.6600037,107624400
2020-11-04,112.2108459,114.9499969,115.5899963,112.3499985,114.1399994,138235500
2020-11-05,116.1936188,119.0299988,119.6200027,116.8700027,117.9499969,126387100
2020-11-06,116.061615,118.6900024,119.1999969,116.1299973,118.3199997,114457900
2020-11-09,113.7440948,116.3199997,121.9899979,116.0500031,120.5,154515300
2020-11-10,113.4018478,115.9700012,117.5899963,114.1299973,115.5500031,138023400
2020-11-11,116.8439026,119.4899979,119.6299973,116.4400024,117.1900024,112295000
2020-11-12,116.5700989,119.2099991,120.5299988,118.5699997,119.6200027,103162300
2020-11-13,116.618988,119.2600021,119.6699982,117.8700027,119.4400024,81581900
2020-11-16,117.6359558,120.3000031,120.9899979,118.1500015,118.9199982,91183000
2020-11-17,116.7461014,119.3899994,120.6699982,118.9599991,119.5500031,74271000
2020-11-18,115.4162216,118.0299988,119.8199997,118,118.6100006,76322100
2020-11-19,116.0127029,118.6399994,119.0599976,116.8099976,117.5899963,74113000
2020-11-20,114.7415085,117.3399963,118.7699966,117.2900009,118.6399994,73604300
2020-11-23,111.3287964,113.8499985,117.6200027,113.75,117.1800003,127959300
2020-11-24,112.6195602,115.1699982,115.8499985,112.5899963,113.9100037,113874200
2020-11-25,113.4605026,116.0299988,116.75,115.1699982,115.5500031,76499200
2020-11-27,114.0081024,116.5899963,117.4899979,116.2200012,116.5699997,46691300
2020-11-30,116.4136353,119.0500031,120.9700012,116.8099976,116.9700012,169410200
2020-12-01,120.0023727,122.7200012,123.4700012,120.0100021,121.0100021,127728200
2020-12-02,120.3544006,123.0800018,123.3700027,120.8899994,122.0199966,89004200
2020-12-03,120.2174911,122.9400024,123.7799988,122.2099991,123.5199966,78967600
2020-12-04,119.5427704,122.25,122.8600006,121.5199966,122.5999985,78260400
2020-12-07,121.009552,123.75,124.5699997,122.25,122.3099976,86712000
2020-12-08,121.6256104,124.3799973,124.9800034,123.0899963,124.3700027,82225500
2020-12-09,119.0831757,121.7799988,125.9499969,121,124.5299988,115089200
2020-12-10,120.5108414,123.2399979,123.8700027,120.1500015,120.5,81312200
2020-12-11,119.6992188,122.4100037,122.7600021,120.5500031,122.4300003,86939800
2020-12-14,119.0831757,121.7799988,123.3499985,121.5400009,122.5999985,79184500
2020-12-15,125.0480957,127.8799973,127.9000015,124.1299973,124.3399963,157243700
2020-12-16,124.9796448,127.8099976,128.3699951,126.5599976,127.4100037,98208600
2020-12-17,125.8499222,128.6999969,129.5800018,128.0399933,128.8999939,94359800
2020-12-18,123.8551025,126.6600037,129.1000061,126.1200027,128.9600067,192541500
2020-12-21,125.3903503,128.2299957,128.3099976,123.4499969,125.0199966,121251600
2020-12-22,128.959549,131.8800049,134.4100037,129.6499939,131.6100006,168904800
2020-12-23,128.0598907,130.9600067,132.4299927,130.7799988,132.1600037,88223700
2020-12-24,129.0475311,131.9700012,133.4600067,131.1000061,131.3200073,54930100
2020-12-28,133.6629944,136.6900024,137.3399963,133.5099945,133.9900055,124486200
2020-12-29,131.883316,134.8699951,138.7899933,134.3399963,138.0500031,121047300
2020-12-30,130.7587738,133.7200012,135.9900055,133.3999939,135.5800018,96452100
2020-12-31,129.7515869,132.6900024,134.7400055,131.7200012,134.0800018,99116600
2021-01-04,126.5442047,129.4100037,133.6100006,126.7600021,133.5200043,143301900
2021-01-05,128.1087799,131.0099945,131.7400055,128.4299927,128.8899994,97664900
2021-01-06,123.7964401,126.5999985,131.0500031,126.3799973,127.7200012,155088000
2021-01-07,128.0207672,130.9199982,131.6300049,127.8600006,128.3600006,109578200
2021-01-08,129.1257629,132.0500031,132.6300049,130.2299957,132.4299927,105158200
2021-01-11,126.1237259,128.9799957,130.1699982,128.5,129.1900024,100384500
2021-01-12,125.947731,128.8000031,129.6900024,126.8600006,128.5,91951100
2021-01-13,127.9914474,130.8899994,131.4499969,128.4900055,128.7599945,88636800
2021-01-14,126.0552902,128.9100037,131,128.7599945,130.8000031,90221800
2021-01-15,124.3244858,127.1399994,130.2200012,127,128.7799988,111598500
2021-01-19,124.9991989,127.8300018,128.7100067,126.9400024,127.7799988,90757300
2021-01-20,129.1062164,132.0299988,132.4900055,128.5500031,128.6600037,104319500
2021-01-21,133.8390045,136.8699951,139.6699982,133.5899963,133.8000031,120150900
2021-01-22,135.9903107,139.0700073,139.8500061,135.0200043,136.2799988,114459400
2021-01-25,139.7550659,142.9199982,145.0899963,136.5399933,143.0700073,157611700
2021-01-26,139.9897308,143.1600037,144.3000031,141.3699951,143.6000061,98390600
2021-01-27,138.914093,142.0599976,144.3000031,140.4100037,143.4299927,140843800
2021-01-28,134.0541382,137.0899963,141.9900055,136.6999969,139.5200043,142621100
2021-01-29,129.0377502,131.9600067,136.7400055,130.2100067,135.8300018,177523800
2021-02-01,131.1694794,134.1399994,135.3800049,130.9299927,133.75,106239800
2021-02-02,132.0006714,134.9900055,136.3099976,134.6100006,135.7299957,83305400
2021-02-03,130.9738922,133.9400024,135.7700043,133.6100006,135.7599945,89880900
2021-02-04,134.3475189,137.3899994,137.3999939,134.5899963,136.3000031,84183100
2021-02-05,133.9312897,136.7599945,137.4199982,135.8600006,137.3500061,75693800
2021-02-08,134.0782013,136.9100037,136.9600067,134.9199982,136.0299988,71297200
2021-02-09,133.1967773,136.0099945,137.8800049,135.8500061,136.6199951,76774200
2021-02-10,132.5896301,135.3899994,136.9900055,134.3999939,136.4799957,73046600
2021-02-11,132.3349915,135.1300049,136.3899994,133.7700043,135.8999939,64280000
2021-02-12,132.5700531,135.3699951,135.5299988,133.6900024,134.3500061,60145100
2021-02-16,130.4351807,133.1900024,136.0099945,132.7899933,135.4900055,80576300
2021-02-17,128.133728,130.8399963,132.2200012,129.4700012,131.25,97918500
2021-02-18,127.0270996,129.7100067,130,127.4100037,129.1999969,96856700
2021-02-19,127.1837616,129.8699951,130.7100067,128.8000031,130.2400055,87668800
2021-02-22,123.3938217,126,129.7200012,125.5999985,128.0099945,103916400
2021-02-23,123.2567368,125.8600006,126.7099991,118.3899994,123.7600021,158273000
2021-02-24,122.7572861,125.3499985,125.5599976,122.2300034,124.9400024,111039900
2021-02-25,118.4874496,120.9899979,126.4599991,120.5400009,124.6800003,148199500
2021-02-26,118.7518921,121.2600021,124.8499985,121.1999969,122.5899963,164560400
2021-03-01,125.1468277,127.7900009,127.9300003,122.7900009,123.75,116307900
2021-03-02,122.5320511,125.1200027,128.7200012,125.0100021,128.4100037,102260900
2021-03-03,119.5353317,122.0599976,125.7099991,121.8399963,124.8099976,112966300
2021-03-04,117.6452484,120.1299973,123.5999985,118.6200027,121.75,178155000
2021-03-05,118.908577,121.4199982,121.9400024,117.5699997,120.9800034,153766600
2021-03-08,113.9532471,116.3600006,121,116.2099991,120.9300003,154376600
2021-03-09,118.5854034,121.0899963,122.0599976,118.7900009,119.0299988,129525800
2021-03-10,117.4983673,119.9800034,122.1699982,119.4499969,121.6900024,111943300
2021-03-11,119.4374084,121.9599991,123.2099991,121.2600021,122.5400009,103026500
2021-03-12,118.5266418,121.0299988,121.1699982,119.1600037,120.4000015,88105100
2021-03-15,121.425415,123.9899979,124,120.4199982,121.4100037,92403800
2021-03-16,122.9727325,125.5699997,127.2200012,124.7200012,125.6999969,115227900
2021-03-17,122.1794968,124.7600021,125.8600006,122.3399963,124.0500031,111932600
2021-03-18,118.0369873,120.5299988,123.1800003,120.3199997,122.8799973,121229700
2021-03-19,117.5081482,119.9899979,121.4300003,119.6800003,119.9000015,185549500
2021-03-22,120.8378448,123.3899994,123.8700027,120.2600021,120.3300018,111912300
2021-03-23,120.0054016,122.5400009,124.2399979,122.1399994,123.3300018,95467100
2021-03-24,117.6060867,120.0899963,122.9000015,120.0699997,122.8199997,88530500
2021-03-25,118.0957336,120.5899963,121.6600037,119,119.5400009,98844700
2021-03-26,118.7029114,121.2099991,121.4800034,118.9199982,120.3499985,94071200
2021-03-29,118.8791962,121.3899994,122.5800018,120.7300034,121.6500015,80819200
2021-03-30,117.4200134,119.9000015,120.4000015,118.8600006,120.1100006,85671900
2021-03-31,119.6234818,122.1500015,123.5199966,121.1500015,121.6500015,118323800
2021-04-01,120.4558945,123,124.1800003,122.4899979,123.6600037,75089100
2021-04-05,123.2959137,125.9000015,126.1600037,123.0699997,123.8700027,88651200
2021-04-06,123.5994949,126.2099991,127.1299973,125.6500015,126.5,80171300
2021-04-07,125.2545624,127.9000015,127.9199982,125.1399994,125.8300018,83466700
2021-04-08,127.6636581,130.3600006,130.3899994,128.5200043,128.9499969,88844600
2021-04-09,130.249054,133,133.0399933,129.4700012,129.8000031,106686700
2021-04-12,128.5254669,131.2400055,132.8500061,130.6300049,132.5200043,91420000
2021-04-13,131.6494598,134.4299927,134.6600037,131.9299927,132.4400024,91266500
2021-04-14,129.299118,132.0299988,135,131.6600037,134.9400024,87222800
2021-04-15,131.7180328,134.5,135,133.6399994,133.8200073,89347100
2021-04-16,131.3850555,134.1600037,134.6699982,133.2799988,134.3000031,84922400
2021-04-19,132.0510254,134.8399963,135.4700012,133.3399963,133.5099945,94264200
2021-04-20,130.3567963,133.1100006,135.5299988,131.8099976,135.0200043,94812300
2021-04-21,130.738739,133.5,133.75,131.3000031,132.3600006,68847100
2021-04-22,129.2109985,131.9400024,134.1499939,131.4100037,133.0399933,84566500
2021-04-23,131.5417633,134.3200073,135.1199951,132.1600037,132.1600037,78657500
2021-04-26,131.9334717,134.7200012,135.0599976,133.5599976,134.8300018,66905100
2021-04-27,131.610321,134.3899994,135.4100037,134.1100006,135.0099945,66015800
2021-04-28,130.8170624,133.5800018,135.0200043,133.0800018,134.3099976,107760100
2021-04-29,130.7191162,133.4799957,137.0700073,132.4499969,136.4700012,151101000
2021-04-30,128.7409058,131.4600067,133.5599976,131.0700073,131.7799988,109839500
2021-05-03,129.7985687,132.5399933,134.0700073,131.8300018,132.0399933,75135100
2021-05-04,125.2055817,127.8499985,131.4900055,126.6999969,131.1900024,137564700
2021-05-05,125.4504242,128.1000061,130.4499969,127.9700012,129.1999969,84000900
2021-05-06,127.0565109,129.7400055,129.75,127.1299973,127.8899994,78128300
2021-05-07,127.7333527,130.2100067,131.2599945,129.4799957,130.8500061,78973300
2021-05-10,124.4372711,126.8499985,129.5399933,126.8099976,129.4100037,88071200
2021-05-11,123.515152,125.9100037,126.2699966,122.7699966,123.5,126142800
2021-05-12,120.4348679,122.7699966,124.6399994,122.25,123.4000015,112172300
2021-05-13,122.5930252,124.9700012,126.1500015,124.2600021,124.5800018,105861300
2021-05-14,125.025856,127.4499969,127.8899994,125.8499985,126.25,81918000
2021-05-17,123.868309,126.2699966,126.9300003,125.1699982,126.8199997,74244600
2021-05-18,122.4753036,124.8499985,126.9899979,124.7799988,126.5599976,63342900
2021-05-19,122.3183594,124.6900024,124.9199982,122.8600006,123.1600037,92612000
2021-05-20,124.8885117,127.3099976,127.7200012,125.0999985,125.2300034,76857100
2021-05-21,123.044281,125.4300003,128,125.2099991,127.8199997,79295400
2021-05-24,124.6825104,127.0999985,127.9400024,125.9400024,126.0100021,63092900
2021-05-25,124.4863358,126.9000015,128.3200073,126.3199997,127.8199997,72009500
2021-05-26,124.4372711,126.8499985,127.3899994,126.4199982,126.9599991,56575900
2021-05-27,122.8971176,125.2799988,127.6399994,125.0800018,126.4400024,94625600
2021-05-28,122.2398682,124.6100006,125.8000031,124.5500031,125.5699997,71311100
2021-06-01,121.916153,124.2799988,125.3499985,123.9400024,125.0800018,67637100
2021-06-02,122.6813202,125.0599976,125.2399979,124.0500031,124.2799988,59278900
2021-06-03,121.1902466,123.5400009,124.8499985,123.1299973,124.6800003,76229200
2021-06-04,123.4955292,125.8899994,126.1600037,123.8499985,124.0699997,75169300
2021-06-07,123.5053406,125.9000015,126.3199997,124.8300018,126.1699982,71057600
2021-06-08,124.3293762,126.7399979,128.4600067,126.2099991,126.5999985,74403800
2021-06-09,124.711937,127.1299973,127.75,126.5199966,127.2099991,56877900
2021-06-10,123.7113266,126.1100006,128.1900024,125.9400024,127.0199966,71186400
2021-06-11,124.9277649,127.3499985,127.4400024,126.0999985,126.5299988,53522400
2021-06-14,127.9982376,130.4799957,130.5399933,127.0699997,127.8199997,96906500
2021-06-15,127.1741943,129.6399994,130.6000061,129.3899994,129.9400024,62746300
2021-06-16,127.6745224,130.1499939,130.8899994,128.4600067,130.3699951,91815000
2021-06-17,129.2833252,131.7899933,132.5500031,129.6499939,129.8000031,96721700
2021-06-18,127.9786072,130.4600067,131.5099945,130.2400055,130.7100067,108953300
2021-06-21,129.7836151,132.3000031,132.4100037,129.2100067,130.3000031,79663300
2021-06-22,131.4316406,133.9799957,134.0800018,131.6199951,132.1300049,74783600
2021-06-23,131.1569672,133.6999969,134.3200073,133.2299957,133.7700043,60214200
2021-06-24,130.8725433,133.4100037,134.6399994,132.9299927,134.4499969,68711000
2021-06-25,130.5782013,133.1100006,133.8899994,132.8099976,133.4600067,70783700
2021-06-28,132.2164459,134.7799988,135.25,133.3500061,133.4100037,62111300
2021-06-29,133.7369385,136.3300018,136.4900055,134.3500061,134.8000031,64556100
2021-06-30,134.3549805,136.9600067,137.4100037,135.8699951,136.1699982,63261400
2021-07-01,134.6590729,137.2700043,137.3300018,135.7599945,136.6000061,52485800
2021-07-02,137.2979279,139.9600067,140,137.75,137.8999939,78852600
2021-07-06,139.3187408,142.0200043,143.1499939,140.0700073,140.0700073,108181800
2021-07-07,141.8202515,144.5700073,144.8899994,142.6600037,143.5399933,104911600
2021-07-08,140.5155487,143.2400055,144.0599976,140.6699982,141.5800018,105575500
2021-07-09,142.3499146,145.1100006,145.6499939,142.6499939,142.75,99890800
2021-07-12,141.7515411,144.5,146.3200073,144,146.2100067,76299700
2021-07-13,142.869873,145.6399994,147.4600067,143.6300049,144.0299988,100827100
2021-07-14,146.3131104,149.1499939,149.5700073,147.6799927,148.1000061,127050800
2021-07-15,145.655838,148.4799957,150,147.0899963,149.2400055,106820300
2021-07-16,143.6056366,146.3899994,149.7599945,145.8800049,148.4600067,93251400
2021-07-19,139.7405396,142.4499969,144.0700073,141.6699982,143.75,121434600
2021-07-20,143.3701782,146.1499939,147.1000061,142.9600067,143.4600067,96350000
2021-07-21,142.6344452,145.3999939,146.1300049,144.6300049,145.5299988,74993500
2021-07-22,144.0077972,146.8000031,148.1999969,145.8099976,145.9400024,77338200
2021-07-23,145.7343445,148.5599976,148.7200012,146.9199982,147.5500031,71447400
2021-07-26,146.1561584,148.9900055,149.8300018,147.6999969,148.2700043,72434100
2021-07-27,143.9783783,146.7700043,149.2100067,145.5500031,149.1199951,104818600
2021-07-28,142.2224121,144.9799957,146.9700012,142.5399933,144.8099976,118931200
2021-07-29,142.869873,145.6399994,146.5500031,144.5800018,144.6900024,56699500
2021-07-30,143.0857086,145.8600006,146.3300018,144.1100006,144.3800049,70440600
2021-08-02,142.7521667,145.5200043,146.9499969,145.25,146.3600006,62880000
2021-08-03,144.5571442,147.3600006,148.0399933,145.1799927,145.8099976,64786600
2021-08-04,144.1549835,146.9499969,147.7899933,146.2799988,147.2700043,56368300
2021-08-05,144.2628632,147.0599976,147.8399963,146.1699982,146.9799957,46397700
2021-08-06,143.5751495,146.1399994,147.1100006,145.6300049,146.3500061,54126800
2021-08-09,143.5260468,146.0899963,146.6999969,145.5200043,146.1999969,48908700
2021-08-10,143.0446472,145.6000061,147.7100067,145.3000031,146.4400024,69023100
2021-08-11,143.3000793,145.8600006,146.7200012,145.5299988,146.0500031,48493500
2021-08-12,146.276886,148.8899994,149.0500031,145.8399963,146.1900024,72282600
2021-08-13,146.4832153,149.1000061,149.4400024,148.2700043,148.9700012,59375000
2021-08-16,148.4677582,151.1199951,151.1900024,146.4700012,148.5399933,103296000
2021-08-17,147.5540771,150.1900024,151.6799927,149.0899963,150.2299957,92229700
2021-08-18,143.791275,146.3600006,150.7200012,146.1499939,149.8000031,86326000
2021-08-19,144.1253204,146.6999969,148,144.5,145.0299988,86960300
2021-08-20,145.5891876,148.1900024,148.5,146.7799988,147.4400024,60549600
2021-08-23,147.0825043,149.7100067,150.1900024,147.8899994,148.3099976,60131800
2021-08-24,146.9940796,149.6199951,150.8600006,149.1499939,149.4499969,48606400
2021-08-25,145.7562103,148.3600006,150.3200073,147.8000031,149.8099976,58991300
2021-08-26,144.950592,147.5399933,149.1199951,147.5099945,148.3500061,48597200
2021-08-27,145.9919891,148.6000061,148.75,146.8300018,147.4799957,55802400
2021-08-30,150.4326477,153.1199951,153.4900055,148.6100006,149,90956700
2021-08-31,149.1652679,151.8300018,152.8000031,151.2899933,152.6600037,86453100
2021-09-01,149.8333588,152.5099945,154.9799957,152.3399963,152.8300018,80313700
2021-09-02,150.9533539,153.6499939,154.7200012,152.3999939,153.8699951,71115500
2021-09-03,151.5919647,154.3000031,154.6300049,153.0899963,153.7599945,57808700
2021-09-07,153.940033,156.6900024,157.2599945,154.3899994,154.9700012,82278300
2021-09-08,152.3877106,155.1100006,157.0399933,153.9799957,156.9799957,74420200
2021-09-09,151.3659821,154.0700073,156.1100006,153.9499969,155.4900055,57305700
2021-09-10,146.3555145,148.9700012,155.4799957,148.6999969,155,140893200
2021-09-13,146.9253235,149.5500031,151.4199982,148.75,150.6300049,102404300
2021-09-14,145.520401,148.1199951,151.0700073,146.9100037,150.3500061,109296300
2021-09-15,146.4144287,149.0299988,149.4400024,146.3699951,148.5599976,83281300
2021-09-16,146.1786194,148.7899933,148.9700012,147.2200012,148.4400024,68034100
2021-09-17,143.4965668,146.0599976,148.8200073,145.7599945,148.8200073,129868800
2021-09-20,140.4313202,142.9400024,144.8399963,141.2700043,143.8000031,123478900
2021-09-21,140.9127197,143.4299927,144.6000061,142.7799988,143.9299927,75834000
2021-09-22,143.2902527,145.8500061,146.4299927,143.6999969,144.4499969,76404300
2021-09-23,144.2530518,146.8300018,147.0800018,145.6399994,146.6499939,64838200
2021-09-24,144.3414764,146.9199982,147.4700012,145.5599976,145.6600037,53477900
2021-09-27,142.818634,145.3699951,145.9600067,143.8200073,145.4700012,74150700
2021-09-28,139.4194183,141.9100037,144.75,141.6900024,143.25,108972300
2021-09-29,140.3232574,142.8300018,144.4499969,142.0299988,142.4700012,74602000
2021-09-30,139.0166321,141.5,144.3800049,141.2799988,143.6600037,89056700
2021-10-01,140.1464081,142.6499939,142.9199982,139.1100006,141.8999939,94639600
2021-10-04,136.697998,139.1399994,142.2100067,138.2700043,141.7599945,98322000
2021-10-05,138.6334381,141.1100006,142.2400055,139.3600006,139.4900055,80861100
2021-10-06,139.5078125,142,142.1499939,138.3699951,139.4700012,83221100
2021-10-07,140.775177,143.2899933,144.2200012,142.7200012,143.0599976,61732700
2021-10-08,140.3919983,142.8999939,144.1799927,142.5599976,144.0299988,58773200
2021-10-11,140.3036194,142.8099976,144.8099976,141.8099976,142.2700043,64452200
2021-10-12,139.0264282,141.5099945,143.25,141.0399933,143.2299957,73035900
2021-10-13,138.4369507,140.9100037,141.3999939,139.1999969,141.2400055,78762700
2021-10-14,141.2369232,143.7599945,143.8800049,141.5099945,142.1100006,69907100
2021-10-15,142.2979736,144.8399963,144.8999939,143.5099945,143.7700043,67940300
2021-10-18,143.9779663,146.5500031,146.8399963,143.1600037,143.4499969,85589200
2021-10-19,146.1491852,148.7599945,149.1699982,146.5500031,147.0099945,76378900
2021-10-20,146.6403961,149.2599945,149.75,148.1199951,148.6999969,58418800
2021-10-21,146.8565369,149.4799957,149.6399994,147.8699951,148.8099976,61421000
2021-10-22,146.0804138,148.6900024,150.1799927,148.6399994,149.6900024,58883400
2021-10-25,146.0312805,148.6399994,149.3699951,147.6199951,148.6799927,50720600
2021-10-26,146.6993866,149.3200073,150.8399963,149.0099945,149.3300018,60893400
2021-10-27,146.2376099,148.8500061,149.7299957,148.4900055,149.3600006,56094900
2021-10-28,149.8923187,152.5700073,153.1699982,149.7200012,149.8200073,100077900
2021-10-29,147.1709442,149.8000031,149.9400024,146.4100037,147.2200012,124953200
2021-11-01,146.3456879,148.9600067,149.6999969,147.8000031,148.9900055,74588300
2021-11-02,147.3870544,150.0200043,151.5700073,148.6499939,148.6600037,69122000
2021-11-03,148.8312683,151.4900055,151.9700012,149.8200073,150.3899994,54511500
2021-11-04,148.3105469,150.9600067,152.4299927,150.6399994,151.5800018,60394600
2021-11-05,148.8418732,151.2799988,152.1999969,150.0599976,151.8899994,65463900
2021-11-08,148.0153961,150.4400024,151.5700073,150.1600037,151.4100037,55020900
2021-11-09,148.379425,150.8099976,151.4299927,150.0599976,150.1999969,56787900
2021-11-10,145.5360107,147.9199982,150.1300049,147.8500061,150.0200043,65187100
2021-11-11,145.4868164,147.8699951,149.4299927,147.6799927,148.9600067,41000000
2021-11-12,147.5726471,149.9900055,150.3999939,147.4799957,148.4299927,63804000
2021-11-15,147.582489,150,151.8800049,149.4299927,150.3699951,59222800
2021-11-16,148.566391,151,151.4900055,149.3399963,149.9400024,59256200
2021-11-17,151.0162201,153.4900055,155,150.9900055,151,88807000
2021-11-18,155.3256378,157.8699951,158.6699982,153.0500031,153.7100067,137827700
2021-11-19,157.9624634,160.5500031,161.0200043,156.5299988,157.6499939,117305600
2021-11-22,158.424881,161.0200043,165.6999969,161,161.6799927,117467900
2021-11-23,158.8085938,161.4100037,161.8000031,159.0599976,161.1199951,96041900
2021-11-24,159.3300629,161.9400024,162.1399994,159.6399994,160.75,69463600
2021-11-26,154.2827454,156.8099976,160.4499969,156.3600006,159.5700073,76959800
2021-11-29,157.6574554,160.2400055,161.1900024,158.7899933,159.3699951,88748200
2021-11-30,162.6358948,165.3000031,165.5200043,159.9199982,159.9900055,174048100
2021-12-01,162.1144409,164.7700043,170.3000031,164.5299988,167.4799957,152052500
2021-12-02,161.1207275,163.7599945,164.1999969,157.8000031,158.7400055,136739200
2021-12-03,159.2316437,161.8399963,164.9600067,159.7200012,164.0200043,118023100
2021-12-06,162.6555939,165.3200073,167.8800049,164.2799988,164.2899933,107497000
2021-12-07,168.4211426,171.1799927,171.5800018,168.3399963,169.0800018,120405400
2021-12-08,172.2583008,175.0800018,175.9600067,170.6999969,172.1300049,116998900
2021-12-09,171.7466888,174.5599976,176.75,173.9199982,174.9100037,108923700
2021-12-10,176.5578461,179.4499969,179.6300049,174.6900024,175.2100067,115402700
2021-12-13,172.9076538,175.7400055,182.1300049,175.5299988,181.1199951,153237000
2021-12-14,171.5203705,174.3300018,177.7400055,172.2100067,175.25,139380400
2021-12-15,176.4102936,179.3000031,179.5,172.3099976,175.1100006,131063300
2021-12-16,169.4837341,172.2599945,181.1399994,170.75,179.2799988,150185800
2021-12-17,168.3817902,171.1399994,173.4700012,169.6900024,169.9299927,195432700
2021-12-20,167.0141754,169.75,170.5800018,167.4600067,168.2799988,107499100
2021-12-21,170.2019653,172.9900055,173.1999969,169.1199951,171.5599976,91185900
2021-12-22,172.8092499,175.6399994,175.8600006,172.1499939,173.0399933,92135300
2021-12-23,173.4389343,176.2799988,176.8500061,175.2700043,175.8500061,68356600
2021-12-27,177.423645,180.3300018,180.4199982,177.0700073,177.0899963,74919600
2021-12-28,176.4004211,179.2899933,181.3300018,178.5299988,180.1600037,79144300
2021-12-29,176.4889984,179.3800049,180.6300049,178.1399994,179.3300018,62348900
2021-12-30,175.3279877,178.1999969,180.5700073,178.0899963,179.4700012,59773000
2021-12-31,174.7081604,177.5700073,179.2299957,177.2599945,178.0899963,64062300
2022-01-03,179.0765839,182.0099945,182.8800049,177.7100067,177.8300018,104487900
2022-01-04,176.8038177,179.6999969,182.9400024,179.1199951,182.6300049,99310400
2022-01-05,172.1008606,174.9199982,180.1699982,174.6399994,179.6100006,94537600
2022-01-06,169.2279205,172,175.3000031,171.6399994,172.6999969,96904000
2022-01-07,169.3952026,172.1699982,174.1399994,171.0299988,172.8899994,86709100
2022-01-10,169.4148407,172.1900024,172.5,168.1699982,169.0800018,106765600
2022-01-11,172.2583008,175.0800018,175.1799927,170.8200073,172.3200073,76138300
2022-01-12,172.7010345,175.5299988,177.1799927,174.8200073,176.1199951,74805200
2022-01-13,169.4148407,172.1900024,176.6199951,171.7899933,175.7799988,84505800
2022-01-14,170.2806854,173.0700073,173.7799988,171.0899963,171.3399963,80440800
2022-01-18,167.0633698,169.8000031,172.5399933,169.4100037,171.5099945,90956700
2022-01-19,163.5509186,166.2299957,171.0800018,165.9400024,170,94815000
2022-01-20,161.8586273,164.5099945,169.6799927,164.1799927,166.9799957,91420500
2022-01-21,159.7924652,162.4100037,166.3300018,162.3000031,164.4199982,122848900
2022-01-24,159.0151978,161.6199951,162.3000031,154.6999969,160.0200043,162294600
2022-01-25,157.2048798,159.7799988,162.7599945,157.0200043,158.9799957,115798400
2022-01-26,157.1163025,159.6900024,164.3899994,157.8200073,163.5,108275300
2022-01-27,156.6539001,159.2200012,163.8399963,158.2799988,162.4499969,121954600
2022-01-28,167.5848389,170.3300018,170.3500061,162.8000031,165.7100067,179935700
2022-01-31,171.9631348,174.7799988,175,169.5099945,170.1600037,115541600
2022-02-01,171.7958527,174.6100006,174.8399963,172.3099976,174.0099945,86213900
2022-02-02,173.0060272,175.8399963,175.8800049,173.3300018,174.75,84914300
2022-02-03,170.1134033,172.8999939,176.2400055,172.1199951,174.4799957,89418100
2022-02-04,169.8277283,172.3899994,174.1000061,170.6799927,171.6799927,82465400
2022-02-07,169.1085663,171.6600037,173.9499969,170.9499969,172.8600006,77251200
2022-02-08,172.2314453,174.8300018,175.3500061,171.4299927,171.7299957,74829200
2022-02-09,173.6599121,176.2799988,176.6499939,174.8999939,176.0500031,71285000
2022-02-10,169.5617523,172.1199951,175.4799957,171.5500031,174.1399994,90865900
2022-02-11,166.1334839,168.6399994,173.0800018,168.0399933,172.3300018,98670700
2022-02-14,166.3699188,168.8800049,169.5800018,166.5599976,167.3699951,86185500
2022-02-15,170.2217865,172.7899933,172.9499969,170.25,170.9700012,62527400
2022-02-16,169.9853668,172.5500031,173.3399963,170.0500031,171.8500061,61177400
2022-02-17,166.3699188,168.8800049,171.9100037,168.4700012,171.0299988,69589300
2022-02-18,164.813385,167.3000031,170.5399933,166.1900024,169.8200073,82772700
2022-02-22,161.8777008,164.3200073,166.6900024,162.1499939,164.9799957,91162800
2022-02-23,157.6908722,160.0700073,166.1499939,159.75,165.5399933,90009200
2022-02-24,160.3211517,162.7400055,162.8500061,152,152.5800018,141147500
2022-02-25,162.3997955,164.8500061,165.1199951,160.8699951,163.8399963,91974200
2022-02-28,162.6657867,165.1199951,165.4199982,162.4299927,163.0599976,95056600
2022-03-01,160.7743073,163.1999969,166.6000061,161.9700012,164.6999969,83474400
2022-03-02,164.0843964,166.5599976,167.3600006,162.9499969,164.3899994,79724800
2022-03-03,163.7592926,166.2299957,168.9100037,165.5500031,168.4700012,76678400
2022-03-04,160.7447815,163.1699982,165.5500031,162.1000061,164.4900055,83737200
2022-03-07,156.9322968,159.3000031,165.0200043,159.0399933,163.3600006,96418800
2022-03-08,155.0999451,157.4400024,162.8800049,155.8000031,158.8200073,131148300
2022-03-09,160.5280151,162.9499969,163.4100037,159.4100037,161.4799957,91454900
2022-03-10,156.1638794,158.5200043,160.3899994,155.9799957,160.1999969,105342000
2022-03-11,152.4302216,154.7299957,159.2799988,154.5,158.9299927,96970100
2022-03-14,148.3813019,150.6199951,154.1199951,150.1000061,151.4499969,108732100
2022-03-15,152.7848816,155.0899963,155.5700073,150.3800049,150.8999939,92964300
2022-03-16,157.2179718,159.5899963,160,154.4600067,157.0500031,102300200
2022-03-17,158.232666,160.6199951,161,157.6300049,158.6100006,75615400
2022-03-18,161.5427246,163.9799957,164.4799957,159.7599945,160.5099945,123511700
2022-03-21,162.9219208,165.3800049,166.3500061,163.0099945,163.5099945,95811400
2022-03-22,166.3108063,168.8200073,169.4199982,164.9100037,165.5099945,81532000
2022-03-23,167.6801453,170.2100067,172.6399994,167.6499939,167.9900055,98062700
2022-03-24,171.4827881,174.0700073,174.1399994,170.2100067,171.0599976,90131400
2022-03-25,172.1231079,174.7200012,175.2799988,172.75,173.8800049,80546200
2022-03-28,172.9900208,175.6000061,175.7299957,172,172.1699982,90371900
2022-03-29,176.3001099,178.9600067,179.0099945,176.3399963,176.6900024,100589400
2022-03-30,175.1277466,177.7700043,179.6100006,176.6999969,178.5500031,92633200
2022-03-31,172.0147247,174.6100006,178.0299988,174.3999939,177.8399963,103049300
2022-04-01,171.7192078,174.3099976,174.8800049,171.9400024,174.0299988,78751300
2022-04-04,175.7878265,178.4400024,178.4900055,174.4400024,174.5700073,76468400
2022-04-05,172.4580383,175.0599976,178.3000031,174.4199982,177.5,73401800
2022-04-06,169.2760925,171.8300018,173.6300049,170.1300049,172.3600006,89058800
2022-04-07,169.5814514,172.1399994,173.3600006,169.8500061,171.1600037,77594700
2022-04-08,167.5619049,170.0899963,171.7799988,169.1999969,171.7799988,76575500
2022-04-11,163.2864075,165.75,169.0299988,165.5,168.7100067,72246700
2022-04-12,165.168045,167.6600037,169.8699951,166.6399994,168.0200043,79265200
2022-04-13,167.8672943,170.3999939,171.0399933,166.7700043,167.3899994,70618900
2022-04-14,162.8332672,165.2899933,171.2700043,165.0399933,170.6199951,75329400
2022-04-18,162.6165466,165.0700073,166.6000061,163.5700073,163.9199982,69023900
2022-04-19,164.9118805,167.3999939,167.8200073,163.9100037,165.0200043,67723800
2022-04-20,164.7444,167.2299957,168.8800049,166.1000061,168.7599945,67929800
2022-04-21,163.9464569,166.4199982,171.5299988,165.9100037,168.9100037,87227800
2022-04-22,159.3852692,161.7899933,167.8699951,161.5,166.4600067,84882400
2022-04-25,160.4590912,162.8800049,163.1699982,158.4600067,161.1199951,96046400
2022-04-26,154.4694519,156.8000031,162.3399963,156.7200012,162.25,95623200
2022-04-27,154.2428741,156.5700073,159.7899933,155.3800049,155.9100037,88063200
2022-04-28,161.2077637,163.6399994,164.5200043,158.9299927,159.25,130216800
2022-04-29,155.3068085,157.6499939,166.1999969,157.25,161.8399963,131747600
2022-05-02,155.6122131,157.9600067,158.2299957,153.2700043,156.7100067,123055300
2022-05-03,157.1096039,159.4799957,160.7100067,156.3200073,158.1499939,88966500
2022-05-04,163.5524139,166.0200043,166.4799957,159.2599945,159.6699982,108256500
2022-05-05,154.4398956,156.7700043,164.0800018,154.9499969,163.8500061,130525300
2022-05-06,155.1699829,157.2799988,159.4400024,154.1799927,156.0099945,116124600
2022-05-09,150.019989,152.0599976,155.8300018,151.4900055,154.9299927,131577900
2022-05-10,152.4371338,154.5099945,156.7400055,152.9299927,155.5200043,115366700
2022-05-11,144.5345612,146.5,155.4499969,145.8099976,153.5,142689800
2022-05-12,140.6474304,142.5599976,146.1999969,138.8000031,142.7700043,182602000
2022-05-13,145.1364136,147.1100006,148.1000061,143.1100006,144.5899963,113990900
2022-05-16,143.5874786,145.5399933,147.5200043,144.1799927,145.5500031,86643800
2022-05-17,147.2378235,149.2400055,149.7700043,146.6799927,148.8600006,78336300
2022-05-18,138.9308014,140.8200073,147.3600006,139.8999939,146.8500061,109742900
2022-05-19,135.5073242,137.3500061,141.6600037,136.6000061,139.8800049,136095600
2022-05-20,135.7441406,137.5899963,140.6999969,132.6100006,139.0899963,137426100
2022-05-23,141.1900635,143.1100006,143.2599945,137.6499939,137.7899933,117726300
2022-05-24,138.4769745,140.3600006,141.9700012,137.3300018,140.8099976,104132700
2022-05-25,138.6348114,140.5200043,141.7899933,138.3399963,138.4299927,92482700
2022-05-26,141.8511047,143.7799988,144.3399963,137.1399994,137.3899994,90601500
2022-05-27,147.6324768,149.6399994,149.6799927,145.2599945,145.3899994,90978500
2022-05-31,146.8432007,148.8399963,150.6600037,146.8399963,149.0700073,103718400
2022-06-01,146.7149353,148.7100067,151.7400055,147.6799927,149.8999939,74286600
2022-06-02,149.181427,151.2100067,151.2700043,146.8600006,147.8300018,72348100
2022-06-03,143.4296265,145.3800049,147.9700012,144.4600067,146.8999939,88570300
2022-06-06,144.1794281,146.1399994,148.5700073,144.8999939,147.0299988,71598400
2022-06-07,146.7149353,148.7100067,149,144.1000061,144.3500061,67808200
2022-06-08,145.9749908,147.9600067,149.8699951,147.4600067,148.5800018,53950200
2022-06-09,140.7263641,142.6399994,147.9499969,142.5299988,147.0800018,69473000
2022-06-10,135.2902985,137.1300049,140.7599945,137.0599976,140.2799988,91437900
2022-06-13,130.110733,131.8800049,135.1999969,131.4400024,132.8699951,122207100
2022-06-14,130.9789276,132.7599945,133.8899994,131.4799957,133.1300049,84784300
2022-06-15,133.6131134,135.4299927,137.3399963,132.1600037,134.2899933,91533000
2022-06-16,128.3151398,130.0599976,132.3899994,129.0399933,132.0800018,108123900
2022-06-17,129.7949982,131.5599976,133.0800018,129.8099976,130.0700073,134520300
2022-06-21,134.0471954,135.8699951,137.0599976,133.3200073,133.4199982,81000500
2022-06-22,133.5341949,135.3500061,137.7599945,133.9100037,134.7899933,73409200
2022-06-23,136.414978,138.2700043,138.5899963,135.6300049,136.8200073,72433800
2022-06-24,139.7595062,141.6600037,141.9100037,139.7700043,139.8999939,89116800
2022-06-27,139.7595062,141.6600037,143.4900055,140.9700012,142.6999969,70207900
2022-06-28,135.5961304,137.4400024,143.4199982,137.3200073,142.1300049,67083400
2022-06-29,137.3621521,139.2299957,140.6699982,136.6699982,137.4600067,66242400
2022-06-30,134.8858032,136.7200012,138.3699951,133.7700043,137.25,98964500
2022-07-01,137.0661316,138.9299927,139.0399933,135.6600037,136.0399933,71051600
2022-07-05,139.6608734,141.5599976,141.6100006,136.9299927,137.7700043,73353800
2022-07-06,141.0026093,142.9199982,144.1199951,141.0800018,141.3500061,74064300
2022-07-07,144.3866119,146.3500061,146.5500031,143.2799988,143.2899933,66253700
2022-07-08,145.067337,147.0399933,147.5500031,145,145.2599945,64547800
2022-07-11,142.9264679,144.8699951,146.6399994,143.7799988,145.6699982,63141600
2022-07-12,143.9031982,145.8600006,148.4499969,145.0500031,145.7599945,77588800
2022-07-13,143.5381165,145.4900055,146.4499969,142.1199951,142.9900055,71185600
2022-07-14,146.4781647,148.4700012,148.9499969,143.25,144.0800018,78140700
2022-07-15,148.1553497,150.1699982,150.8600006,148.1999969,149.7799988,76259900
2022-07-18,145.0969543,147.0700073,151.5700073,146.6999969,150.7400055,81420900
2022-07-19,148.9742126,151,151.2299957,146.9100037,147.9199982,82982400
2022-07-20,150.9868317,153.0399933,153.7200012,150.3699951,151.1199951,64823400
2022-07-21,153.2658691,155.3500061,155.5700073,151.9400024,154.5,65086600
2022-07-22,152.0227814,154.0899963,156.2799988,153.4100037,155.3899994,66675400
2022-07-25,150.8980713,152.9499969,155.0399933,152.2799988,154.0099945,53623900
2022-07-26,149.5661621,151.6000061,153.0899963,150.8000031,152.2599945,55138700
2022-07-27,154.6865387,156.7899933,157.3300018,152.1600037,152.5800018,78620700
2022-07-28,155.2390442,157.3500061,157.6399994,154.4100037,156.9799957,81378700
2022-07-29,160.3298035,162.5099945,163.6300049,159.5,161.2400055,101786900
2022-08-01,159.3432007,161.5099945,163.5899963,160.8899994,161.0099945,67829400
2022-08-02,157.8633423,160.0099945,162.4100037,159.6300049,160.1000061,59907000
2022-08-03,163.9011993,166.1300049,166.5899963,160.75,160.8399963,82507500
2022-08-04,163.5855408,165.8099976,167.1900024,164.4299927,166.0099945,55474100
2022-08-05,163.3583221,165.3500061,165.8500061,163,163.2100067,56697000
2022-08-08,162.8840637,164.8699951,167.8099976,164.1999969,166.3699951,60276900
2022-08-09,162.9335022,164.9199982,165.8200073,163.25,164.0200043,63135500
2022-08-10,167.2014771,169.2400055,169.3399963,166.8999939,167.6799927,70170500
2022-08-11,166.4604645,168.4900055,170.9900055,168.1900024,170.0599976,57149200
2022-08-12,170.0269775,172.1000061,172.1699982,169.3999939,169.8200073,68039400
2022-08-15,171.1038361,173.1900024,173.3899994,171.3500061,171.5200043,54091700
2022-08-16,170.9457703,173.0299988,173.7100067,171.6600037,172.7799988,56377100
2022-08-17,172.4474792,174.5500031,176.1499939,172.5700073,172.7700043,79542000
2022-08-18,172.0522766,174.1499939,174.8999939,173.1199951,173.75,62290100
2022-08-19,169.4539948,171.5200043,173.7400055,171.3099976,173.0299988,70346300
2022-08-22,165.5515594,167.5700073,169.8600006,167.1399994,169.6900024,69026800
2022-08-23,165.2156525,167.2299957,168.7100067,166.6499939,167.0800018,54147100
2022-08-24,165.5120239,167.5299988,168.1100006,166.25,167.3200073,53841500
2022-08-25,167.9819031,170.0299988,170.1399994,168.3500061,168.7799988,51218200
2022-08-26,161.6491241,163.6199951,171.0500031,163.5599976,170.5700073,78961000
2022-08-29,159.4361267,161.3800049,162.8999939,159.8200073,161.1499939,73314000
2022-08-30,156.9958649,158.9100037,162.5599976,157.7200012,162.1300049,77906200
2022-08-31,155.3262482,157.2200012,160.5800018,157.1399994,160.3099976,87991100
2022-09-01,156.057312,157.9600067,158.4199982,154.6699982,156.6399994,74229900
2022-09-02,153.933197,155.8099976,160.3600006,154.9700012,159.75,76957800
2022-09-06,152.6686249,154.5299988,157.0899963,153.6900024,156.4700012,73714800
2022-09-07,154.0814209,155.9600067,156.6699982,153.6100006,154.8200073,87449600
2022-09-08,152.599472,154.4600067,156.3600006,152.6799927,154.6399994,84923800
2022-09-09,155.4744263,157.3699951,157.8200073,154.75,155.4700012,68028800
2022-09-12,161.4614258,163.4299927,164.2599945,159.3000031,159.5899963,104956000
2022-09-13,151.9869537,153.8399963,160.5399933,153.3699951,159.8999939,122656600
2022-09-14,153.4392395,155.3099976,157.1000061,153.6100006,154.7899933,87965400
2022-09-15,150.5346375,152.3699951,155.2400055,151.3800049,154.6499939,90481100
2022-09-16,148.8847656,150.6999969,151.3500061,148.3699951,151.2100067,162278800
2022-09-19,152.6192169,154.4799957,154.5599976,149.1000061,149.3099976,81474200
2022-09-20,155.0100861,156.8999939,158.0800018,153.0800018,153.3999939,107689800
2022-09-21,151.8683929,153.7200012,158.7400055,153.6000061,157.3399963,101696800
2022-09-22,150.9001923,152.7400055,154.4700012,150.9100037,152.3800049,86652500
2022-09-23,148.6179962,150.4299927,151.4700012,148.5599976,151.1900024,96029900
2022-09-26,148.9539185,150.7700043,153.7700043,149.6399994,149.6600037,93339400
2022-09-27,149.9319916,151.7599945,154.7200012,149.9499969,152.7400055,84442700
2022-09-28,148.0351257,149.8399963,150.6399994,144.8399963,147.6399994,146691400
2022-09-29,140.7637787,142.4799957,146.7200012,140.6799927,146.1000061,128138200
2022-09-30,136.5353394,138.1999969,143.1000061,138,141.2799988,124925300
2022-10-03,140.7341309,142.4499969,143.0700073,137.6900024,138.2100067,114311700
2022-10-04,144.3401794,146.1000061,146.2200012,144.2599945,145.0299988,87830100
2022-10-05,144.6365356,146.3999939,147.3800049,143.0099945,144.0700073,79471000
2022-10-06,143.6782532,145.4299927,147.5399933,145.2200012,145.8099976,68402200
2022-10-07,138.4025421,140.0899963,143.1000061,139.4499969,142.5399933,85925600
2022-10-10,138.7285614,140.4199982,141.8899994,138.5700073,140.4199982,74899000
2022-10-11,137.3059387,138.9799957,141.3500061,138.2200012,139.8999939,77033700
2022-10-12,136.6736298,138.3399963,140.3600006,138.1600037,139.1300049,70433700
2022-10-13,141.2676544,142.9900055,143.5899963,134.3699951,134.9900055,113224000
2022-10-14,136.7131653,138.3800049,144.5200043,138.1900024,144.3099976,88598000
2022-10-17,140.6946259,142.4100037,142.8999939,140.2700043,141.0700073,85250900
2022-10-18,142.0184631,143.75,146.6999969,140.6100006,145.4900055,99136600
2022-10-19,142.1271667,143.8600006,144.9499969,141.5,141.6900024,61758300
2022-10-20,141.6627808,143.3899994,145.8899994,142.6499939,143.0200043,64522000
2022-10-21,145.4960785,147.2700043,147.8500061,142.6499939,142.8699951,86548600
2022-10-24,147.6498108,149.4499969,150.2299957,146,147.1900024,75981900
2022-10-25,150.5050049,152.3399963,152.4900055,149.3600006,150.0899963,74732300
2022-10-26,147.5510406,149.3500061,151.9900055,148.0399933,150.9600067,88194300
2022-10-27,143.0558472,144.8000031,149.0500031,144.1300049,148.0700073,109180200
2022-10-28,153.8640594,155.7400055,157.5,147.8200073,148.1999969,164762400
2022-10-31,151.4929504,153.3399963,154.2400055,151.9199982,153.1600037,97943200
2022-11-01,148.8353424,150.6499939,155.4499969,149.1300049,155.0800018,80379300
2022-11-02,143.2830658,145.0299988,152.1699982,145,148.9499969,93604600
2022-11-03,137.2071533,138.8800049,142.8000031,138.75,142.0599976,97918500
2022-11-04,136.9399567,138.3800049,142.6699982,134.3800049,142.0899963,140814800
2022-11-07,137.4743195,138.9199982,139.1499939,135.6699982,137.1100006,83374600
2022-11-08,138.0482788,139.5,141.4299927,137.4900055,140.4100037,89908500
2022-11-09,133.4664764,134.8699951,138.5500031,134.5899963,138.5,74917800
2022-11-10,145.341629,146.8699951,146.8699951,139.5,141.2400055,118854000
2022-11-11,148.1421509,149.6999969,150.0099945,144.3699951,145.8200073,93979700
2022-11-14,146.7369232,148.2799988,150.2799988,147.4299927,148.9700012,73374100
2022-11-15,148.4786072,150.0399933,153.5899963,148.5599976,152.2200012,89868300
2022-11-16,147.2416077,148.7899933,149.8699951,147.2899933,149.1300049,64218300
2022-11-17,149.1515198,150.7200012,151.4799957,146.1499939,146.4299927,80389400
2022-11-18,149.7156067,151.2899933,152.6999969,149.9700012,152.3099976,74829600
2022-11-21,146.4697266,148.0099945,150.3699951,147.7200012,150.1600037,58724100
2022-11-22,148.6171417,150.1799927,150.4199982,146.9299927,148.1300049,51804100
2022-11-23,149.4978943,151.0700073,151.8300018,149.3399963,149.4499969,58301400
2022-11-25,146.5687256,148.1100006,148.8800049,147.1199951,148.3099976,35195900
2022-11-28,142.7191925,144.2200012,146.6399994,143.3800049,145.1399994,69246000
2022-11-29,139.7009125,141.1699982,144.8099976,140.3500061,144.2899933,83763800
2022-11-30,146.4895325,148.0299988,148.7200012,140.5500031,141.3999939,111380900
2022-12-01,146.7666168,148.3099976,149.1300049,146.6100006,148.2100067,71250400
2022-12-02,146.2718353,147.8099976,148,145.6499939,145.9600067,65447400
2022-12-05,145.1040802,146.6300049,150.9199982,145.7700043,147.7700043,68826400
2022-12-06,141.422821,142.9100037,147.3000031,141.9199982,147.0700073,64727200
2022-12-07,139.4732971,140.9400024,143.3699951,140,142.1900024,69721100
2022-12-08,141.1655121,142.6499939,143.5200043,141.1000061,142.3600006,62128300
2022-12-09,140.6806183,142.1600037,145.5700073,140.8999939,142.3399963,76097000
2022-12-12,142.9863739,144.4900055,144.5,141.0599976,142.6999969,70462700
2022-12-13,143.9561615,145.4700012,149.9700012,144.2400055,149.5,93886200
2022-12-14,141.7196808,143.2100067,146.6600037,141.1600037,145.3500061,82291200
2022-12-15,135.0795135,136.5,141.8000031,136.0299988,141.1100006,98931900
2022-12-16,133.1102142,134.5099945,137.6499939,133.7299957,136.6900024,160156900
2022-12-19,130.9924774,132.3699951,135.1999969,131.3200073,135.1100006,79592600
2022-12-20,130.9232025,132.3000031,133.25,129.8899994,131.3899994,77432800
2022-12-21,134.0404358,135.4499969,136.8099976,132.75,132.9799957,85928000
2022-12-22,130.8539429,132.2299957,134.5599976,130.3000031,134.3500061,77852100
2022-12-23,130.487793,131.8600006,132.4199982,129.6399994,130.9199982,63814900
2022-12-27,128.6768341,130.0299988,131.4100037,128.7200012,131.3800049,69007800
2022-12-28,124.7283707,126.0400009,131.0299988,125.8700027,129.6699982,85438400
2022-12-29,128.2612152,129.6100006,130.4799957,127.7300034,127.9899979,75703700
2022-12-30,128.5778809,129.9299927,129.9499969,127.4300003,128.4100037,77034200
2023-01-03,123.7684555,125.0699997,130.8999939,124.1699982,130.2799988,112117500
2023-01-04,125.0450363,126.3600006,128.6600037,125.0800018,126.8899994,89113600
2023-01-05,123.7189865,125.0199966,127.7699966,124.7600021,127.1299973,80962700
2023-01-06,128.2711029,129.6199951,130.2899933,124.8899994,126.0100021,87754700
2023-01-09,128.795578,130.1499939,133.4100037,129.8899994,130.4700012,70790800
2023-01-10,129.3695679,130.7299957,131.2599945,128.1199951,130.2599945,63896200
2023-01-11,132.1008759,133.4900055,133.5099945,130.4600067,131.25,69458900
2023-01-12,132.021698,133.4100037,134.2599945,131.4400024,133.8800049,71379600
2023-01-13,133.3576202,134.7599945,134.9199982,131.6600037,132.0299988,57809700
2023-01-17,134.5253601,135.9400024,137.2899933,134.1300049,134.8300018,63646600
2023-01-18,133.8029327,135.2100067,138.6100006,135.0299988,136.8200073,69672800
2023-01-19,133.8623199,135.2700043,136.25,133.7700043,134.0800018,58280400
2023-01-20,136.435257,137.8699951,138.0200043,134.2200012,135.2799988,80223600
2023-01-23,139.6415405,141.1100006,143.3200073,137.8999939,138.1199951,81760300
2023-01-24,141.0467682,142.5299988,143.1600037,140.3000031,140.3099976,66435100
2023-01-25,140.383728,141.8600006,142.4299927,138.8099976,140.8899994,65799300
2023-01-26,142.4618683,143.9600067,144.25,141.8999939,143.1699982,54105100
2023-01-27,144.4114075,145.9299927,147.2299957,143.0800018,143.1600037,70555800
2023-01-30,141.5118713,143,145.5500031,142.8500061,144.9600067,64015300
2023-01-31,142.7884521,144.2899933,144.3399963,142.2799988,142.6999969,65874500
2023-02-01,143.9165955,145.4299927,146.6100006,141.3200073,143.9700012,77663600
2023-02-02,149.2505035,150.8200073,151.1799927,148.1699982,148.8999939,118339000
2023-02-03,152.8921967,154.5,157.3800049,147.8300018,148.0299988,154357300
2023-02-06,150.1510162,151.7299957,153.1000061,150.7799988,152.5700073,69858300
2023-02-07,153.0406036,154.6499939,155.2299957,150.6399994,150.6399994,83322600
2023-02-08,150.3390503,151.9199982,154.5800018,151.1699982,153.8800049,64120100
2023-02-09,149.2999725,150.8699951,154.3300018,150.4199982,153.7799988,56007100
2023-02-10,149.666687,151.0099945,151.3399963,149.2200012,149.4600067,57450700
2023-02-13,152.4814148,153.8500061,154.2599945,150.9199982,150.9499969,62199000
2023-02-14,151.8371735,153.1999969,153.7700043,150.8600006,152.1199951,61707600
2023-02-15,153.9482727,155.3300018,155.5,152.8800049,153.1100006,65573800
2023-02-16,152.3426514,153.7100067,156.3300018,153.3500061,153.5099945,68167900
2023-02-17,151.1929626,152.5500031,153,150.8500061,152.3500061,59144100
2023-02-21,147.1591797,148.4799957,151.3000031,148.4100037,150.1999969,58867200
2023-02-22,147.5853577,148.9100037,149.9499969,147.1600037,148.8699951,51011300
2023-02-23,148.0709991,149.3999939,150.3399963,147.2400055,150.0899963,48394200
2023-02-24,145.4049377,146.7100067,147.1900024,145.7200012,147.1100006,55469600
2023-02-27,146.6041565,147.9199982,149.1699982,147.4499969,147.7100067,44998500
2023-02-28,146.0987091,147.4100037,149.0800018,146.8300018,147.0500031,50547000
2023-03-01,144.017395,145.3099976,147.2299957,145.0099945,146.8300018,55479000
2023-03-02,144.61203,145.9100037,146.7100067,143.8999939,144.3800049,52238100
2023-03-03,149.6864929,151.0299988,151.1100006,147.3300018,148.0399933,70732300
2023-03-06,152.4615936,153.8300018,156.3000031,153.4600067,153.7899933,87558000
2023-03-07,150.2514343,151.6000061,154.0299988,151.1300049,153.6999969,56182000
2023-03-08,151.5101318,152.8699951,153.4700012,151.8300018,152.8099976,47204800
2023-03-09,149.2504272,150.5899963,154.5399933,150.2299957,153.5599976,53833600
2023-03-10,147.1790009,148.5,150.9400024,147.6100006,150.2100067,68572400
2023-03-13,149.131485,150.4700012,153.1399994,147.6999969,147.8099976,84457100
2023-03-14,151.2326202,152.5899963,153.3999939,150.1000061,151.2799988,73695900
2023-03-15,151.6290894,152.9900055,153.25,149.9199982,151.1900024,77167900
2023-03-16,154.463623,155.8500061,156.4600067,151.6399994,152.1600037,76161100
2023-03-17,153.6212006,155,156.7400055,154.2799988,156.0800018,98944600
2023-03-20,155.9998474,157.3999939,157.8200073,154.1499939,155.0700073,73641400
2023-03-21,157.8631287,159.2799988,159.3999939,156.5399933,157.3200073,73938300
2023-03-22,156.4260101,157.8300018,162.1399994,157.8099976,159.3000031,75701800
2023-03-23,157.5162201,158.9299927,161.5500031,157.6799927,158.8300018,67622100
2023-03-24,158.8244781,160.25,160.3399963,157.8500061,158.8600006,59196500
2023-03-27,156.8720245,158.2799988,160.7700043,157.8699951,159.9400024,52390300
2023-03-28,156.2476044,157.6499939,158.4900055,155.9799957,157.9700012,45992200
2023-03-29,159.339859,160.7700043,161.0500031,159.3500061,159.3699951,51305700
2023-03-30,160.9157104,162.3600006,162.4700012,161.2700043,161.5299988,49501700
2023-03-31,163.4331207,164.8999939,165,161.9100037,162.4400024,68749800
2023-04-03,164.6918335,166.1699982,166.2899933,164.2200012,164.2700043,56976200
2023-04-04,164.1566467,165.6300049,166.8399963,165.1100006,166.6000061,46278300
2023-04-05,162.3032837,163.7599945,165.0500031,161.8000031,164.7400055,51511700
2023-04-06,163.1952515,164.6600037,164.9600067,162,162.4299927,45390100
2023-04-10,160.5886536,162.0299988,162.0299988,160.0800018,161.4199982,47716900
2023-04-11,159.3695984,160.8000031,162.3600006,160.5099945,162.3500061,47644200
2023-04-12,158.6758118,160.1000061,162.0599976,159.7799988,161.2200012,50133100
2023-04-13,164.0872498,165.5599976,165.8000031,161.4199982,161.6300049,68445600
2023-04-14,163.7403717,165.2100067,166.3200073,163.8200073,164.5899963,49386500
2023-04-17,163.7601776,165.2299957,165.3899994,164.0299988,165.0899963,41516200
2023-04-18,164.989151,166.4700012,167.4100037,165.6499939,166.1000061,49923000
2023-04-19,166.138855,167.6300049,168.1600037,165.5399933,165.8000031,47720200
2023-04-20,165.1675415,166.6499939,167.8699951,165.5599976,166.0899963,52456400
2023-04-21,163.552063,165.0200043,166.4499969,164.4900055,165.0500031,58337300
2023-04-24,163.859314,165.3300018,165.6000061,163.8899994,165,41949600
2023-04-25,162.3131866,163.7700043,166.3099976,163.7299957,165.1900024,48714100
2023-04-26,162.3032837,163.7599945,165.2799988,162.8000031,163.0599976,45498800
2023-04-27,166.911911,168.4100037,168.5599976,165.1900024,165.1900024,64902300
2023-04-28,168.170578,169.6799927,169.8500061,167.8800049,168.4900055,55209200
2023-05-01,168.0814056,169.5899963,170.4499969,168.6399994,169.2799988,52472900
2023-05-02,167.040741,168.5399933,170.3500061,167.5399933,170.0899963,48425700
2023-05-03,165.960434,167.4499969,170.9199982,167.1600037,169.5,65136000
2023-05-04,164.3151855,165.7899933,167.0399933,164.3099976,164.8899994,81235400
2023-05-05,172.0260315,173.5700073,174.3000031,170.7599945,170.9799957,113316400
2023-05-08,171.9566193,173.5,173.8500061,172.1100006,172.4799957,55962800
2023-05-09,170.2420044,171.7700043,173.5399933,171.6000061,173.0500031,45326900
2023-05-10,172.016098,173.5599976,174.0299988,171.8999939,173.0200043,53724500
2023-05-11,172.2043915,173.75,174.5899963,172.1699982,173.8500061,49514700
2023-05-12,171.2714844,172.5700073,174.0599976,171,173.6199951,45497800
2023-05-15,170.775238,172.0700073,173.2100067,171.4700012,173.1600037,37266700
2023-05-16,170.775238,172.0700073,173.1399994,171.8000031,171.9900055,42110300
2023-05-17,171.390564,172.6900024,172.9299927,170.4199982,171.7100067,57951600
2023-05-18,173.7328033,175.0500031,175.2400055,172.5800018,173,65496700
2023-05-19,173.8419952,175.1600037,176.3899994,174.9400024,176.3899994,55772400
2023-05-22,172.8892059,174.1999969,174.7100067,173.4499969,173.9799957,43570900
2023-05-23,170.2690735,171.5599976,173.3800049,171.2799988,173.1300049,50747300
2023-05-24,170.5469513,171.8399963,172.4199982,170.5200043,171.0899963,45143500
2023-05-25,171.688324,172.9900055,173.8999939,171.6900024,172.4100037,56058300
2023-05-26,174.1099396,175.4299927,175.7700043,173.1100006,173.3200073,54835000
2023-05-30,175.9658813,177.3000031,178.9900055,176.5700073,176.9600067,55964400
2023-05-31,175.9162598,177.25,179.3500061,176.7599945,177.3300018,99625300
2023-06-01,178.7348785,180.0899963,180.1199951,176.9299927,177.6999969,68901800
2023-06-02,179.5884094,180.9499969,181.7799988,179.2599945,181.0299988,61945900
2023-06-05,178.228714,179.5800018,184.9499969,178.0399933,182.6300049,121946500
2023-06-06,177.8615112,179.2100067,180.1199951,177.4299927,179.9700012,64848400
2023-06-07,176.4819794,177.8200073,181.2100067,177.3200073,178.4400024,61944600
2023-06-08,179.2112732,180.5700073,180.8399963,177.4600067,177.8999939,50214900
2023-06-09,179.5983582,180.9600067,182.2299957,180.6300049,181.5,48870700
2023-06-12,182.4070435,183.7899933,183.8899994,180.9700012,181.2700043,54274900
2023-06-13,181.9306488,183.3099976,184.1499939,182.4400024,182.8000031,54929100
2023-06-14,182.5658417,183.9499969,184.3899994,182.0200043,183.3699951,57462900
2023-06-15,184.6103363,186.0099945,186.5200043,183.7799988,183.9600067,65433200
2023-06-16,183.5285187,184.9199982,186.9900055,184.2700043,186.7299957,101235600
2023-06-20,183.6178589,185.0099945,186.1000061,184.4100037,184.4100037,49799100
2023-06-21,182.5757599,183.9600067,185.4100037,182.5899963,184.8999939,49515700
2023-06-22,185.5928955,187,187.0500031,183.6699982,183.7400055,51245300
2023-06-23,185.2752838,186.6799927,187.5599976,185.0099945,185.5500031,53079300
2023-06-26,183.875885,185.2700043,188.0500031,185.2299957,186.8300018,48088700
2023-06-27,186.6449127,188.0599976,188.3899994,185.6699982,185.8899994,50730800
2023-06-28,187.8259583,189.25,189.8999939,187.6000061,187.9299927,51216800
2023-06-29,188.1633911,189.5899963,190.0700073,188.9400024,189.0800018,46347300
2023-06-30,192.510437,193.9700012,194.4799957,191.2599945,191.6300049,85069600
2023-07-03,191.0118103,192.4600067,193.8800049,191.7599945,193.7799988,31458200
2023-07-05,189.8903198,191.3300018,192.9799957,190.6199951,191.5700073,46920300
2023-07-06,190.3666992,191.8099976,192.0200043,189.1999969,189.8399963,45094300
2023-07-07,189.2451782,190.6799927,192.6699982,190.2400055,191.4100037,46778000
2023-07-10,187.1907806,188.6100006,189.9900055,187.0399933,189.2599945,59922200
2023-07-11,186.6647491,188.0800018,189.3000031,186.6000061,189.1600037,46638100
2023-07-12,188.342041,189.7700043,191.6999969,188.4700012,189.6799927,60750200
2023-07-13,189.1062317,190.5399933,191.1900024,189.7799988,190.5,41342300
2023-07-14,189.255127,190.6900024,191.1799927,189.6300049,190.2299957,41573900
2023-07-17,192.530304,193.9900055,194.3200073,191.8099976,191.8999939,50520200
2023-07-18,192.2722321,193.7299957,194.3300018,192.4199982,193.3500061,48353800
2023-07-19,193.6319427,195.1000061,198.2299957,192.6499939,193.1000061,80507300
2023-07-20,191.6767578,193.1300049,196.4700012,192.5,195.0899963,59581200
2023-07-21,190.4957275,191.9400024,194.9700012,191.2299957,194.1000061,71917800
2023-07-24,191.2996216,192.75,194.9100037,192.25,193.4100037,45377800
2023-07-25,192.1630707,193.6199951,194.4400024,192.9199982,193.3300018,37283200
2023-07-26,193.0364532,194.5,195.6399994,193.3200073,193.6699982,47471900
2023-07-27,191.766098,193.2200012,197.1999969,192.5500031,196.0200043,47460200
2023-07-28,194.3564453,195.8300018,196.6300049,194.1399994,194.6699982,48291400
2023-07-31,194.9717712,196.4499969,196.4900055,195.2599945,196.0599976,38824100
2023-08-01,194.1381073,195.6100006,196.7299957,195.2799988,196.2400055,35175100
2023-08-02,191.1309052,192.5800018,195.1799927,191.8500061,195.0399933,50389300
2023-08-03,189.7315063,191.1699982,192.3699951,190.6900024,191.5700073,61235200
2023-08-04,180.6206055,181.9900055,187.3800049,181.9199982,185.5200043,115799700
2023-08-07,177.5042267,178.8500061,183.1300049,177.3500061,182.1300049,97576100
2023-08-08,178.4470673,179.8000031,180.2700043,177.5800018,179.6900024,67823000
2023-08-09,176.8491974,178.1900024,180.9299927,177.0099945,180.8699951,60378500
2023-08-10,176.6308289,177.9700012,180.75,177.6000061,179.4799957,54686900
2023-08-11,176.6904755,177.7899933,178.6199951,176.5500031,177.3200073,51988100
2023-08-14,178.3501434,179.4600067,179.6900024,177.3099976,177.9700012,43675600
2023-08-15,176.3525696,177.4499969,179.4799957,177.0500031,178.8800049,43622600
2023-08-16,175.4780273,176.5700073,178.5399933,176.5,177.1300049,46964900
2023-08-17,172.9239044,174,177.5099945,173.4799957,177.1399994,66062900
2023-08-18,173.4109039,174.4900055,175.1000061,171.9600067,172.3000031,61114200
2023-08-21,174.7525177,175.8399963,176.1300049,173.7400055,175.0700073,46311900
2023-08-22,176.1339264,177.2299957,177.6799927,176.25,177.0599976,42084200
2023-08-23,179.9998779,181.1199951,181.5500031,178.3300018,178.5200043,52722800
2023-08-24,175.2891998,176.3800049,181.1000061,176.0099945,180.6699982,54945800
2023-08-25,177.5054169,178.6100006,179.1499939,175.8200073,177.3800049,51449600
2023-08-28,179.0756226,180.1900024,180.5899963,178.5500031,180.0899963,43820700
2023-08-29,182.981308,184.1199951,184.8999939,179.5,179.6999969,53003900
2023-08-30,186.4894714,187.6499939,187.8500061,184.7400055,184.9400024,60813900
2023-08-31,186.7081146,187.8699951,189.1199951,187.4799957,187.8399963,60794500
2023-09-01,188.2882996,189.4600067,189.9199982,188.2799988,189.4900055,45732600
2023-09-05,188.526825,189.6999969,189.9799957,187.6100006,188.2799988,45280000
2023-09-06,181.7788239,182.9100037,188.8500061,181.4700012,188.3999939,81755800
2023-09-07,176.4618683,177.5599976,178.2100067,173.5399933,175.1799927,112488800
2023-09-08,177.078064,178.1799927,180.2400055,177.7899933,178.3500061,65551300
2023-09-11,178.2507477,179.3600006,180.3000031,177.3399963,180.0700073,58953100
2023-09-12,175.2097015,176.3000031,180.1300049,174.8200073,179.4900055,90370200
2023-09-13,173.1326141,174.2100067,177.3000031,173.9799957,176.5099945,84267900
2023-09-14,174.6531525,175.7400055,176.1000061,173.5800018,174,60895800
2023-09-15,173.9276581,175.0099945,176.5,173.8200073,176.4799957,109205100
2023-09-18,176.8693542,177.9700012,179.3800049,176.1699982,176.4799957,67257600
2023-09-19,177.9625549,179.0700073,179.6300049,177.1300049,177.5200043,51826900
2023-09-20,174.4046936,175.4900055,179.6999969,175.3999939,179.2599945,58436200
2023-09-21,172.8543243,173.9299927,176.3000031,173.8600006,174.5500031,63047900
2023-09-22,173.7090149,174.7899933,177.0800018,174.0500031,174.6699982,56725400
2023-09-25,174.9910431,176.0800018,176.9700012,174.1499939,174.1999969,46172700
2023-09-26,170.8965302,171.9600067,175.1999969,171.6600037,174.8200073,64588900
2023-09-27,169.3759766,170.4299927,173.0399933,169.0500031,172.6199951,66921800
2023-09-28,169.6343842,170.6900024,172.0299988,167.6199951,169.3399963,56294400
2023-09-29,170.1511536,171.2100067,173.0700073,170.3399963,172.0200043,51814200
2023-10-02,172.6754456,173.75,174.3000031,170.9299927,171.2200012,52164500
2023-10-03,171.3338013,172.3999939,173.6300049,170.8200073,172.2599945,49594600
2023-10-04,172.5860138,173.6600037,174.2100067,170.9700012,171.0899963,53020300
2023-10-05,173.8282928,174.9100037,175.4499969,172.6799927,173.7899933,48527900
2023-10-06,176.3923187,177.4900055,177.9900055,173.1799927,173.8000031,57224100
2023-10-09,177.8830414,178.9900055,179.0500031,175.8000031,176.8099976,42390800
2023-10-10,177.2867432,178.3899994,179.7200012,177.9499969,178.1000061,43698000
2023-10-11,178.6880341,179.8000031,179.8500061,177.6000061,178.1999969,47551100
2023-10-12,179.5924225,180.7100067,182.3399963,179.0399933,180.0700073,56743100
2023-10-13,177.7439117,178.8500061,181.9299927,178.1399994,181.4199982,51427100
2023-10-16,177.6147156,178.7200012,179.0800018,176.5099945,176.75,52517000
2023-10-17,176.0544281,177.1499939,178.4199982,174.8000031,176.6499939,57549400
2023-10-18,174.7525177,175.8399963,177.5800018,175.1100006,175.5800018,54764400
2023-10-19,174.3748779,175.4600067,177.8399963,175.1900024,176.0399933,59302900
2023-10-20,171.8108368,172.8800049,175.4199982,172.6399994,175.3099976,64189300
2023-10-23,171.9300995,173,174.0099945,169.9299927,170.9100037,55980100
2023-10-24,172.3673706,173.4400024,173.6699982,171.4499969,173.0500031,43816600
2023-10-25,170.0418549,171.1000061,173.0599976,170.6499939,171.8800049,57157000
2023-10-26,165.8578796,166.8899994,171.3800049,165.6699982,170.3699951,70625300
2023-10-27,167.1796417,168.2200012,168.9600067,166.8300018,166.9100037,58499100
2023-10-30,169.2368317,170.2899933,171.1699982,168.8699951,169.0200043,51131000
2023-10-31,169.7138824,170.7700043,170.8999939,167.8999939,169.3500061,44846000
2023-11-01,172.8940887,173.9700012,174.2299957,170.1199951,171,56934900
2023-11-02,176.471817,177.5700073,177.7799988,175.4600067,175.5200043,77334800
2023-11-03,175.5575104,176.6499939,176.8200073,173.3500061,174.2400055,79763700
2023-11-06,178.1215515,179.2299957,179.4299927,176.2100067,176.3800049,63841300
2023-11-07,180.6955566,181.8200073,182.4400024,178.9700012,179.1799927,70530000
2023-11-08,181.7589264,182.8899994,183.4499969,181.5899963,182.3500061,49340300
2023-11-09,181.2819214,182.4100037,184.1199951,181.8099976,182.9600067,53763500
2023-11-10,185.491272,186.3999939,186.5700073,183.5299988,183.9700012,66133400
2023-11-13,183.8990631,184.8000031,186.0299988,184.2100067,185.8200073,43627500
2023-11-14,186.5262146,187.4400024,188.1100006,186.3000031,187.6999969,60108400
2023-11-15,187.0934296,188.0099945,189.5,187.7799988,187.8500061,53790500
2023-11-16,188.785141,189.7100067,190.9600067,188.6499939,189.5700073,54412900
2023-11-17,188.7652435,189.6900024,190.3800049,188.5700073,190.25,50922700
2023-11-20,190.5166473,191.4499969,191.9100037,189.8800049,189.8899994,46505100
2023-11-21,189.7106018,190.6399994,191.5200043,189.7400055,191.4100037,38134500
2023-11-22,190.3773346,191.3099976,192.9299927,190.8300018,191.4900055,39617700
2023-11-24,189.0438843,189.9700012,190.8999939,189.25,190.8699951,24048300
2023-11-27,188.8647461,189.7899933,190.6699982,188.8999939,189.9199982,40552600
2023-11-28,189.4717712,190.3999939,191.0800018,189.3999939,189.7799988,38415400
2023-11-29,188.4468079,189.3699951,192.0899963,188.9700012,190.8999939,43014200
2023-11-30,189.0239716,189.9499969,190.3200073,188.1900024,189.8399963,48794400
2023-12-01,190.3076935,191.2400055,191.5599976,189.2299957,190.3300018,45679300
2023-12-04,188.5065002,189.4299927,190.0500031,187.4499969,189.9799957,43389500
2023-12-05,192.4770508,193.4199982,194.3999939,190.1799927,190.2100067,66628400
2023-12-06,191.3824158,192.3200073,194.7599945,192.1100006,194.4499969,41089700
2023-12-07,193.3229065,194.2700043,195,193.5899963,193.6300049,47477700
2023-12-08,194.7558899,195.7100067,195.9900055,193.6699982,194.1999969,53377300
2023-12-11,192.2382202,193.1799927,193.4900055,191.4199982,193.1100006,60943700
2023-12-12,193.760788,194.7100067,194.7200012,191.7200012,193.0800018,52696900
2023-12-13,196.9949341,197.9600067,198,194.8500061,195.0899963,70404200
2023-12-14,197.1441803,198.1100006,199.6199951,196.1600037,198.0200043,66831600
2023-12-15,196.6068268,197.5700073,198.3999939,197,197.5299988,128256700
2023-12-18,194.9350128,195.8899994,196.6300049,194.3899994,196.0899963,55751900
2023-12-19,195.9798889,196.9400024,196.9499969,195.8899994,196.1600037,40714100
2023-12-20,193.880188,194.8300018,197.6799927,194.8300018,196.8999939,52242800
2023-12-21,193.730896,194.6799927,197.0800018,193.5,196.1000061,46482500
2023-12-22,192.6561737,193.6000061,195.4100037,192.9700012,195.1799927,37122800
2023-12-26,192.1088562,193.0500031,193.8899994,192.8300018,193.6100006,28919300
2023-12-27,192.208374,193.1499939,193.5,191.0899963,192.4900055,48087700
2023-12-28,192.6362915,193.5800018,194.6600037,193.1699982,194.1399994,34049900
2023-12-29,191.5913696,192.5299988,194.3999939,191.7299957,193.8999939,42628800
2024-01-02,184.7349701,185.6399994,188.4400024,183.8899994,187.1499939,82488700
2024-01-03,183.3517456,184.25,185.8800049,183.4299927,184.2200012,58414500
2024-01-04,181.0231628,181.9100037,183.0899963,180.8800049,182.1499939,71983600
2024-01-05,180.2967072,181.1799927,182.7599945,180.1699982,181.9900055,62303300
2024-01-08,184.655365,185.5599976,185.6000061,181.5,182.0899963,59144500
2024-01-09,184.2374115,185.1399994,185.1499939,182.7299957,183.9199982,42841800
2024-01-10,185.2822876,186.1900024,186.3999939,183.9199982,184.3500061,46792900
2024-01-11,184.6852264,185.5899963,187.0500031,183.6199951,186.5399933,49128400
2024-01-12,185.0136108,185.9199982,186.7400055,185.1900024,186.0599976,40444700
2024-01-16,182.734787,183.6300049,184.2599945,180.9299927,182.1600037,65603000
2024-01-17,181.7893982,182.6799927,182.9299927,180.3000031,181.2700043,47317400
2024-01-18,187.7104034,188.6300049,189.1399994,185.8300018,186.0899963,78005800
2024-01-19,190.6261139,191.5599976,191.9499969,188.8200073,189.3300018,68741000
2024-01-22,192.9447632,193.8899994,195.3300018,192.2599945,192.3000031,60133900
2024-01-23,194.2284546,195.1799927,195.75,193.8300018,195.0200043,42355600
2024-01-24,193.5517883,194.5,196.3800049,194.3399963,195.4199982,53631300
2024-01-25,193.2233887,194.1699982,196.2700043,193.1100006,195.2200012,54822100
2024-01-26,191.4819031,192.4199982,194.7599945,191.9400024,194.2700043,44594000
2024-01-29,190.7952881,191.7299957,192.1999969,189.5800018,192.0099945,47145600
2024-01-30,187.1232605,188.0399933,191.8000031,187.4700012,190.9400024,55859400
2024-01-31,183.5010223,184.3999939,187.1000061,184.3500061,187.0399933,55467800
2024-02-01,185.9490356,186.8600006,186.9499969,183.8200073,183.9900055,64885400
2024-02-02,184.9439545,185.8500061,187.3300018,179.25,179.8600006,102518000
2024-02-05,186.7650146,187.6799927,189.25,185.8399963,188.1499939,69668800
2024-02-06,188.3771362,189.3000031,189.3099976,186.7700043,186.8600006,43490800
2024-02-07,188.4865875,189.4100037,191.0500031,188.6100006,190.6399994,53439000
2024-02-08,187.4019165,188.3200073,189.5399933,187.3500061,189.3899994,40962000
2024-02-09,188.1691437,188.8500061,189.9900055,188,188.6499939,45155200
2024-02-12,186.4752502,187.1499939,188.6699982,186.7899933,188.4199982,41781900
2024-02-13,184.3728638,185.0399933,186.2100067,183.5099945,185.7700043,56529500
2024-02-14,183.4860687,184.1499939,185.5299988,182.4400024,185.3200073,54630500
2024-02-15,183.1971283,183.8600006,184.4900055,181.3500061,183.5500031,65434500
2024-02-16,181.65271,182.3099976,184.8500061,181.6699982,183.4199982,49701400
2024-02-20,180.9054108,181.5599976,182.4299927,180,181.7899933,53665600
2024-02-21,181.6626892,182.3200073,182.8899994,180.6600037,181.9400024,41529700
2024-02-22,183.7052612,184.3699951,184.9600067,182.4600067,183.4799957,52292200
2024-02-23,181.8619537,182.5200043,185.0399933,182.2299957,185.0099945,45119700
2024-02-26,180.5068665,181.1600037,182.7599945,180.6499939,182.2400055,40867400
2024-02-27,181.9715729,182.6300049,183.9199982,179.5599976,181.1000061,54318900
2024-02-28,180.7659302,181.4199982,183.1199951,180.1300049,182.5099945,48953900
2024-02-29,180.0983429,180.75,182.5700073,179.5299988,181.2700043,136682600
2024-03-01,179.0122681,179.6600037,180.5299988,177.3800049,179.5500031,73488000
2024-03-04,174.4687042,175.1000061,176.8999939,173.7899933,176.1499939,81510100
2024-03-05,169.5066681,170.1199951,172.0399933,169.6199951,170.7599945,95132400
2024-03-06,168.5102539,169.1199951,171.2400055,168.6799927,171.0599976,68587700
2024-03-07,168.3907013,169,170.7299957,168.4900055,169.1499939,71765100
2024-03-08,170.1144714,170.7299957,173.6999969,168.9400024,169,76114600
2024-03-11,172.127182,172.75,174.3800049,172.0500031,172.9400024,60139500
2024-03-12,172.6054382,173.2299957,174.0299988,171.0099945,173.1499939,59825400
2024-03-13,170.513031,171.1300049,173.1900024,170.7599945,172.7700043,52488700
2024-03-14,172.3762665,173,174.3099976,172.0500031,172.9100037,72913500
2024-03-15,171.9976501,172.6199951,172.6199951,170.2899933,171.1699982,121664700
2024-03-18,173.093689,173.7200012,177.7100067,173.5200043,175.5700073,75604200
2024-03-19,175.4451904,176.0800018,176.6100006,173.0299988,174.3399963,55215200
2024-03-20,178.0258179,178.6699982,178.6699982,175.0899963,175.7200012,53423100
2024-03-21,170.7521515,171.3699951,177.4900055,170.8399963,177.0500031,106181300
2024-03-22,171.6588593,172.2799988,173.0500031,170.0599976,171.7599945,71106600
2024-03-25,170.2340393,170.8500061,171.9400024,169.4499969,170.5700073,54288300
2024-03-26,169.0981445,169.7100067,171.4199982,169.5800018,170,57388400
2024-03-27,172.6851501,173.3099976,173.6000061,170.1100006,170.4100037,60273300
2024-03-28,170.8617554,171.4799957,172.2299957,170.5099945,171.75,65672700
2024-04-01,169.4169922,170.0299988,171.25,169.4799957,171.1900024,46240500
2024-04-02,168.2312775,168.8399963,169.3399963,168.2299957,169.0800018,49329500
2024-04-03,169.0383453,169.6499939,170.6799927,168.5800018,168.7899933,47691700
2024-04-04,168.2113647,168.8200073,171.9199982,168.8200073,170.2899933,53704400
2024-04-05,168.9685974,169.5800018,170.3899994,168.9499969,169.5899963,42055200
2024-04-08,167.8426819,168.4499969,169.1999969,168.2400055,169.0299988,37425500
2024-04-09,169.0582733,169.6699982,170.0800018,168.3500061,168.6999969,42451200
2024-04-10,167.1750946,167.7799988,169.0899963,167.1100006,168.8000031,49709300
2024-04-11,174.4089203,175.0399933,175.4600067,168.1600037,168.3399963,91070300
2024-04-12,175.9134827,176.5500031,178.3600006,174.2100067,174.2599945,101593300
2024-04-15,172.0673981,172.6900024,176.6300049,172.5,175.3600006,73531800
2024-04-16,168.7693329,169.3800049,173.7599945,168.2700043,171.75,73711200
2024-04-17,167.3943024,168,170.6499939,168,169.6100006,50901200
2024-04-18,166.4377441,167.0399933,168.6399994,166.5500031,168.0299988,43122900
2024-04-19,164.4051208,165,166.3999939,164.0800018,166.2100067,67772100
2024-04-22,165.2420807,165.8399963,167.2599945,164.7700043,165.5200043,48116400
2024-04-23,166.2982635,166.8999939,167.0500031,164.9199982,165.3500061,49537800
2024-04-24,168.4106293,169.0200043,169.3000031,166.2100067,166.5399933,48251800
2024-04-25,169.2774963,169.8899994,170.6100006,168.1499939,169.5299988,50558300
2024-04-26,168.689621,169.3000031,171.3399963,169.1799927,169.8800049,44838400
2024-04-29,172.8744659,173.5,176.0299988,173.1000061,173.3699951,68169400
2024-04-30,169.7158966,170.3300018,174.9900055,170,173.3300018,65934800
2024-05-01,168.689621,169.3000031,172.7100067,169.1100006,169.5800018,50383100
2024-05-02,172.4061737,173.0299988,173.4199982,170.8899994,172.5099945,94214900
2024-05-03,182.7188568,183.3800049,187,182.6600037,186.6499939,163224100
2024-05-06,181.0548859,181.7100067,184.1999969,180.4199982,182.3500061,78569700
2024-05-07,181.7423859,182.3999939,184.8999939,181.3200073,183.4499969,77305800
2024-05-08,182.0811768,182.7400055,183.0700073,181.4499969,182.8500061,45057100
2024-05-09,183.9045715,184.5700073,184.6600037,182.1100006,182.5599976,48983000
2024-05-10,182.6374207,183.0500031,185.0899963,182.1300049,184.8999939,50759500
2024-05-13,185.8601532,186.2799988,187.1000061,184.6199951,185.4400024,72044800
2024-05-14,187.0075531,187.4299927,188.3000031,186.2899933,187.5099945,52393600
2024-05-15,189.2924042,189.7200012,190.6499939,187.3699951,187.9100037,70400000
2024-05-16,189.4121246,189.8399963,191.1000061,189.6600037,190.4700012,52845200
2024-05-17,189.4420624,189.8699951,190.8099976,189.1799927,189.5099945,41282900
2024-05-20,190.6094208,191.0399933,191.9199982,189.0099945,189.3300018,44361300
2024-05-21,191.9164734,192.3500061,192.7299957,190.9199982,191.0899963,42309400
2024-05-22,190.4697418,190.8999939,192.8200073,190.2700043,192.2700043,34648500
2024-05-23,186.4588013,186.8800049,191,186.6300049,190.9799957,51005900
2024-05-24,189.5518036,189.9799957,190.5800018,188.0399933,188.8200073,36294600
2024-05-28,189.5617981,189.9900055,193,189.1000061,191.5099945,52280100
2024-05-29,189.8611145,190.2899933,192.25,189.5099945,189.6100006,53068000
2024-05-30,190.8588562,191.2899933,192.1799927,190.6300049,190.7599945,49947900
2024-05-31,191.8166962,192.25,192.5700073,189.9100037,191.4400024,75158300
2024-06-03,193.5926666,194.0299988,194.9900055,192.5200043,192.8999939,50080500
2024-06-04,193.9119568,194.3500061,195.3200073,193.0299988,194.6399994,47471400
2024-06-05,195.4285278,195.8699951,196.8999939,194.8699951,195.3999939,54156800
2024-06-06,194.0416565,194.4799957,196.5,194.1699982,195.6900024,41181800
2024-06-07,196.4462433,196.8899994,196.9400024,194.1399994,194.6499939,53103900
2024-06-10,192.6847229,193.1199951,197.3000031,192.1499939,196.8999939,97262100
2024-06-11,206.6831055,207.1499939,207.1600037,193.6300049,193.6499939,172373300
2024-06-12,212.5897827,213.0700073,220.1999969,206.8999939,207.3699951,198134300
2024-06-13,213.7571411,214.2400055,216.75,211.6000061,214.7400055,97862700
2024-06-14,212.0110779,212.4900055,215.1699982,211.3000031,213.8500061,70122700
2024-06-17,216.1816559,216.6699982,218.9499969,212.7200012,213.3699951,93728300
2024-06-18,213.8070068,214.2899933,218.6300049,213,217.5899963,79943300
2024-06-20,209.2074127,209.6799927,214.2400055,208.8500061,213.9299927,86172500
2024-06-21,207.0223541,207.4900055,211.8899994,207.1100006,210.3899994,246421400
2024-06-24,207.6708679,208.1399994,212.6999969,206.5899963,207.7200012,80727000
2024-06-25,208.5987854,209.0700073,211.3800049,208.6100006,209.1499939,56713900
2024-06-26,212.7693634,213.25,214.8600006,210.6399994,211.5,66213200
2024-06-27,213.6174622,214.1000061,215.7400055,212.3500061,214.6900024,49772700
2024-06-28,210.1452789,210.6199951,216.0700073,210.3000031,215.7700043,82542700
2024-07-01,216.2614746,216.75,217.5099945,211.9199982,212.0899963,60402900
2024-07-02,219.7735443,220.2700043,220.3800049,215.1000061,216.1499939,58046200
2024-07-03,221.0506592,221.5500031,221.5500031,219.0299988,220,37369800
2024-07-05,225.8298492,226.3399963,226.4499969,221.6499939,221.6499939,60412400
2024-07-08,227.3065338,227.8200073,227.8500061,223.25,227.0899963,59085900
2024-07-09,228.1645813,228.6799927,229.3999939,226.3699951,227.9299927,48076100
2024-07-10,232.4548798,232.9799957,233.0800018,229.25,229.3000031,62627700
2024-07-11,227.0570984,227.5700073,232.3899994,225.7700043,231.3899994,64710600
2024-07-12,230.0203857,230.5399933,232.6399994,228.6799927,228.9199982,53046500
2024-07-15,233.8716888,234.3999939,237.2299957,233.0899963,236.4799957,62631300
2024-07-16,234.2907562,234.8200073,236.2700043,232.3300018,235,43234300
2024-07-17,228.3641357,228.8800049,231.4600067,226.6399994,229.4499969,57345900
2024-07-18,223.6747131,224.1799927,230.4400024,222.2700043,230.2799988,66034600
2024-07-19,223.8044281,224.3099976,226.8000031,223.2799988,224.8200073,49151500
2024-07-22,223.4552307,223.9600067,227.7799988,223.0899963,227.0099945,48201800
2024-07-23,224.5028534,225.0099945,226.9400024,222.6799927,224.3699951,39960300
2024-07-24,218.0474243,218.5399933,224.8000031,217.1300049,224,61777600
2024-07-25,216.9998169,217.4900055,220.8500061,214.6199951,218.9299927,51391200
2024-07-26,217.46875,217.9600067,219.4900055,216.0099945,218.6999969,41601300
2024-07-29,217.7481232,218.2400055,219.3000031,215.75,216.9600067,36311800
2024-07-30,218.3068542,218.8000031,220.3300018,216.1199951,219.1900024,41643800
2024-07-31,221.5794678,222.0800018,223.8200073,220.6300049,221.4400024,50036300
2024-08-01,217.8678436,218.3600006,224.4799957,217.0200043,224.3699951,62501000
2024-08-02,219.3644562,219.8600006,225.6000061,217.7100067,219.1499939,105568600
2024-08-05,208.7983398,209.2700043,213.5,196,199.0899963,119548600
2024-08-06,206.7629242,207.2299957,209.9900055,201.0700073,205.3000031,69660500
2024-08-07,209.3471069,209.8200073,213.6399994,206.3899994,206.8999939,63516400
2024-08-08,212.8292236,213.3099976,214.1999969,208.8300018,213.1100006,47161100
2024-08-09,215.7526398,216.2400055,216.7799988,211.9700012,212.1000061,42201600
2024-08-12,217.2909393,217.5299988,219.5099945,215.6000061,216.0700073,38028100
2024-08-13,221.026825,221.2700043,221.8899994,219.0099945,219.0099945,44155300
2024-08-14,221.4763336,221.7200012,223.0299988,219.6999969,220.5700073,41960600
2024-08-15,224.4730377,224.7200012,225.3500061,222.7599945,224.6000061,46414000
2024-08-16,225.8015747,226.0500031,226.8300018,223.6499939,223.9199982,44340200
2024-08-19,225.6417542,225.8899994,225.9900055,223.0399933,225.7200012,40687800
2024-08-20,226.2610626,226.5099945,227.1699982,225.4499969,225.7700043,30299000
2024-08-21,226.1511841,226.3999939,227.9799957,225.0500031,226.5200043,34765500
2024-08-22,224.2832489,224.5299988,228.3399963,223.8999939,227.7899933,43695300
2024-08-23,226.5906982,226.8399963,228.2200012,224.3300018,225.6600037,38677300
2024-08-26,226.9303284,227.1799927,227.2799988,223.8899994,226.7599945,30602200
2024-08-27,227.7793884,228.0299988,228.8500061,224.8899994,226,35934600
2024-08-28,226.2410889,226.4900055,229.8600006,225.6799927,227.9199982,38052200
2024-08-29,229.5374603,229.7899933,232.9199982,228.8800049,230.1000061,51906300
2024-08-30,228.7483368,229,230.3999939,227.4799957,230.1900024,52990800
2024-09-03,222.525177,222.7700043,229,221.1699982,228.5500031,50190600
2024-09-04,220.6072998,220.8500061,221.7799988,217.4799957,221.6600037,43840200
2024-09-05,222.1356049,222.3800049,225.4799957,221.5200043,221.6300049,36615400
2024-09-06,220.5773315,220.8200073,225.2400055,219.7700043,223.9499969,48423000
2024-09-09,220.6672211,220.9100037,221.2700043,216.7100067,220.8200073,67180000
2024-09-10,219.868103,220.1100006,221.4799957,216.7299957,218.9199982,51591000
2024-09-11,222.4152985,222.6600037,223.0899963,217.8899994,221.4600067,44587100
2024-09-12,222.525177,222.7700043,223.5500031,219.8200073,222.5,37498200
2024-09-13,222.2554779,222.5,224.0399933,221.9100037,223.5800018,36766600
2024-09-16,216.0822754,216.3200073,217.2200012,213.9199982,216.5399933,59357400
2024-09-17,216.5517426,216.7899933,216.8999939,214.5,215.75,45519300
2024-09-18,220.447464,220.6900024,222.7100067,217.5399933,217.5500031,59894900
2024-09-19,228.6184692,228.8699951,229.8200073,224.6300049,224.9900055,66781300
2024-09-20,227.9492035,228.1999969,233.0899963,227.6199951,229.9700012,318679900
2024-09-23,226.2211151,226.4700012,229.4499969,225.8099976,227.3399963,54146000
2024-09-24,227.1201172,227.3699951,229.3500061,225.7299957,228.6499939,43556100
2024-09-25,226.1212158,226.3699951,227.2899933,224.0200043,224.9299927,42308700
2024-09-26,227.2699585,227.5200043,228.5,225.4100037,227.3000031,36636700
2024-09-27,227.5396576,227.7899933,229.5200043,227.3000031,228.4600067,34026000
2024-09-30,232.7439423,233,233,229.6499939,230.0399933,54541900
2024-10-01,225.9614105,226.2100067,229.6499939,223.7400055,229.5200043,63285000
2024-10-02,226.530777,226.7799988,227.3699951,223.0200043,225.8899994,32880600
2024-10-03,225.4219818,225.6699982,226.8099976,223.3200073,225.1399994,34044200
2024-10-04,226.5507507,226.8000031,228,224.1300049,227.8999939,37245100
2024-10-07,221.4463654,221.6900024,225.6900024,221.3300018,224.5,39505400
2024-10-08,225.5218811,225.7700043,225.9799957,223.25,224.3000031,31855700
2024-10-09,229.287735,229.5399933,229.75,224.8300018,225.2299957,33591100
2024-10-10,228.7882843,229.0399933,229.5,227.1699982,227.7799988,28183500
2024-10-11,227.2999268,227.5500031,229.4100037,227.3399963,229.3000031,31759200
2024-10-14,231.0458069,231.3000031,231.7299957,228.6000061,228.6999969,39882100
2024-10-15,233.5930023,233.8500061,237.4900055,232.3699951,233.6100006,64751400
2024-10-16,231.5252686,231.7799988,232.1199951,229.8399963,231.6000061,34082200
2024-10-17,231.8948669,232.1499939,233.8500061,230.5200043,233.4299927,32993800
2024-10-18,234.7417297,235,236.1799927,234.0099945,236.1799927,46431500
2024-10-21,236.220108,236.4799957,236.8500061,234.4499969,234.4499969,36254500
2024-10-22,235.6007996,235.8600006,236.2200012,232.6000061,233.8899994,38846600
2024-10-23,230.5063934,230.7599945,235.1399994,227.7599945,234.0800018,52287000
2024-10-24,230.3166199,230.5700073,230.8200073,228.4100037,229.9799957,31109500
2024-10-25,231.1556854,231.4100037,233.2200012,229.5700073,229.7400055,38802300
2024-10-28,233.1434937,233.3999939,234.7299957,232.5500031,233.3200073,36087100
2024-10-29,233.4131927,233.6699982,234.3300018,232.3200073,233.1000061,35417200
2024-10-30,229.8471222,230.1000061,233.4700012,229.5500031,232.6100006,47070900
2024-10-31,225.6617279,225.9100037,229.8300018,225.3699951,229.3399963,64370100
2024-11-01,222.6650238,222.9100037,225.3500061,220.2700043,220.9700012,65276700
2024-11-04,221.7660065,222.0099945,222.7899933,219.7100067,220.9900055,44944500
2024-11-05,223.204422,223.4499969,223.9499969,221.1399994,221.8000031,28111300
2024-11-06,222.475235,222.7200012,226.0700073,221.1900024,222.6100006,54561100
2024-11-07,227.2299957,227.4799957,227.8800049,224.5700073,224.6300049,42137700
2024-11-08,226.9600067,226.9600067,228.6600037,226.4100037,227.1699982,38328800
2024-11-11,224.2299957,224.2299957,225.6999969,221.5,225,42005600
2024-11-12,224.2299957,224.2299957,225.5899963,223.3600006,224.5500031,40398300
2024-11-13,225.1199951,225.1199951,226.6499939,222.7599945,224.0099945,48566200
2024-11-14,228.2200012,228.2200012,228.8699951,225,225.0200043,44923900
2024-11-15,225,225,226.9199982,224.2700043,226.3999939,47923700
2024-11-18,228.0200043,228.0200043,229.7400055,225.1699982,225.25,44686000
2024-11-19,228.2799988,228.2799988,230.1600037,226.6600037,226.9799957,36211800
2024-11-20,229,229,229.9299927,225.8899994,228.0599976,35169600
2024-11-21,228.5200043,228.5200043,230.1600037,225.7100067,228.8800049,42108300
2024-11-22,229.8699951,229.8699951,230.7200012,228.0599976,228.0599976,38168300
2024-11-25,232.8699951,232.8699951,233.25,229.7400055,231.4600067,90152800
2024-11-26,235.0599976,235.0599976,235.5700073,233.3300018,233.3300018,45986200
2024-11-27,234.9299927,234.9299927,235.6900024,233.8099976,234.4700012,33498400
2024-11-29,237.3300018,237.3300018,237.8099976,233.9700012,234.8099976,28481400
2024-12-02,239.5899963,239.5899963,240.7899933,237.1600037,237.2700043,48137100
2024-12-03,242.6499939,242.6499939,242.7599945,238.8999939,239.8099976,38861000
2024-12-04,243.0099945,243.0099945,244.1100006,241.25,242.8699951,44383900
2024-12-05,243.0399933,243.0399933,244.5399933,242.1300049,243.9900055,40033900
2024-12-06,242.8399963,242.8399963,244.6300049,242.0800018,242.9100037,36870600
2024-12-09,246.75,246.75,247.2400055,241.75,241.8300018,44649200
2024-12-10,247.7700043,247.7700043,248.2100067,245.3399963,246.8899994,36914800
2024-12-11,246.4900055,246.4900055,250.8000031,246.2599945,247.9600067,45205800
2024-12-12,247.9600067,247.9600067,248.7400055,245.6799927,246.8899994,32777500
2024-12-13,248.1300049,248.1300049,249.2899933,246.2400055,247.8200073,33155300
2024-12-16,251.0399933,251.0399933,251.3800049,247.6499939,247.9900055,51694800
2024-12-17,253.4799957,253.4799957,253.8300018,249.7799988,250.0800018,51356400
2024-12-18,248.0500031,248.0500031,254.2799988,247.7400055,252.1600037,56774100
2024-12-19,249.7899933,249.7899933,252,247.0899963,247.5,60882300
2024-12-20,254.4900055,254.4900055,255,245.6900024,248.0399933,147495300
2024-12-23,255.2700043,255.2700043,255.6499939,253.4499969,254.7700043,40858800
2024-12-24,258.2000122,258.2000122,258.2099915,255.2899933,255.4900055,23234700
2024-12-26,259.019989,259.019989,260.1000061,257.6300049,258.1900024,27237100
2024-12-27,255.5899963,255.5899963,258.7000122,253.0599976,257.8299866,42355300
2024-12-30,252.1999969,252.1999969,253.5,250.75,252.2299957,35557500
2024-12-31,250.4199982,250.4199982,253.2799988,249.4299927,252.4400024,39480700
2025-01-02,243.8500061,243.8500061,249.1000061,241.8200073,248.9299927,55558000
2025-01-03,243.8600006,243.8600006,244.1799927,241.8899994,243.3699951,15135053
